Date,Routine ID,Exercise ID,Exercise Name,Sets Completed,Reps,Weight (kg),Notes
1970-01-01,imported_hevy,28_nov_2025,_06:05,"28 Nov 2025, 06:05",50,"0;1;2;3;0;1;2;3;4;0;1;2;3;0;1;2;0;1;2;0;1;2;3;0;1;2;0;1;2;3;4;5;0;1;2;3;4;5;6;7;0;1;2;0;1;2;3;0;1;2","0;0;0;0;0;0;0;0;0;0;0;0;0;0;0;0;0;0;0;0;0;0;0;0;0;0;0;0;0;0;0;0;0;0;0;0;0;0;0;0;0;0;0;0;0;0;0;0;0;0","Imported from Hevy"
1970-01-01,imported_hevy,25_nov_2025,_06:05,"25 Nov 2025, 06:05",47,"0;1;2;3;4;0;1;2;3;4;5;0;1;2;3;4;0;1;2;0;1;2;0;1;2;0;1;2;0;1;2;3;4;5;6;7;0;1;2;0;1;2;0;1;0;1;2","0;0;0;0;0;0;0;0;0;0;0;0;0;0;0;0;0;0;0;0;0;0;0;0;0;0;0;0;0;0;0;0;0;0;0;0;0;0;0;0;0;0;0;0;0;0;0","Imported from Hevy"
1970-01-01,imported_hevy,21_nov_2025,_06:04,"21 Nov 2025, 06:04",52,"0;1;2;3;4;0;1;2;3;4;0;1;2;3;0;1;2;0;1;2;3;0;1;2;0;1;2;3;4;5;0;1;2;3;4;5;0;1;2;0;1;2;3;4;5;0;1;2;0;0;1;2","0;0;0;0;0;0;0;0;0;0;0;0;0;0;0;0;0;0;0;0;0;0;0;0;0;0;0;0;0;0;0;0;0;0;0;0;0;0;0;0;0;0;0;0;0;0;0;0;0;0;0;0","Imported from Hevy"
1970-01-01,imported_hevy,27_nov_2025,_06:05,"27 Nov 2025, 06:05",39,"0;1;2;3;0;1;2;3;4;0;1;2;0;1;2;0;1;2;3;0;1;2;3;0;1;2;0;1;2;3;0;1;2;3;4;5;0;1;2","0;0;0;0;0;0;0;0;0;0;0;0;0;0;0;0;0;0;0;0;0;0;0;0;0;0;0;0;0;0;0;0;0;0;0;0;0;0;0","Imported from Hevy"
1970-01-01,imported_hevy,24_nov_2025,_06:08,"24 Nov 2025, 06:08",40,"0;1;2;3;4;0;1;2;3;0;1;2;3;0;1;2;3;0;1;2;0;1;2;3;4;5;6;0;1;2;0;1;2;3;4;5;6;7;8;9","0;0;0;0;0;0;0;0;0;0;0;0;0;0;0;0;0;0;0;0;0;0;0;0;0;0;0;0;0;0;0;0;0;0;0;0;0;0;0;0","Imported from Hevy"
1970-01-01,imported_hevy,26_nov_2025,_06:10,"26 Nov 2025, 06:10",27,"0;1;2;3;4;0;1;2;3;0;1;2;0;1;2;0;1;2;3;0;1;2;3;0;1;2;3","0;0;0;0;0;0;0;0;0;0;0;0;0;0;0;0;0;0;0;0;0;0;0;0;0;0;0","Imported from Hevy"
1970-01-01,imported_hevy,19_nov_2025,_06:05,"19 Nov 2025, 06:05",33,"0;1;2;3;4;5;0;1;2;0;1;2;0;1;2;3;0;1;2;3;0;1;2;0;1;2;0;1;2;0;1;2;3","0;0;0;0;0;0;0;0;0;0;0;0;0;0;0;0;0;0;0;0;0;0;0;0;0;0;0;0;0;0;0;0;0","Imported from Hevy"
1970-01-01,imported_hevy,12_nov_2025,_06:07,"12 Nov 2025, 06:07",39,"0;1;2;3;4;5;6;7;8;0;1;2;3;0;1;2;0;1;2;3;0;1;2;3;0;1;2;3;0;1;2;3;0;1;2;0;1;2;3","0;0;0;0;0;0;0;0;0;0;0;0;0;0;0;0;0;0;0;0;0;0;0;0;0;0;0;0;0;0;0;0;0;0;0;0;0;0;0","Imported from Hevy"
1970-01-01,imported_hevy,5_nov_2025,_06:10,"5 Nov 2025, 06:10",39,"0;1;2;3;4;5;6;7;0;1;2;3;4;0;1;2;0;1;2;3;4;0;1;2;3;0;1;2;3;0;1;2;3;4;5;0;1;2;3","0;0;0;0;0;0;0;0;0;0;0;0;0;0;0;0;0;0;0;0;0;0;0;0;0;0;0;0;0;0;0;0;0;0;0;0;0;0;0","Imported from Hevy"
1970-01-01,imported_hevy,29_oct_2025,_06:07,"29 Oct 2025, 06:07",44,"0;1;2;3;4;5;0;1;2;3;0;1;2;0;1;2;3;0;1;2;3;4;5;0;1;2;3;0;1;2;3;4;5;0;1;2;3;4;0;1;2;3;4;0","0;0;0;0;0;0;0;0;0;0;0;0;0;0;0;0;0;0;0;0;0;0;0;0;0;0;0;0;0;0;0;0;0;0;0;0;0;0;0;0;0;0;0;0","Imported from Hevy"
1970-01-01,imported_hevy,22_oct_2025,_06:11,"22 Oct 2025, 06:11",26,"0;1;0;1;2;3;4;5;6;0;1;2;0;1;2;3;0;1;2;3;0;1;2;0;1;2","0;0;0;0;0;0;0;0;0;0;0;0;0;0;0;0;0;0;0;0;0;0;0;0;0;0","Imported from Hevy"
1970-01-01,imported_hevy,15_oct_2025,_05:58,"15 Oct 2025, 05:58",32,"0;0;1;2;3;4;5;6;0;1;2;0;1;2;0;1;2;3;0;1;2;3;0;1;2;0;1;0;1;2;3;4","0;0;0;0;0;0;0;0;0;0;0;0;0;0;0;0;0;0;0;0;0;0;0;0;0;0;0;0;0;0;0;0","Imported from Hevy"
1970-01-01,imported_hevy,8_oct_2025,_05:59,"8 Oct 2025, 05:59",36,"0;1;2;3;0;1;2;3;4;5;0;1;2;0;1;2;3;0;1;2;0;1;2;3;0;1;2;0;1;2;0;1;2;0;1;2","0;0;0;0;0;0;0;0;0;0;0;0;0;0;0;0;0;0;0;0;0;0;0;0;0;0;0;0;0;0;0;0;0;0;0;0","Imported from Hevy"
1970-01-01,imported_hevy,1_oct_2025,_06:05,"1 Oct 2025, 06:05",24,"0;1;2;3;0;1;2;3;0;1;2;0;1;2;3;4;5;6;0;1;0;1;2;3","0;0;0;0;0;0;0;0;0;0;0;0;0;0;0;0;0;0;0;0;0;0;0;0","Imported from Hevy"
1970-01-01,imported_hevy,24_sep_2025,_06:06,"24 Sep 2025, 06:06",30,"0;1;2;0;1;2;3;0;1;0;1;2;3;0;1;2;3;4;0;1;2;0;1;2;0;1;0;1;2;3","0;0;0;0;0;0;0;0;0;0;0;0;0;0;0;0;0;0;0;0;0;0;0;0;0;0;0;0;0;0","Imported from Hevy"
1970-01-01,imported_hevy,17_sep_2025,_06:07,"17 Sep 2025, 06:07",34,"0;1;2;3;0;1;2;3;0;1;2;0;1;0;1;2;3;4;5;6;0;1;2;3;0;1;2;0;1;2;0;1;2;3","0;0;0;0;0;0;0;0;0;0;0;0;0;0;0;0;0;0;0;0;0;0;0;0;0;0;0;0;0;0;0;0;0;0","Imported from Hevy"
1970-01-01,imported_hevy,10_sep_2025,_06:08,"10 Sep 2025, 06:08",33,"0;1;2;3;0;1;2;0;1;2;0;1;2;0;1;2;3;4;5;0;1;2;3;0;1;2;0;1;2;0;1;2;3","0;0;0;0;0;0;0;0;0;0;0;0;0;0;0;0;0;0;0;0;0;0;0;0;0;0;0;0;0;0;0;0;0","Imported from Hevy"
1970-01-01,imported_hevy,3_sep_2025,_05:58,"3 Sep 2025, 05:58",37,"0;1;2;3;0;1;2;0;1;2;0;1;2;0;1;2;3;4;5;0;1;2;3;0;1;2;3;0;1;2;0;1;2;0;1;2;3","0;0;0;0;0;0;0;0;0;0;0;0;0;0;0;0;0;0;0;0;0;0;0;0;0;0;0;0;0;0;0;0;0;0;0;0;0","Imported from Hevy"
1970-01-01,imported_hevy,27_aug_2025,_06:03,"27 Aug 2025, 06:03",35,"0;1;2;3;0;1;2;0;1;2;0;1;2;0;1;2;3;0;1;2;3;0;1;2;3;0;1;2;3;0;1;2;0;1;2","0;0;0;0;0;0;0;0;0;0;0;0;0;0;0;0;0;0;0;0;0;0;0;0;0;0;0;0;0;0;0;0;0;0;0","Imported from Hevy"
1970-01-01,imported_hevy,20_aug_2025,_06:06,"20 Aug 2025, 06:06",42,"0;1;2;3;0;1;2;0;1;2;0;1;2;0;1;2;3;4;0;1;2;3;4;0;1;2;3;0;1;2;0;1;2;3;4;5;0;1;2;0;1;2","0;0;0;0;0;0;0;0;0;0;0;0;0;0;0;0;0;0;0;0;0;0;0;0;0;0;0;0;0;0;0;0;0;0;0;0;0;0;0;0;0;0","Imported from Hevy"
1970-01-01,imported_hevy,13_aug_2025,_06:07,"13 Aug 2025, 06:07",41,"0;1;2;3;0;1;2;0;1;2;0;1;2;3;0;1;2;0;1;2;3;4;0;1;2;3;0;1;2;3;0;1;2;3;0;1;2;3;0;1;2","0;0;0;0;0;0;0;0;0;0;0;0;0;0;0;0;0;0;0;0;0;0;0;0;0;0;0;0;0;0;0;0;0;0;0;0;0;0;0;0;0","Imported from Hevy"
1970-01-01,imported_hevy,6_aug_2025,_06:07,"6 Aug 2025, 06:07",55,"0;1;2;3;0;1;2;3;4;0;1;2;0;1;2;0;1;2;3;4;5;0;1;2;3;4;0;1;2;3;4;5;6;7;8;9;10;11;0;1;2;3;4;5;0;1;2;3;0;1;2;3;0;1;2","0;0;0;0;0;0;0;0;0;0;0;0;0;0;0;0;0;0;0;0;0;0;0;0;0;0;0;0;0;0;0;0;0;0;0;0;0;0;0;0;0;0;0;0;0;0;0;0;0;0;0;0;0;0;0","Imported from Hevy"
1970-01-01,imported_hevy,30_jul_2025,_06:04,"30 Jul 2025, 06:04",40,"0;1;2;3;0;1;2;0;1;2;3;0;1;2;0;1;2;3;0;1;2;3;4;5;6;7;8;9;0;1;2;0;1;2;0;1;2;3;4;0","0;0;0;0;0;0;0;0;0;0;0;0;0;0;0;0;0;0;0;0;0;0;0;0;0;0;0;0;0;0;0;0;0;0;0;0;0;0;0;0","Imported from Hevy"
1970-01-01,imported_hevy,23_jul_2025,_08:27,"23 Jul 2025, 08:27",44,"0;1;2;3;0;1;2;0;1;2;3;4;5;0;1;2;3;0;1;2;3;4;5;0;1;2;3;4;5;6;7;0;1;2;3;0;1;2;3;0;1;2;3;0","0;0;0;0;0;0;0;0;0;0;0;0;0;0;0;0;0;0;0;0;0;0;0;0;0;0;0;0;0;0;0;0;0;0;0;0;0;0;0;0;0;0;0;0","Imported from Hevy"
1970-01-01,imported_hevy,19_jul_2025,_08:14,"19 Jul 2025, 08:14",42,"0;1;2;3;0;1;2;3;0;1;2;0;1;2;3;0;1;2;3;4;5;0;1;2;0;1;2;3;0;1;2;0;1;2;3;4;0;1;2;0;1;2","0;0;0;0;0;0;0;0;0;0;0;0;0;0;0;0;0;0;0;0;0;0;0;0;0;0;0;0;0;0;0;0;0;0;0;0;0;0;0;0;0;0","Imported from Hevy"
1970-01-01,imported_hevy,9_jul_2025,_04:37,"9 Jul 2025, 04:37",57,"0;1;2;3;0;1;2;3;0;1;2;3;4;0;1;2;3;4;5;6;7;8;0;1;2;3;0;1;2;3;0;1;2;3;0;1;2;3;0;1;2;0;1;2;3;4;5;6;7;0;1;2;3;0;1;2;3","0;0;0;0;0;0;0;0;0;0;0;0;0;0;0;0;0;0;0;0;0;0;0;0;0;0;0;0;0;0;0;0;0;0;0;0;0;0;0;0;0;0;0;0;0;0;0;0;0;0;0;0;0;0;0;0;0","Imported from Hevy"
1970-01-01,imported_hevy,2_jul_2025,_02:36,"2 Jul 2025, 02:36",47,"0;1;2;3;0;1;2;3;0;1;2;3;0;1;2;3;4;5;6;7;0;1;2;3;4;5;0;1;2;3;0;1;2;3;0;1;2;3;0;1;2;3;4;0;1;2;3","0;0;0;0;0;0;0;0;0;0;0;0;0;0;0;0;0;0;0;0;0;0;0;0;0;0;0;0;0;0;0;0;0;0;0;0;0;0;0;0;0;0;0;0;0;0;0","Imported from Hevy"
1970-01-01,imported_hevy,25_jun_2025,_02:14,"25 Jun 2025, 02:14",58,"0;1;2;3;0;1;2;3;0;1;2;3;0;1;2;3;4;5;6;7;0;1;2;3;4;0;1;2;3;0;1;2;3;0;1;2;3;0;1;2;3;4;5;6;7;8;0;1;2;3;0;1;2;3;4;0;1;2","0;0;0;0;0;0;0;0;0;0;0;0;0;0;0;0;0;0;0;0;0;0;0;0;0;0;0;0;0;0;0;0;0;0;0;0;0;0;0;0;0;0;0;0;0;0;0;0;0;0;0;0;0;0;0;0;0;0","Imported from Hevy"
1970-01-01,imported_hevy,18_jun_2025,_02:55,"18 Jun 2025, 02:55",66,"0;1;2;3;0;1;2;3;0;1;2;3;0;1;2;3;4;5;6;7;8;9;10;11;0;1;2;3;0;1;2;3;0;1;2;3;0;1;2;3;0;1;2;3;4;5;6;7;0;1;2;0;1;2;3;4;0;1;2;3;4;5;0;1;2;3","0;0;0;0;0;0;0;0;0;0;0;0;0;0;0;0;0;0;0;0;0;0;0;0;0;0;0;0;0;0;0;0;0;0;0;0;0;0;0;0;0;0;0;0;0;0;0;0;0;0;0;0;0;0;0;0;0;0;0;0;0;0;0;0;0;0","Imported from Hevy"
1970-01-01,imported_hevy,11_jun_2025,_01:28,"11 Jun 2025, 01:28",55,"0;1;2;3;4;5;6;7;8;9;10;0;1;2;3;4;0;1;2;3;0;1;2;3;0;1;2;0;1;2;0;1;2;3;0;1;2;0;1;2;3;4;5;6;7;8;0;1;2;3;4;0;1;2;3","0;0;0;0;0;0;0;0;0;0;0;0;0;0;0;0;0;0;0;0;0;0;0;0;0;0;0;0;0;0;0;0;0;0;0;0;0;0;0;0;0;0;0;0;0;0;0;0;0;0;0;0;0;0;0","Imported from Hevy"
1970-01-01,imported_hevy,4_jun_2025,_06:00,"4 Jun 2025, 06:00",66,"0;1;2;3;4;5;6;7;8;0;1;2;3;4;0;1;2;0;1;2;3;0;1;2;0;1;2;0;1;2;3;4;5;0;1;2;3;4;5;6;7;0;1;2;3;4;5;6;0;1;2;3;0;1;2;3;4;5;0;1;2;3;4;5;6;7","0;0;0;0;0;0;0;0;0;0;0;0;0;0;0;0;0;0;0;0;0;0;0;0;0;0;0;0;0;0;0;0;0;0;0;0;0;0;0;0;0;0;0;0;0;0;0;0;0;0;0;0;0;0;0;0;0;0;0;0;0;0;0;0;0;0","Imported from Hevy"
1970-01-01,imported_hevy,24_may_2025,_08:57,"24 May 2025, 08:57",32,"0;1;2;3;4;5;6;0;1;2;3;0;1;2;0;1;2;3;0;1;2;0;1;2;0;1;2;0;1;2;3;4","0;0;0;0;0;0;0;0;0;0;0;0;0;0;0;0;0;0;0;0;0;0;0;0;0;0;0;0;0;0;0;0","Imported from Hevy"
1970-01-01,imported_hevy,14_may_2025,_01:54,"14 May 2025, 01:54",54,"0;1;2;3;4;5;6;7;0;1;2;3;0;1;2;0;1;2;3;0;1;2;0;1;2;0;1;2;0;1;2;0;1;2;3;4;5;6;7;0;1;2;0;1;2;3;4;5;6;7;8;9;10;11","0;0;0;0;0;0;0;0;0;0;0;0;0;0;0;0;0;0;0;0;0;0;0;0;0;0;0;0;0;0;0;0;0;0;0;0;0;0;0;0;0;0;0;0;0;0;0;0;0;0;0;0;0;0","Imported from Hevy"
1970-01-01,imported_hevy,7_may_2025,_02:24,"7 May 2025, 02:24",46,"0;1;2;3;4;5;6;7;8;0;1;2;3;0;1;2;0;1;2;0;1;2;3;4;5;6;7;8;0;1;2;0;1;2;0;1;0;1;0;1;2;3;0;1;2;3","0;0;0;0;0;0;0;0;0;0;0;0;0;0;0;0;0;0;0;0;0;0;0;0;0;0;0;0;0;0;0;0;0;0;0;0;0;0;0;0;0;0;0;0;0;0","Imported from Hevy"
1970-01-01,imported_hevy,30_apr_2025,_02:44,"30 Apr 2025, 02:44",50,"0;1;2;3;4;5;6;7;0;1;2;3;4;0;1;2;3;0;1;2;3;0;1;2;0;1;2;0;1;2;3;0;1;2;0;1;2;3;4;5;6;7;8;9;10;11;0;1;2;3","0;0;0;0;0;0;0;0;0;0;0;0;0;0;0;0;0;0;0;0;0;0;0;0;0;0;0;0;0;0;0;0;0;0;0;0;0;0;0;0;0;0;0;0;0;0;0;0;0;0","Imported from Hevy"
1970-01-01,imported_hevy,23_apr_2025,_01:58,"23 Apr 2025, 01:58",60,"0;1;2;3;4;5;6;7;8;0;1;2;3;4;0;1;2;3;0;1;2;0;1;2;3;0;1;2;3;0;1;2;0;1;2;0;1;2;3;4;5;0;1;2;3;0;1;2;3;4;0;1;2;3;4;5;0;1;2;3","0;0;0;0;0;0;0;0;0;0;0;0;0;0;0;0;0;0;0;0;0;0;0;0;0;0;0;0;0;0;0;0;0;0;0;0;0;0;0;0;0;0;0;0;0;0;0;0;0;0;0;0;0;0;0;0;0;0;0;0","Imported from Hevy"
1970-01-01,imported_hevy,16_apr_2025,_02:30,"16 Apr 2025, 02:30",68,"0;1;2;3;4;5;6;7;8;9;10;11;0;1;2;3;0;1;2;3;0;1;2;3;0;1;2;3;4;5;6;7;8;0;1;2;3;0;1;2;0;1;2;0;1;2;3;4;5;0;1;2;3;0;1;2;0;1;2;3;4;5;6;7;0;1;2;3","0;0;0;0;0;0;0;0;0;0;0;0;0;0;0;0;0;0;0;0;0;0;0;0;0;0;0;0;0;0;0;0;0;0;0;0;0;0;0;0;0;0;0;0;0;0;0;0;0;0;0;0;0;0;0;0;0;0;0;0;0;0;0;0;0;0;0;0","Imported from Hevy"
1970-01-01,imported_hevy,22_nov_2025,_08:08,"22 Nov 2025, 08:08",28,"0;1;2;3;4;5;6;7;0;1;2;0;1;2;3;0;1;2;3;0;1;2;0;1;2;0;1;2","0;0;0;0;0;0;0;0;0;0;0;0;0;0;0;0;0;0;0;0;0;0;0;0;0;0;0;0","Imported from Hevy"
1970-01-01,imported_hevy,15_nov_2025,_08:08,"15 Nov 2025, 08:08",11,"0;1;2;3;4;5;6;7;0;1;2","0;0;0;0;0;0;0;0;0;0;0","Imported from Hevy"
1970-01-01,imported_hevy,8_nov_2025,_08:03,"8 Nov 2025, 08:03",34,"0;1;2;3;4;5;6;7;8;0;1;2;0;1;2;3;0;1;2;3;0;1;2;3;0;1;2;3;0;1;2;0;1;2","0;0;0;0;0;0;0;0;0;0;0;0;0;0;0;0;0;0;0;0;0;0;0;0;0;0;0;0;0;0;0;0;0;0","Imported from Hevy"
1970-01-01,imported_hevy,2_nov_2025,_08:06,"2 Nov 2025, 08:06",24,"0;1;2;3;0;1;2;3;0;1;2;3;0;1;2;3;0;1;2;3;0;1;2;3","0;0;0;0;0;0;0;0;0;0;0;0;0;0;0;0;0;0;0;0;0;0;0;0","Imported from Hevy"
1970-01-01,imported_hevy,1_nov_2025,_08:12,"1 Nov 2025, 08:12",16,"0;1;2;3;4;5;0;1;2;0;1;2;3;0;1;2","0;0;0;0;0;0;0;0;0;0;0;0;0;0;0;0","Imported from Hevy"
1970-01-01,imported_hevy,25_oct_2025,_08:07,"25 Oct 2025, 08:07",31,"0;1;2;3;4;5;6;0;1;2;0;1;2;3;0;1;2;3;0;1;2;3;0;1;2;0;1;0;1;2;3","0;0;0;0;0;0;0;0;0;0;0;0;0;0;0;0;0;0;0;0;0;0;0;0;0;0;0;0;0;0;0","Imported from Hevy"
1970-01-01,imported_hevy,18_oct_2025,_08:12,"18 Oct 2025, 08:12",30,"0;1;2;0;1;2;3;4;5;6;0;1;2;3;0;1;2;0;1;2;3;0;1;2;0;1;2;0;1;2","0;0;0;0;0;0;0;0;0;0;0;0;0;0;0;0;0;0;0;0;0;0;0;0;0;0;0;0;0;0","Imported from Hevy"
1970-01-01,imported_hevy,11_oct_2025,_08:09,"11 Oct 2025, 08:09",31,"0;1;0;1;2;3;4;5;6;7;0;1;2;0;1;2;0;1;2;3;4;0;1;2;3;0;1;2;0;1;2","0;0;0;0;0;0;0;0;0;0;0;0;0;0;0;0;0;0;0;0;0;0;0;0;0;0;0;0;0;0;0","Imported from Hevy"
1970-01-01,imported_hevy,4_oct_2025,_08:07,"4 Oct 2025, 08:07",38,"0;1;0;1;2;3;4;5;6;0;1;2;0;1;2;0;1;2;0;1;2;3;4;0;1;2;3;4;0;1;2;0;1;2;0;1;2;3","0;0;0;0;0;0;0;0;0;0;0;0;0;0;0;0;0;0;0;0;0;0;0;0;0;0;0;0;0;0;0;0;0;0;0;0;0;0","Imported from Hevy"
1970-01-01,imported_hevy,27_sep_2025,_08:16,"27 Sep 2025, 08:16",37,"0;1;2;0;1;2;3;4;5;6;0;1;2;0;1;2;0;1;2;3;4;5;6;0;1;2;3;0;1;2;3;0;1;2;0;1;0","0;0;0;0;0;0;0;0;0;0;0;0;0;0;0;0;0;0;0;0;0;0;0;0;0;0;0;0;0;0;0;0;0;0;0;0;0","Imported from Hevy"
1970-01-01,imported_hevy,13_sep_2025,_08:14,"13 Sep 2025, 08:14",38,"0;1;2;0;1;2;3;0;1;2;0;1;2;0;1;2;3;4;5;6;7;0;1;2;3;0;1;2;3;0;1;2;0;1;0;1;2;3","0;0;0;0;0;0;0;0;0;0;0;0;0;0;0;0;0;0;0;0;0;0;0;0;0;0;0;0;0;0;0;0;0;0;0;0;0;0","Imported from Hevy"
1970-01-01,imported_hevy,6_sep_2025,_08:13,"6 Sep 2025, 08:13",31,"0;1;2;0;1;2;0;1;2;0;1;2;3;0;1;2;3;4;0;1;2;3;0;1;2;0;1;2;0;1;2","0;0;0;0;0;0;0;0;0;0;0;0;0;0;0;0;0;0;0;0;0;0;0;0;0;0;0;0;0;0;0","Imported from Hevy"
1970-01-01,imported_hevy,30_aug_2025,_08:06,"30 Aug 2025, 08:06",36,"0;1;2;3;0;1;2;0;1;2;0;1;2;0;1;2;3;4;0;1;2;3;0;1;2;0;1;2;0;1;2;3;0;1;2;0","0;0;0;0;0;0;0;0;0;0;0;0;0;0;0;0;0;0;0;0;0;0;0;0;0;0;0;0;0;0;0;0;0;0;0;0","Imported from Hevy"
1970-01-01,imported_hevy,23_aug_2025,_08:05,"23 Aug 2025, 08:05",43,"0;1;2;3;0;1;2;3;0;1;2;0;1;2;0;1;2;3;4;5;6;0;1;2;3;0;1;2;0;1;2;0;1;2;3;0;1;2;3;0;1;2;0","0;0;0;0;0;0;0;0;0;0;0;0;0;0;0;0;0;0;0;0;0;0;0;0;0;0;0;0;0;0;0;0;0;0;0;0;0;0;0;0;0;0;0","Imported from Hevy"
1970-01-01,imported_hevy,16_aug_2025,_08:06,"16 Aug 2025, 08:06",53,"0;1;2;3;0;1;2;3;0;1;2;0;1;2;3;0;1;2;3;4;5;6;0;1;2;3;4;5;0;1;2;0;1;2;3;0;1;2;3;0;1;2;3;0;1;2;3;4;0;0;1;2;3","0;0;0;0;0;0;0;0;0;0;0;0;0;0;0;0;0;0;0;0;0;0;0;0;0;0;0;0;0;0;0;0;0;0;0;0;0;0;0;0;0;0;0;0;0;0;0;0;0;0;0;0;0","Imported from Hevy"
1970-01-01,imported_hevy,9_aug_2025,_08:07,"9 Aug 2025, 08:07",45,"0;1;2;3;4;0;1;2;3;4;5;0;1;2;3;0;1;2;0;1;2;3;0;1;2;3;4;5;0;1;2;3;0;1;2;0;1;2;0;1;2;0;1;2;3","0;0;0;0;0;0;0;0;0;0;0;0;0;0;0;0;0;0;0;0;0;0;0;0;0;0;0;0;0;0;0;0;0;0;0;0;0;0;0;0;0;0;0;0;0","Imported from Hevy"
1970-01-01,imported_hevy,2_aug_2025,_08:05,"2 Aug 2025, 08:05",52,"0;1;2;3;4;0;1;2;3;4;0;1;2;0;1;2;0;1;2;3;4;0;1;2;3;4;5;0;1;2;3;0;1;2;3;0;1;2;3;4;0;1;2;3;0;1;2;3;0;1;0;0","0;0;0;0;0;0;0;0;0;0;0;0;0;0;0;0;0;0;0;0;0;0;0;0;0;0;0;0;0;0;0;0;0;0;0;0;0;0;0;0;0;0;0;0;0;0;0;0;0;0;0;0","Imported from Hevy"
1970-01-01,imported_hevy,26_jul_2025,_08:07,"26 Jul 2025, 08:07",45,"0;1;2;3;0;1;2;3;4;0;1;2;3;0;1;2;0;1;2;3;4;0;1;2;3;4;0;1;2;3;0;1;2;3;0;1;2;0;1;2;0;1;2;3;0","0;0;0;0;0;0;0;0;0;0;0;0;0;0;0;0;0;0;0;0;0;0;0;0;0;0;0;0;0;0;0;0;0;0;0;0;0;0;0;0;0;0;0;0;0","Imported from Hevy"
1970-01-01,imported_hevy,12_jul_2025,_04:26,"12 Jul 2025, 04:26",54,"0;1;2;3;4;0;1;2;3;4;0;1;2;3;0;1;2;3;0;1;2;3;0;1;2;0;1;2;3;0;1;2;3;0;1;2;3;0;1;2;3;4;5;6;7;0;1;2;3;0;1;2;3;4","0;0;0;0;0;0;0;0;0;0;0;0;0;0;0;0;0;0;0;0;0;0;0;0;0;0;0;0;0;0;0;0;0;0;0;0;0;0;0;0;0;0;0;0;0;0;0;0;0;0;0;0;0;0","Imported from Hevy"
1970-01-01,imported_hevy,5_jul_2025,_04:32,"5 Jul 2025, 04:32",59,"0;1;2;3;0;1;2;0;1;2;3;0;1;2;0;1;2;3;0;1;2;3;0;1;2;3;0;1;2;3;0;1;2;3;0;1;2;3;0;1;2;3;4;5;6;7;8;0;1;2;0;1;2;3;4;5;0;1;2","0;0;0;0;0;0;0;0;0;0;0;0;0;0;0;0;0;0;0;0;0;0;0;0;0;0;0;0;0;0;0;0;0;0;0;0;0;0;0;0;0;0;0;0;0;0;0;0;0;0;0;0;0;0;0;0;0;0;0","Imported from Hevy"
1970-01-01,imported_hevy,28_jun_2025,_02:38,"28 Jun 2025, 02:38",60,"0;1;2;3;0;1;2;3;0;1;2;3;0;1;2;3;4;5;6;7;0;1;2;3;4;0;1;2;3;0;1;2;3;0;1;2;3;0;1;2;3;0;1;2;3;4;5;6;7;8;0;1;2;0;0;1;2;3;4;5","0;0;0;0;0;0;0;0;0;0;0;0;0;0;0;0;0;0;0;0;0;0;0;0;0;0;0;0;0;0;0;0;0;0;0;0;0;0;0;0;0;0;0;0;0;0;0;0;0;0;0;0;0;0;0;0;0;0;0;0","Imported from Hevy"
1970-01-01,imported_hevy,14_jun_2025,_02:16,"14 Jun 2025, 02:16",74,"0;1;2;3;0;1;2;3;4;5;0;1;2;3;0;1;2;3;4;0;1;2;3;0;1;2;3;0;1;2;3;0;1;2;3;0;1;2;3;0;1;2;3;4;5;6;7;8;0;1;2;3;4;5;6;0;1;2;3;0;1;2;3;4;5;6;0;1;2;3;4;5;6;7","0;0;0;0;0;0;0;0;0;0;0;0;0;0;0;0;0;0;0;0;0;0;0;0;0;0;0;0;0;0;0;0;0;0;0;0;0;0;0;0;0;0;0;0;0;0;0;0;0;0;0;0;0;0;0;0;0;0;0;0;0;0;0;0;0;0;0;0;0;0;0;0;0;0","Imported from Hevy"
1970-01-01,imported_hevy,7_jun_2025,_02:07,"7 Jun 2025, 02:07",63,"0;1;2;3;4;5;6;7;0;1;2;3;4;5;0;1;2;3;0;1;2;3;4;0;1;2;3;0;1;2;3;0;1;2;3;4;5;0;1;2;0;1;2;3;4;0;1;2;3;4;5;6;7;8;9;0;1;2;3;0;1;2;3","0;0;0;0;0;0;0;0;0;0;0;0;0;0;0;0;0;0;0;0;0;0;0;0;0;0;0;0;0;0;0;0;0;0;0;0;0;0;0;0;0;0;0;0;0;0;0;0;0;0;0;0;0;0;0;0;0;0;0;0;0;0;0","Imported from Hevy"
1970-01-01,imported_hevy,31_may_2025,_03:08,"31 May 2025, 03:08",53,"0;1;2;3;4;5;6;0;1;2;3;4;0;1;2;3;0;1;2;3;4;0;1;2;0;1;2;0;1;2;0;1;2;0;1;2;3;4;5;6;7;8;9;10;11;0;1;2;0;1;2;3;4","0;0;0;0;0;0;0;0;0;0;0;0;0;0;0;0;0;0;0;0;0;0;0;0;0;0;0;0;0;0;0;0;0;0;0;0;0;0;0;0;0;0;0;0;0;0;0;0;0;0;0;0;0","Imported from Hevy"
1970-01-01,imported_hevy,17_may_2025,_02:09,"17 May 2025, 02:09",47,"0;1;2;3;4;5;6;7;8;0;1;2;3;0;1;2;3;0;1;2;3;0;1;2;0;1;2;0;1;2;0;1;2;3;4;0;1;2;3;4;5;6;7;0;1;2;3","0;0;0;0;0;0;0;0;0;0;0;0;0;0;0;0;0;0;0;0;0;0;0;0;0;0;0;0;0;0;0;0;0;0;0;0;0;0;0;0;0;0;0;0;0;0;0","Imported from Hevy"
1970-01-01,imported_hevy,10_may_2025,_03:23,"10 May 2025, 03:23",62,"0;1;2;3;4;5;6;0;1;2;3;0;1;2;3;0;1;2;3;0;1;2;0;1;2;0;1;2;3;4;5;0;1;2;0;1;2;3;4;5;0;1;2;3;4;5;6;7;8;0;1;2;3;0;1;2;0;1;2;3;4;5","0;0;0;0;0;0;0;0;0;0;0;0;0;0;0;0;0;0;0;0;0;0;0;0;0;0;0;0;0;0;0;0;0;0;0;0;0;0;0;0;0;0;0;0;0;0;0;0;0;0;0;0;0;0;0;0;0;0;0;0;0;0","Imported from Hevy"
1970-01-01,imported_hevy,26_apr_2025,_02:07,"26 Apr 2025, 02:07",59,"0;1;2;3;4;5;6;7;8;9;10;11;0;1;2;3;0;1;2;3;0;1;2;3;0;1;2;3;0;1;2;3;4;5;6;7;8;0;1;2;0;1;2;0;1;2;0;1;2;3;0;1;2;3;4;5;0;1;2","0;0;0;0;0;0;0;0;0;0;0;0;0;0;0;0;0;0;0;0;0;0;0;0;0;0;0;0;0;0;0;0;0;0;0;0;0;0;0;0;0;0;0;0;0;0;0;0;0;0;0;0;0;0;0;0;0;0;0","Imported from Hevy"
1970-01-01,imported_hevy,12_apr_2025,_02:10,"12 Apr 2025, 02:10",82,"0;1;2;3;4;5;6;7;0;1;2;3;0;1;2;3;0;1;2;3;0;1;2;3;4;5;6;7;8;9;10;0;1;2;3;0;1;2;0;1;2;0;1;2;0;1;2;3;0;1;2;3;0;1;2;0;1;2;3;4;5;0;1;2;0;1;2;3;4;5;0;1;2;3;0;1;2;3;0;1;2;3","0;0;0;0;0;0;0;0;0;0;0;0;0;0;0;0;0;0;0;0;0;0;0;0;0;0;0;0;0;0;0;0;0;0;0;0;0;0;0;0;0;0;0;0;0;0;0;0;0;0;0;0;0;0;0;0;0;0;0;0;0;0;0;0;0;0;0;0;0;0;0;0;0;0;0;0;0;0;0;0;0;0","Imported from Hevy"
1970-01-01,imported_hevy,20_nov_2025,_06:06,"20 Nov 2025, 06:06",31,"0;1;2;3;4;0;1;2;0;1;2;0;1;2;0;1;2;0;1;2;3;4;5;6;0;1;2;0;1;2;3","0;0;0;0;0;0;0;0;0;0;0;0;0;0;0;0;0;0;0;0;0;0;0;0;0;0;0;0;0;0;0","Imported from Hevy"
1970-01-01,imported_hevy,17_nov_2025,_06:08,"17 Nov 2025, 06:08",28,"0;1;2;3;4;0;1;2;0;1;2;0;1;2;3;4;5;0;1;2;0;1;2;0;0;1;2;3","0;0;0;0;0;0;0;0;0;0;0;0;0;0;0;0;0;0;0;0;0;0;0;0;0;0;0;0","Imported from Hevy"
1970-01-01,imported_hevy,13_nov_2025,_06:04,"13 Nov 2025, 06:04",39,"0;1;2;3;0;1;2;3;0;1;2;3;0;1;2;3;0;1;2;3;0;1;2;3;0;1;2;3;0;1;2;3;4;5;6;7;0;1;2","0;0;0;0;0;0;0;0;0;0;0;0;0;0;0;0;0;0;0;0;0;0;0;0;0;0;0;0;0;0;0;0;0;0;0;0;0;0;0","Imported from Hevy"
1970-01-01,imported_hevy,10_nov_2025,_06:05,"10 Nov 2025, 06:05",40,"0;1;2;3;4;0;1;2;3;0;1;2;3;0;1;2;3;4;0;1;2;3;0;1;2;3;0;1;2;3;0;1;2;3;4;5;0;1;2;3","0;0;0;0;0;0;0;0;0;0;0;0;0;0;0;0;0;0;0;0;0;0;0;0;0;0;0;0;0;0;0;0;0;0;0;0;0;0;0;0","Imported from Hevy"
1970-01-01,imported_hevy,6_nov_2025,_06:06,"6 Nov 2025, 06:06",41,"0;1;2;3;0;1;2;3;0;1;2;3;0;1;2;3;4;0;1;2;3;0;1;2;3;0;1;2;3;0;1;2;3;4;5;6;7;0;1;2;3","0;0;0;0;0;0;0;0;0;0;0;0;0;0;0;0;0;0;0;0;0;0;0;0;0;0;0;0;0;0;0;0;0;0;0;0;0;0;0;0;0","Imported from Hevy"
1970-01-01,imported_hevy,3_nov_2025,_06:07,"3 Nov 2025, 06:07",42,"0;1;2;3;4;5;0;1;2;0;1;2;3;0;1;2;3;4;0;1;2;3;0;1;2;3;0;1;2;3;0;1;2;3;4;5;6;7;0;1;2;3","0;0;0;0;0;0;0;0;0;0;0;0;0;0;0;0;0;0;0;0;0;0;0;0;0;0;0;0;0;0;0;0;0;0;0;0;0;0;0;0;0;0","Imported from Hevy"
1970-01-01,imported_hevy,30_oct_2025,_06:05,"30 Oct 2025, 06:05",44,"0;1;2;3;0;1;2;0;1;2;3;0;1;2;3;0;1;2;3;0;1;2;3;0;1;2;3;0;1;2;3;4;5;6;7;8;9;0;1;2;3;0;1;2","0;0;0;0;0;0;0;0;0;0;0;0;0;0;0;0;0;0;0;0;0;0;0;0;0;0;0;0;0;0;0;0;0;0;0;0;0;0;0;0;0;0;0;0","Imported from Hevy"
1970-01-01,imported_hevy,27_oct_2025,_06:03,"27 Oct 2025, 06:03",37,"0;1;2;3;0;1;2;0;1;2;3;0;1;2;3;0;1;2;3;0;1;2;3;0;1;2;3;0;1;2;3;4;5;6;7;8;9","0;0;0;0;0;0;0;0;0;0;0;0;0;0;0;0;0;0;0;0;0;0;0;0;0;0;0;0;0;0;0;0;0;0;0;0;0","Imported from Hevy"
1970-01-01,imported_hevy,23_oct_2025,_06:04,"23 Oct 2025, 06:04",46,"0;1;2;3;4;0;1;2;0;1;2;3;0;1;2;3;0;1;2;3;0;1;2;3;0;1;2;3;0;1;2;3;4;5;6;7;0;1;2;3;0;1;2;0;1;2","0;0;0;0;0;0;0;0;0;0;0;0;0;0;0;0;0;0;0;0;0;0;0;0;0;0;0;0;0;0;0;0;0;0;0;0;0;0;0;0;0;0;0;0;0;0","Imported from Hevy"
1970-01-01,imported_hevy,20_oct_2025,_06:04,"20 Oct 2025, 06:04",40,"0;1;2;3;4;0;1;2;0;1;2;3;0;1;2;3;0;1;2;3;0;1;2;3;0;1;2;3;0;1;2;3;4;5;6;7;0;1;2;3","0;0;0;0;0;0;0;0;0;0;0;0;0;0;0;0;0;0;0;0;0;0;0;0;0;0;0;0;0;0;0;0;0;0;0;0;0;0;0;0","Imported from Hevy"
1970-01-01,imported_hevy,16_oct_2025,_06:06,"16 Oct 2025, 06:06",39,"0;1;2;3;4;5;0;1;2;0;1;2;3;0;1;2;3;0;1;2;3;4;0;1;2;3;0;1;2;0;1;2;3;4;5;6;7;0;1","0;0;0;0;0;0;0;0;0;0;0;0;0;0;0;0;0;0;0;0;0;0;0;0;0;0;0;0;0;0;0;0;0;0;0;0;0;0;0","Imported from Hevy"
1970-01-01,imported_hevy,13_oct_2025,_06:03,"13 Oct 2025, 06:03",53,"0;1;2;3;0;1;2;0;1;2;3;0;1;2;3;0;1;2;3;0;1;2;3;0;1;2;3;0;1;2;3;4;5;6;7;0;1;2;3;0;1;2;3;0;1;2;0;1;2;0;1;2;3","0;0;0;0;0;0;0;0;0;0;0;0;0;0;0;0;0;0;0;0;0;0;0;0;0;0;0;0;0;0;0;0;0;0;0;0;0;0;0;0;0;0;0;0;0;0;0;0;0;0;0;0;0","Imported from Hevy"
1970-01-01,imported_hevy,9_oct_2025,_06:07,"9 Oct 2025, 06:07",36,"0;1;2;3;4;0;1;2;0;1;2;3;0;1;2;3;0;1;2;3;0;1;2;3;0;1;2;3;0;1;2;3;4;5;6;7","0;0;0;0;0;0;0;0;0;0;0;0;0;0;0;0;0;0;0;0;0;0;0;0;0;0;0;0;0;0;0;0;0;0;0;0","Imported from Hevy"
1970-01-01,imported_hevy,6_oct_2025,_06:04,"6 Oct 2025, 06:04",46,"0;1;2;3;4;0;1;2;0;1;2;3;0;1;2;3;0;1;2;3;0;1;2;3;0;1;2;3;0;1;2;3;4;5;6;7;0;1;2;0;1;2;3;0;1;2","0;0;0;0;0;0;0;0;0;0;0;0;0;0;0;0;0;0;0;0;0;0;0;0;0;0;0;0;0;0;0;0;0;0;0;0;0;0;0;0;0;0;0;0;0;0","Imported from Hevy"
1970-01-01,imported_hevy,2_oct_2025,_05:58,"2 Oct 2025, 05:58",43,"0;1;2;3;4;0;1;2;0;1;2;3;0;1;2;3;0;1;2;3;0;1;2;3;0;1;2;3;0;1;2;3;4;5;0;1;2;0;1;2;3;4;5","0;0;0;0;0;0;0;0;0;0;0;0;0;0;0;0;0;0;0;0;0;0;0;0;0;0;0;0;0;0;0;0;0;0;0;0;0;0;0;0;0;0;0","Imported from Hevy"
1970-01-01,imported_hevy,29_sep_2025,_06:06,"29 Sep 2025, 06:06",48,"0;1;2;3;4;0;1;2;3;0;1;2;3;0;1;2;3;0;1;2;3;4;0;1;2;3;0;1;2;3;0;1;2;3;4;5;6;7;8;9;0;1;2;3;0;0;1;2","0;0;0;0;0;0;0;0;0;0;0;0;0;0;0;0;0;0;0;0;0;0;0;0;0;0;0;0;0;0;0;0;0;0;0;0;0;0;0;0;0;0;0;0;0;0;0;0","Imported from Hevy"
1970-01-01,imported_hevy,25_sep_2025,_06:05,"25 Sep 2025, 06:05",51,"0;1;2;0;1;2;0;1;2;3;0;1;2;3;0;1;2;3;0;1;2;3;0;1;2;3;0;1;2;3;4;5;6;7;0;1;2;3;0;1;2;3;0;1;2;3;0;1;2;3;0","0;0;0;0;0;0;0;0;0;0;0;0;0;0;0;0;0;0;0;0;0;0;0;0;0;0;0;0;0;0;0;0;0;0;0;0;0;0;0;0;0;0;0;0;0;0;0;0;0;0;0","Imported from Hevy"
1970-01-01,imported_hevy,22_sep_2025,_06:06,"22 Sep 2025, 06:06",39,"0;1;2;3;0;1;2;0;1;2;3;0;1;2;3;0;1;2;3;0;1;2;3;0;1;2;3;0;1;2;3;4;5;6;7;0;1;2;0","0;0;0;0;0;0;0;0;0;0;0;0;0;0;0;0;0;0;0;0;0;0;0;0;0;0;0;0;0;0;0;0;0;0;0;0;0;0;0","Imported from Hevy"
1970-01-01,imported_hevy,20_sep_2025,_08:07,"20 Sep 2025, 08:07",43,"0;1;2;3;0;1;2;0;1;2;3;0;1;2;3;0;1;2;3;4;5;6;7;8;9;0;1;2;3;0;1;2;3;4;0;1;2;3;4;0;1;2;3","0;0;0;0;0;0;0;0;0;0;0;0;0;0;0;0;0;0;0;0;0;0;0;0;0;0;0;0;0;0;0;0;0;0;0;0;0;0;0;0;0;0;0","Imported from Hevy"
1970-01-01,imported_hevy,15_sep_2025,_06:07,"15 Sep 2025, 06:07",42,"0;1;2;3;0;1;2;3;0;1;2;3;0;1;2;3;0;1;2;3;4;5;6;7;8;9;0;1;2;3;4;5;0;1;2;3;4;0;1;2;3;4","0;0;0;0;0;0;0;0;0;0;0;0;0;0;0;0;0;0;0;0;0;0;0;0;0;0;0;0;0;0;0;0;0;0;0;0;0;0;0;0;0;0","Imported from Hevy"
1970-01-01,imported_hevy,11_sep_2025,_06:11,"11 Sep 2025, 06:11",37,"0;1;2;3;4;0;1;2;3;0;1;2;3;0;1;2;3;0;1;2;3;4;5;6;7;0;1;2;3;0;1;2;3;0;1;2;3","0;0;0;0;0;0;0;0;0;0;0;0;0;0;0;0;0;0;0;0;0;0;0;0;0;0;0;0;0;0;0;0;0;0;0;0;0","Imported from Hevy"
1970-01-01,imported_hevy,8_sep_2025,_06:07,"8 Sep 2025, 06:07",39,"0;1;2;3;0;1;2;3;0;1;2;3;0;1;2;3;0;1;2;3;4;5;6;7;0;1;2;3;0;1;2;3;0;1;2;3;0;1;2","0;0;0;0;0;0;0;0;0;0;0;0;0;0;0;0;0;0;0;0;0;0;0;0;0;0;0;0;0;0;0;0;0;0;0;0;0;0;0","Imported from Hevy"
1970-01-01,imported_hevy,4_sep_2025,_06:10,"4 Sep 2025, 06:10",30,"0;1;2;3;0;1;2;3;0;1;2;3;0;1;2;0;1;2;3;0;1;2;3;0;1;2;3;0;1;2","0;0;0;0;0;0;0;0;0;0;0;0;0;0;0;0;0;0;0;0;0;0;0;0;0;0;0;0;0;0","Imported from Hevy"
1970-01-01,imported_hevy,1_sep_2025,_06:07,"1 Sep 2025, 06:07",44,"0;1;2;3;0;1;2;3;0;1;2;0;1;2;3;0;1;2;3;4;5;6;7;0;1;2;3;0;1;2;3;0;1;2;3;4;5;0;1;2;0;1;2;3","0;0;0;0;0;0;0;0;0;0;0;0;0;0;0;0;0;0;0;0;0;0;0;0;0;0;0;0;0;0;0;0;0;0;0;0;0;0;0;0;0;0;0;0","Imported from Hevy"
1970-01-01,imported_hevy,28_aug_2025,_06:10,"28 Aug 2025, 06:10",58,"0;1;2;3;4;0;1;2;3;0;1;2;3;4;5;0;1;2;3;4;0;1;2;3;0;1;2;3;4;5;6;7;8;9;0;1;2;3;0;1;2;3;4;0;1;2;3;4;5;6;0;1;2;3;0;1;2;0","0;0;0;0;0;0;0;0;0;0;0;0;0;0;0;0;0;0;0;0;0;0;0;0;0;0;0;0;0;0;0;0;0;0;0;0;0;0;0;0;0;0;0;0;0;0;0;0;0;0;0;0;0;0;0;0;0;0","Imported from Hevy"
1970-01-01,imported_hevy,25_aug_2025,_06:08,"25 Aug 2025, 06:08",49,"0;1;2;3;4;0;1;2;3;0;1;2;3;0;1;2;3;0;1;2;0;1;2;3;0;1;2;3;0;1;2;3;4;0;1;2;3;4;5;6;7;0;1;0;1;2;3;0;1","0;0;0;0;0;0;0;0;0;0;0;0;0;0;0;0;0;0;0;0;0;0;0;0;0;0;0;0;0;0;0;0;0;0;0;0;0;0;0;0;0;0;0;0;0;0;0;0;0","Imported from Hevy"
1970-01-01,imported_hevy,21_aug_2025,_06:08,"21 Aug 2025, 06:08",55,"0;1;2;3;4;0;1;2;3;0;1;2;3;0;1;2;0;1;2;3;0;1;2;3;4;5;6;7;8;9;0;1;2;3;0;1;2;3;4;0;1;2;3;0;1;2;3;4;0;1;2;3;0;1;2","0;0;0;0;0;0;0;0;0;0;0;0;0;0;0;0;0;0;0;0;0;0;0;0;0;0;0;0;0;0;0;0;0;0;0;0;0;0;0;0;0;0;0;0;0;0;0;0;0;0;0;0;0;0;0","Imported from Hevy"
1970-01-01,imported_hevy,18_aug_2025,_06:08,"18 Aug 2025, 06:08",45,"0;1;2;3;4;0;1;2;3;0;1;2;3;0;1;2;3;0;1;2;3;0;1;2;3;4;5;6;7;8;9;0;1;2;3;0;1;2;3;4;0;1;2;3;4","0;0;0;0;0;0;0;0;0;0;0;0;0;0;0;0;0;0;0;0;0;0;0;0;0;0;0;0;0;0;0;0;0;0;0;0;0;0;0;0;0;0;0;0;0","Imported from Hevy"
1970-01-01,imported_hevy,14_aug_2025,_05:50,"14 Aug 2025, 05:50",45,"0;1;2;3;4;5;0;1;2;3;0;1;2;3;0;1;2;3;0;1;2;3;0;1;2;3;4;5;6;7;0;1;2;3;4;0;1;2;3;4;0;1;2;3;0","0;0;0;0;0;0;0;0;0;0;0;0;0;0;0;0;0;0;0;0;0;0;0;0;0;0;0;0;0;0;0;0;0;0;0;0;0;0;0;0;0;0;0;0;0","Imported from Hevy"
1970-01-01,imported_hevy,11_aug_2025,_06:09,"11 Aug 2025, 06:09",40,"0;1;2;3;4;0;1;2;0;1;2;3;4;5;6;0;1;2;3;0;1;2;3;0;1;2;3;4;5;0;1;2;3;0;1;2;3;0;1;2","0;0;0;0;0;0;0;0;0;0;0;0;0;0;0;0;0;0;0;0;0;0;0;0;0;0;0;0;0;0;0;0;0;0;0;0;0;0;0;0","Imported from Hevy"
1970-01-01,imported_hevy,7_aug_2025,_06:06,"7 Aug 2025, 06:06",73,"0;1;2;3;4;0;1;2;0;1;2;3;0;1;2;3;4;5;0;1;2;0;1;2;3;0;1;2;3;0;1;2;3;0;1;2;3;4;5;6;7;8;9;10;0;1;2;3;4;0;1;2;3;4;5;0;1;2;3;0;1;2;3;4;0;1;2;3;0;1;2;3;0","0;0;0;0;0;0;0;0;0;0;0;0;0;0;0;0;0;0;0;0;0;0;0;0;0;0;0;0;0;0;0;0;0;0;0;0;0;0;0;0;0;0;0;0;0;0;0;0;0;0;0;0;0;0;0;0;0;0;0;0;0;0;0;0;0;0;0;0;0;0;0;0;0","Imported from Hevy"
1970-01-01,imported_hevy,4_aug_2025,_06:07,"4 Aug 2025, 06:07",67,"0;1;2;3;4;0;1;2;0;1;2;3;0;1;2;3;4;5;0;1;2;0;1;2;3;0;1;2;3;0;1;2;3;4;5;6;7;0;1;2;3;4;0;1;2;3;4;5;0;1;2;3;0;1;2;3;4;0;1;2;3;0;1;2;0;1;2","0;0;0;0;0;0;0;0;0;0;0;0;0;0;0;0;0;0;0;0;0;0;0;0;0;0;0;0;0;0;0;0;0;0;0;0;0;0;0;0;0;0;0;0;0;0;0;0;0;0;0;0;0;0;0;0;0;0;0;0;0;0;0;0;0;0;0","Imported from Hevy"
1970-01-01,imported_hevy,31_jul_2025,_06:11,"31 Jul 2025, 06:11",73,"0;1;2;3;4;5;0;1;2;3;0;1;2;3;0;1;2;3;0;1;2;0;1;2;3;0;1;2;3;0;1;2;3;4;5;6;7;8;9;10;11;12;13;14;0;1;2;3;4;0;1;2;3;4;0;1;2;3;0;1;2;3;4;0;0;1;2;3;0;1;2;0;0","0;0;0;0;0;0;0;0;0;0;0;0;0;0;0;0;0;0;0;0;0;0;0;0;0;0;0;0;0;0;0;0;0;0;0;0;0;0;0;0;0;0;0;0;0;0;0;0;0;0;0;0;0;0;0;0;0;0;0;0;0;0;0;0;0;0;0;0;0;0;0;0;0","Imported from Hevy"
1970-01-01,imported_hevy,28_jul_2025,_08:10,"28 Jul 2025, 08:10",66,"0;1;2;3;4;0;1;2;3;0;1;2;0;1;2;0;1;2;3;0;1;2;3;0;1;2;3;4;5;6;7;8;9;0;1;2;3;0;1;2;3;4;0;1;2;3;0;1;2;3;4;5;6;0;1;2;3;0;1;2;3;0;1;2;3;0","0;0;0;0;0;0;0;0;0;0;0;0;0;0;0;0;0;0;0;0;0;0;0;0;0;0;0;0;0;0;0;0;0;0;0;0;0;0;0;0;0;0;0;0;0;0;0;0;0;0;0;0;0;0;0;0;0;0;0;0;0;0;0;0;0;0","Imported from Hevy"
1970-01-01,imported_hevy,24_jul_2025,_08:02,"24 Jul 2025, 08:02",88,"0;1;2;3;4;5;0;1;2;3;4;0;1;2;3;0;1;2;3;4;5;0;1;2;0;1;2;3;0;1;2;3;0;1;2;3;4;0;1;2;3;4;5;6;7;8;9;10;11;0;1;2;0;1;2;3;0;1;2;3;4;5;6;7;8;9;10;11;0;1;2;0;1;2;3;0;1;2;3;4;5;6;0;1;2;3;0;0","0;0;0;0;0;0;0;0;0;0;0;0;0;0;0;0;0;0;0;0;0;0;0;0;0;0;0;0;0;0;0;0;0;0;0;0;0;0;0;0;0;0;0;0;0;0;0;0;0;0;0;0;0;0;0;0;0;0;0;0;0;0;0;0;0;0;0;0;0;0;0;0;0;0;0;0;0;0;0;0;0;0;0;0;0;0;0;0","Imported from Hevy"
1970-01-01,imported_hevy,21_jul_2025,_08:17,"21 Jul 2025, 08:17",63,"0;1;2;3;4;5;0;1;2;3;4;5;6;0;1;2;3;0;1;2;0;1;2;3;0;1;2;3;4;0;1;2;3;0;1;2;3;4;0;1;2;3;0;1;2;3;0;1;2;0;1;2;3;0;1;2;0;0;1;2;3;4;0","0;0;0;0;0;0;0;0;0;0;0;0;0;0;0;0;0;0;0;0;0;0;0;0;0;0;0;0;0;0;0;0;0;0;0;0;0;0;0;0;0;0;0;0;0;0;0;0;0;0;0;0;0;0;0;0;0;0;0;0;0;0;0","Imported from Hevy"
1970-01-01,imported_hevy,17_jul_2025,_07:02,"17 Jul 2025, 07:02",58,"0;1;2;3;4;0;1;2;3;0;1;2;3;0;1;2;3;0;1;2;0;1;2;3;0;1;2;3;4;0;1;2;3;0;1;2;3;4;5;6;7;8;9;0;1;2;3;0;1;2;3;4;5;0;1;2;3;4","0;0;0;0;0;0;0;0;0;0;0;0;0;0;0;0;0;0;0;0;0;0;0;0;0;0;0;0;0;0;0;0;0;0;0;0;0;0;0;0;0;0;0;0;0;0;0;0;0;0;0;0;0;0;0;0;0;0","Imported from Hevy"
1970-01-01,imported_hevy,14_jul_2025,_07:02,"14 Jul 2025, 07:02",78,"0;1;2;3;4;5;0;1;2;3;0;0;1;2;3;0;1;2;3;0;1;2;0;1;2;3;0;1;2;3;4;5;6;7;8;9;10;11;0;1;2;3;4;0;1;2;3;4;0;1;2;3;4;0;1;2;3;0;1;2;3;4;5;0;1;2;3;0;1;2;3;0;1;2;3;0;1;2","0;0;0;0;0;0;0;0;0;0;0;0;0;0;0;0;0;0;0;0;0;0;0;0;0;0;0;0;0;0;0;0;0;0;0;0;0;0;0;0;0;0;0;0;0;0;0;0;0;0;0;0;0;0;0;0;0;0;0;0;0;0;0;0;0;0;0;0;0;0;0;0;0;0;0;0;0;0","Imported from Hevy"
1970-01-01,imported_hevy,10_jul_2025,_05:18,"10 Jul 2025, 05:18",73,"0;1;2;3;4;0;1;2;3;0;1;2;3;0;1;2;0;1;2;3;0;1;2;3;4;0;1;2;3;4;5;6;0;1;2;3;4;0;1;2;3;4;0;1;2;3;4;0;1;2;3;0;1;2;3;4;5;0;1;2;3;0;1;2;3;0;1;2;0;1;2;3;4","0;0;0;0;0;0;0;0;0;0;0;0;0;0;0;0;0;0;0;0;0;0;0;0;0;0;0;0;0;0;0;0;0;0;0;0;0;0;0;0;0;0;0;0;0;0;0;0;0;0;0;0;0;0;0;0;0;0;0;0;0;0;0;0;0;0;0;0;0;0;0;0;0","Imported from Hevy"
1970-01-01,imported_hevy,7_jul_2025,_06:50,"7 Jul 2025, 06:50",63,"0;1;2;3;4;5;0;1;2;3;0;1;2;0;1;2;0;1;2;3;0;1;2;3;0;1;2;3;4;5;6;7;8;9;10;11;0;1;2;3;4;5;0;1;2;3;0;1;2;3;4;0;1;2;0;1;2;3;0;1;2;3;0","0;0;0;0;0;0;0;0;0;0;0;0;0;0;0;0;0;0;0;0;0;0;0;0;0;0;0;0;0;0;0;0;0;0;0;0;0;0;0;0;0;0;0;0;0;0;0;0;0;0;0;0;0;0;0;0;0;0;0;0;0;0;0","Imported from Hevy"
1970-01-01,imported_hevy,3_jul_2025,_06:51,"3 Jul 2025, 06:51",45,"0;1;2;3;4;5;0;1;2;0;1;2;0;1;2;0;1;2;3;4;5;6;7;0;1;2;0;1;2;3;0;1;2;0;1;2;3;0;1;2;3;0;1;2;3","0;0;0;0;0;0;0;0;0;0;0;0;0;0;0;0;0;0;0;0;0;0;0;0;0;0;0;0;0;0;0;0;0;0;0;0;0;0;0;0;0;0;0;0;0","Imported from Hevy"
1970-01-01,imported_hevy,30_jun_2025,_07:02,"30 Jun 2025, 07:02",73,"0;1;2;3;4;0;1;2;3;0;1;2;3;0;1;2;3;0;1;2;3;0;1;2;3;0;1;2;3;4;0;1;2;3;0;1;2;3;4;0;1;2;3;0;1;2;3;0;1;2;3;4;5;6;7;8;9;10;11;12;13;14;15;16;17;0;1;2;3;4;0;1;2","0;0;0;0;0;0;0;0;0;0;0;0;0;0;0;0;0;0;0;0;0;0;0;0;0;0;0;0;0;0;0;0;0;0;0;0;0;0;0;0;0;0;0;0;0;0;0;0;0;0;0;0;0;0;0;0;0;0;0;0;0;0;0;0;0;0;0;0;0;0;0;0;0","Imported from Hevy"
1970-01-01,imported_hevy,26_jun_2025,_02:15,"26 Jun 2025, 02:15",86,"0;1;2;3;4;5;0;1;2;3;4;5;6;0;1;2;3;0;1;2;3;0;1;2;3;0;1;2;3;0;1;2;3;0;1;2;3;4;0;1;2;3;4;0;1;2;3;4;0;1;2;3;0;1;2;3;0;1;2;3;0;1;2;3;4;5;6;7;8;9;10;11;12;13;0;1;2;3;4;0;1;2;0;1;2;3","0;0;0;0;0;0;0;0;0;0;0;0;0;0;0;0;0;0;0;0;0;0;0;0;0;0;0;0;0;0;0;0;0;0;0;0;0;0;0;0;0;0;0;0;0;0;0;0;0;0;0;0;0;0;0;0;0;0;0;0;0;0;0;0;0;0;0;0;0;0;0;0;0;0;0;0;0;0;0;0;0;0;0;0;0;0","Imported from Hevy"
1970-01-01,imported_hevy,23_jun_2025,_07:03,"23 Jun 2025, 07:03",69,"0;1;2;3;4;0;1;2;3;0;1;2;3;0;1;2;3;0;1;2;3;0;1;2;3;0;1;2;3;4;0;1;2;3;4;0;1;2;3;4;0;1;2;3;0;1;2;3;4;5;6;7;8;9;10;11;12;13;0;1;2;3;0;1;2;3;0;1;2","0;0;0;0;0;0;0;0;0;0;0;0;0;0;0;0;0;0;0;0;0;0;0;0;0;0;0;0;0;0;0;0;0;0;0;0;0;0;0;0;0;0;0;0;0;0;0;0;0;0;0;0;0;0;0;0;0;0;0;0;0;0;0;0;0;0;0;0;0","Imported from Hevy"
1970-01-01,imported_hevy,19_jun_2025,_02:44,"19 Jun 2025, 02:44",83,"0;1;2;3;4;0;1;2;3;4;5;0;1;2;3;0;1;2;3;0;1;2;3;0;1;2;3;0;1;2;3;0;1;2;3;4;0;1;2;3;4;0;1;2;3;4;0;1;0;1;2;3;4;0;1;2;3;4;5;6;7;8;9;10;11;12;13;0;1;2;3;4;0;1;2;3;0;1;2;0;1;2;3","0;0;0;0;0;0;0;0;0;0;0;0;0;0;0;0;0;0;0;0;0;0;0;0;0;0;0;0;0;0;0;0;0;0;0;0;0;0;0;0;0;0;0;0;0;0;0;0;0;0;0;0;0;0;0;0;0;0;0;0;0;0;0;0;0;0;0;0;0;0;0;0;0;0;0;0;0;0;0;0;0;0;0","Imported from Hevy"
1970-01-01,imported_hevy,16_jun_2025,_07:06,"16 Jun 2025, 07:06",69,"0;1;2;3;4;0;1;2;3;0;1;2;3;0;1;2;3;0;1;2;3;0;1;2;3;0;1;2;3;0;1;2;3;4;0;1;2;3;4;0;1;2;3;0;1;2;3;0;1;2;3;4;5;6;7;8;9;10;11;12;13;0;1;2;3;4;0;1;2","0;0;0;0;0;0;0;0;0;0;0;0;0;0;0;0;0;0;0;0;0;0;0;0;0;0;0;0;0;0;0;0;0;0;0;0;0;0;0;0;0;0;0;0;0;0;0;0;0;0;0;0;0;0;0;0;0;0;0;0;0;0;0;0;0;0;0;0;0","Imported from Hevy"
1970-01-01,imported_hevy,12_jun_2025,_02:12,"12 Jun 2025, 02:12",79,"0;1;2;3;4;0;1;2;3;4;5;0;1;2;3;0;1;2;3;0;1;2;3;0;1;2;3;0;1;2;3;0;1;2;3;4;0;1;2;3;0;1;2;3;0;1;2;3;0;1;2;3;4;5;6;7;8;9;10;11;12;13;0;1;2;3;4;0;1;2;3;0;1;2;0;1;2;3;4","0;0;0;0;0;0;0;0;0;0;0;0;0;0;0;0;0;0;0;0;0;0;0;0;0;0;0;0;0;0;0;0;0;0;0;0;0;0;0;0;0;0;0;0;0;0;0;0;0;0;0;0;0;0;0;0;0;0;0;0;0;0;0;0;0;0;0;0;0;0;0;0;0;0;0;0;0;0;0","Imported from Hevy"
1970-01-01,imported_hevy,9_jun_2025,_06:56,"9 Jun 2025, 06:56",83,"0;1;2;3;4;0;1;2;3;0;1;2;0;1;2;3;0;1;2;3;0;1;2;3;0;1;2;3;0;1;2;3;4;0;1;2;3;0;1;2;3;0;1;2;3;4;5;6;7;8;9;10;11;12;13;0;1;2;3;4;5;6;7;0;1;2;3;4;0;1;2;3;0;1;2;0;1;2;0;1;2;3;4","0;0;0;0;0;0;0;0;0;0;0;0;0;0;0;0;0;0;0;0;0;0;0;0;0;0;0;0;0;0;0;0;0;0;0;0;0;0;0;0;0;0;0;0;0;0;0;0;0;0;0;0;0;0;0;0;0;0;0;0;0;0;0;0;0;0;0;0;0;0;0;0;0;0;0;0;0;0;0;0;0;0;0","Imported from Hevy"
1970-01-01,imported_hevy,5_jun_2025,_06:21,"5 Jun 2025, 06:21",68,"0;1;2;3;4;5;0;1;2;3;0;1;2;3;0;1;2;3;0;1;2;3;0;1;2;0;1;2;3;0;1;2;3;0;1;2;3;4;5;0;1;2;3;0;1;2;3;4;5;6;7;8;9;0;1;2;3;4;5;0;1;2;3;0;1;2;3;0","0;0;0;0;0;0;0;0;0;0;0;0;0;0;0;0;0;0;0;0;0;0;0;0;0;0;0;0;0;0;0;0;0;0;0;0;0;0;0;0;0;0;0;0;0;0;0;0;0;0;0;0;0;0;0;0;0;0;0;0;0;0;0;0;0;0;0;0","Imported from Hevy"
1970-01-01,imported_hevy,2_jun_2025,_06:55,"2 Jun 2025, 06:55",66,"0;1;2;3;4;5;0;1;2;3;0;1;2;0;1;2;3;0;1;2;3;0;1;2;3;0;1;2;3;0;1;2;0;1;2;3;4;5;6;7;8;9;0;1;2;3;4;5;6;7;0;1;2;3;0;1;2;3;0;1;2;3;0;1;2;3","0;0;0;0;0;0;0;0;0;0;0;0;0;0;0;0;0;0;0;0;0;0;0;0;0;0;0;0;0;0;0;0;0;0;0;0;0;0;0;0;0;0;0;0;0;0;0;0;0;0;0;0;0;0;0;0;0;0;0;0;0;0;0;0;0;0","Imported from Hevy"
1970-01-01,imported_hevy,29_may_2025,_03:58,"29 May 2025, 03:58",65,"0;1;2;3;4;5;0;1;2;3;0;1;2;3;0;1;2;3;0;1;2;3;0;1;2;3;0;1;2;3;0;1;2;0;1;2;3;4;5;6;7;8;9;0;1;2;3;0;1;2;3;0;1;2;3;0;1;2;0;1;2;0;1;2;3","0;0;0;0;0;0;0;0;0;0;0;0;0;0;0;0;0;0;0;0;0;0;0;0;0;0;0;0;0;0;0;0;0;0;0;0;0;0;0;0;0;0;0;0;0;0;0;0;0;0;0;0;0;0;0;0;0;0;0;0;0;0;0;0;0","Imported from Hevy"
1970-01-01,imported_hevy,26_may_2025,_06:53,"26 May 2025, 06:53",63,"0;1;2;3;4;5;0;1;2;3;4;0;1;2;3;0;1;2;3;0;1;2;3;0;1;2;3;0;1;2;3;0;1;2;0;1;2;3;4;5;6;7;8;9;0;1;2;3;4;5;6;7;0;1;2;3;0;1;2;0;1;0;1","0;0;0;0;0;0;0;0;0;0;0;0;0;0;0;0;0;0;0;0;0;0;0;0;0;0;0;0;0;0;0;0;0;0;0;0;0;0;0;0;0;0;0;0;0;0;0;0;0;0;0;0;0;0;0;0;0;0;0;0;0;0;0","Imported from Hevy"
1970-01-01,imported_hevy,22_may_2025,_06:51,"22 May 2025, 06:51",63,"0;1;2;3;4;0;1;2;3;4;0;1;2;3;0;1;2;0;1;2;3;4;5;6;7;8;9;0;1;2;3;0;1;2;3;0;1;2;3;0;1;2;3;0;1;2;3;0;1;2;0;1;2;3;0;1;2;3;0;1;2;3;4","0;0;0;0;0;0;0;0;0;0;0;0;0;0;0;0;0;0;0;0;0;0;0;0;0;0;0;0;0;0;0;0;0;0;0;0;0;0;0;0;0;0;0;0;0;0;0;0;0;0;0;0;0;0;0;0;0;0;0;0;0;0;0","Imported from Hevy"
1970-01-01,imported_hevy,19_may_2025,_06:57,"19 May 2025, 06:57",63,"0;1;2;3;4;0;1;2;0;1;2;0;1;2;0;1;2;3;4;5;6;7;8;9;0;1;2;0;1;2;3;0;1;2;3;4;0;1;2;3;0;1;2;3;4;5;6;7;0;1;2;3;0;1;2;0;1;2;0;1;2;3;4","0;0;0;0;0;0;0;0;0;0;0;0;0;0;0;0;0;0;0;0;0;0;0;0;0;0;0;0;0;0;0;0;0;0;0;0;0;0;0;0;0;0;0;0;0;0;0;0;0;0;0;0;0;0;0;0;0;0;0;0;0;0;0","Imported from Hevy"
1970-01-01,imported_hevy,15_may_2025,_02:19,"15 May 2025, 02:19",67,"0;1;2;3;4;5;6;0;1;2;0;1;2;0;1;2;0;1;2;3;4;5;6;7;8;9;0;1;2;0;1;2;3;0;1;2;3;0;1;2;3;0;1;2;3;4;5;6;7;0;1;2;3;0;1;2;0;1;2;0;1;2;3;0;0;1;2","0;0;0;0;0;0;0;0;0;0;0;0;0;0;0;0;0;0;0;0;0;0;0;0;0;0;0;0;0;0;0;0;0;0;0;0;0;0;0;0;0;0;0;0;0;0;0;0;0;0;0;0;0;0;0;0;0;0;0;0;0;0;0;0;0;0;0","Imported from Hevy"
1970-01-01,imported_hevy,12_may_2025,_06:54,"12 May 2025, 06:54",60,"0;1;2;3;4;0;1;2;0;1;2;0;1;2;0;1;2;3;4;5;6;7;0;1;2;0;1;2;3;0;1;2;3;0;1;2;3;0;1;2;3;4;5;6;7;0;1;2;0;1;2;0;1;2;3;0;1;2;3;4","0;0;0;0;0;0;0;0;0;0;0;0;0;0;0;0;0;0;0;0;0;0;0;0;0;0;0;0;0;0;0;0;0;0;0;0;0;0;0;0;0;0;0;0;0;0;0;0;0;0;0;0;0;0;0;0;0;0;0;0","Imported from Hevy"
1970-01-01,imported_hevy,8_may_2025,_02:45,"8 May 2025, 02:45",66,"0;1;2;3;4;0;1;2;0;1;2;3;0;1;2;0;1;2;3;4;5;6;7;8;9;10;11;0;1;2;0;1;2;3;0;1;2;0;1;2;0;1;2;3;4;5;0;1;2;0;1;2;0;1;2;3;0;1;2;3;0;1;2;0;1;2","0;0;0;0;0;0;0;0;0;0;0;0;0;0;0;0;0;0;0;0;0;0;0;0;0;0;0;0;0;0;0;0;0;0;0;0;0;0;0;0;0;0;0;0;0;0;0;0;0;0;0;0;0;0;0;0;0;0;0;0;0;0;0;0;0;0","Imported from Hevy"
1970-01-01,imported_hevy,5_may_2025,_07:00,"5 May 2025, 07:00",61,"0;1;2;3;4;0;1;2;0;1;2;0;1;2;3;0;1;2;0;1;2;0;1;2;3;4;5;6;7;8;9;10;11;0;1;2;3;4;5;0;1;2;3;0;1;2;0;1;2;0;1;2;0;1;2;3;0;1;2;3;4","0;0;0;0;0;0;0;0;0;0;0;0;0;0;0;0;0;0;0;0;0;0;0;0;0;0;0;0;0;0;0;0;0;0;0;0;0;0;0;0;0;0;0;0;0;0;0;0;0;0;0;0;0;0;0;0;0;0;0;0;0","Imported from Hevy"
1970-01-01,imported_hevy,2_may_2025,_06:53,"2 May 2025, 06:53",59,"0;1;2;3;4;5;6;0;1;2;0;1;2;0;1;2;3;4;0;1;2;3;0;1;2;3;0;1;2;3;4;5;6;7;8;9;10;11;12;0;1;2;3;0;1;2;3;0;0;1;2;3;0;1;2;0;1;2;3","0;0;0;0;0;0;0;0;0;0;0;0;0;0;0;0;0;0;0;0;0;0;0;0;0;0;0;0;0;0;0;0;0;0;0;0;0;0;0;0;0;0;0;0;0;0;0;0;0;0;0;0;0;0;0;0;0;0;0","Imported from Hevy"
1970-01-01,imported_hevy,28_apr_2025,_07:55,"28 Apr 2025, 07:55",37,"0;1;2;3;0;1;2;0;1;2;0;1;2;3;0;1;2;0;1;2;0;1;2;3;4;5;6;7;0;1;2;3;4;5;0;1;2","0;0;0;0;0;0;0;0;0;0;0;0;0;0;0;0;0;0;0;0;0;0;0;0;0;0;0;0;0;0;0;0;0;0;0;0;0","Imported from Hevy"
1970-01-01,imported_hevy,24_apr_2025,_02:29,"24 Apr 2025, 02:29",72,"0;1;2;3;0;1;2;0;1;2;0;1;2;3;0;1;2;3;4;5;6;7;8;9;0;1;2;0;1;2;3;0;1;2;3;0;1;2;3;4;0;1;2;0;1;2;3;4;5;0;1;2;3;0;1;2;3;0;1;2;3;0;1;2;3;4;0;1;2;0;1;2","0;0;0;0;0;0;0;0;0;0;0;0;0;0;0;0;0;0;0;0;0;0;0;0;0;0;0;0;0;0;0;0;0;0;0;0;0;0;0;0;0;0;0;0;0;0;0;0;0;0;0;0;0;0;0;0;0;0;0;0;0;0;0;0;0;0;0;0;0;0;0;0","Imported from Hevy"
1970-01-01,imported_hevy,21_apr_2025,_06:54,"21 Apr 2025, 06:54",57,"0;1;2;3;0;1;2;0;1;2;0;1;2;3;0;1;2;3;4;5;6;7;8;9;0;1;2;0;1;2;0;1;2;3;4;5;0;1;2;0;1;2;0;1;2;0;1;2;3;0;1;2;3;0;1;2;3","0;0;0;0;0;0;0;0;0;0;0;0;0;0;0;0;0;0;0;0;0;0;0;0;0;0;0;0;0;0;0;0;0;0;0;0;0;0;0;0;0;0;0;0;0;0;0;0;0;0;0;0;0;0;0;0;0","Imported from Hevy"
1970-01-01,imported_hevy,17_apr_2025,_02:32,"17 Apr 2025, 02:32",58,"0;1;2;3;0;1;2;0;1;2;0;1;2;3;0;1;2;3;4;5;6;7;8;9;0;1;2;0;1;2;0;1;2;0;1;2;0;1;2;0;1;2;3;4;5;0;1;2;0;1;2;0;1;2;3;0;1;2","0;0;0;0;0;0;0;0;0;0;0;0;0;0;0;0;0;0;0;0;0;0;0;0;0;0;0;0;0;0;0;0;0;0;0;0;0;0;0;0;0;0;0;0;0;0;0;0;0;0;0;0;0;0;0;0;0;0","Imported from Hevy"
1970-01-01,imported_hevy,14_apr_2025,_06:51,"14 Apr 2025, 06:51",59,"0;1;2;3;0;1;2;0;1;2;0;1;2;3;0;1;2;3;4;5;6;7;8;9;0;1;2;0;1;2;0;1;2;0;1;2;0;1;2;0;1;2;3;4;5;0;1;2;0;1;2;0;1;2;3;0;1;2;3","0;0;0;0;0;0;0;0;0;0;0;0;0;0;0;0;0;0;0;0;0;0;0;0;0;0;0;0;0;0;0;0;0;0;0;0;0;0;0;0;0;0;0;0;0;0;0;0;0;0;0;0;0;0;0;0;0;0;0","Imported from Hevy"
1970-01-01,imported_hevy,10_apr_2025,_02:42,"10 Apr 2025, 02:42",58,"0;1;2;3;0;1;2;0;1;2;0;1;2;3;0;1;2;3;4;5;6;7;0;1;2;0;1;2;0;1;2;0;1;2;0;1;2;0;1;2;0;1;2;0;1;2;0;1;2;3;0;1;2;3;0;1;2;0","0;0;0;0;0;0;0;0;0;0;0;0;0;0;0;0;0;0;0;0;0;0;0;0;0;0;0;0;0;0;0;0;0;0;0;0;0;0;0;0;0;0;0;0;0;0;0;0;0;0;0;0;0;0;0;0;0;0","Imported from Hevy"
1970-01-01,imported_hevy,18_nov_2025,_06:02,"18 Nov 2025, 06:02",33,"0;1;2;3;4;5;0;1;2;3;4;5;6;0;1;2;0;1;2;0;1;2;3;0;1;2;0;1;2;3;4;5;0","0;0;0;0;0;0;0;0;0;0;0;0;0;0;0;0;0;0;0;0;0;0;0;0;0;0;0;0;0;0;0;0;0","Imported from Hevy"
1970-01-01,imported_hevy,14_nov_2025,_06:06,"14 Nov 2025, 06:06",72,"0;1;2;3;4;5;0;1;2;0;1;2;3;0;1;2;0;1;2;3;4;5;6;7;0;1;2;0;1;2;3;4;5;6;7;0;1;2;0;1;0;1;2;3;4;5;0;1;2;0;1;2;3;4;5;6;7;0;1;2;3;4;5;6;7;0;0;1;2;0;1;2","0;0;0;0;0;0;0;0;0;0;0;0;0;0;0;0;0;0;0;0;0;0;0;0;0;0;0;0;0;0;0;0;0;0;0;0;0;0;0;0;0;0;0;0;0;0;0;0;0;0;0;0;0;0;0;0;0;0;0;0;0;0;0;0;0;0;0;0;0;0;0;0","Imported from Hevy"
1970-01-01,imported_hevy,11_nov_2025,_06:10,"11 Nov 2025, 06:10",52,"0;1;2;3;4;0;1;2;0;1;2;3;0;1;0;1;2;3;0;1;2;0;1;2;0;1;2;0;1;2;3;0;1;2;0;1;2;3;4;5;6;7;0;1;2;3;4;5;6;7;0;1","0;0;0;0;0;0;0;0;0;0;0;0;0;0;0;0;0;0;0;0;0;0;0;0;0;0;0;0;0;0;0;0;0;0;0;0;0;0;0;0;0;0;0;0;0;0;0;0;0;0;0;0","Imported from Hevy"
1970-01-01,imported_hevy,7_nov_2025,_06:07,"7 Nov 2025, 06:07",47,"0;1;2;3;4;5;0;1;2;3;4;0;1;2;0;1;2;0;1;2;3;4;5;0;1;2;0;1;2;3;0;1;2;0;1;2;3;4;5;6;7;0;1;2;3;4;5","0;0;0;0;0;0;0;0;0;0;0;0;0;0;0;0;0;0;0;0;0;0;0;0;0;0;0;0;0;0;0;0;0;0;0;0;0;0;0;0;0;0;0;0;0;0;0","Imported from Hevy"
1970-01-01,imported_hevy,4_nov_2025,_06:02,"4 Nov 2025, 06:02",41,"0;1;2;3;0;1;2;0;1;2;3;4;5;0;1;2;0;1;2;3;4;0;1;2;0;1;2;3;0;1;2;0;1;2;3;4;5;0;1;2;3","0;0;0;0;0;0;0;0;0;0;0;0;0;0;0;0;0;0;0;0;0;0;0;0;0;0;0;0;0;0;0;0;0;0;0;0;0;0;0;0;0","Imported from Hevy"
1970-01-01,imported_hevy,31_oct_2025,_08:03,"31 Oct 2025, 08:03",44,"0;1;2;3;0;1;2;0;1;2;3;4;5;0;1;2;3;0;1;0;1;2;0;1;2;0;1;2;3;0;1;2;0;1;2;3;4;5;6;7;0;1;2;3","0;0;0;0;0;0;0;0;0;0;0;0;0;0;0;0;0;0;0;0;0;0;0;0;0;0;0;0;0;0;0;0;0;0;0;0;0;0;0;0;0;0;0;0","Imported from Hevy"
1970-01-01,imported_hevy,28_oct_2025,_06:05,"28 Oct 2025, 06:05",69,"0;1;2;3;4;5;0;1;2;3;4;0;1;2;0;1;2;3;0;1;2;0;1;2;3;4;5;6;7;0;1;2;0;1;2;3;4;5;6;7;8;0;1;2;0;1;2;0;1;2;0;1;2;0;1;2;3;4;5;6;7;0;1;2;3;0;0;1;2","0;0;0;0;0;0;0;0;0;0;0;0;0;0;0;0;0;0;0;0;0;0;0;0;0;0;0;0;0;0;0;0;0;0;0;0;0;0;0;0;0;0;0;0;0;0;0;0;0;0;0;0;0;0;0;0;0;0;0;0;0;0;0;0;0;0;0;0;0","Imported from Hevy"
1970-01-01,imported_hevy,24_oct_2025,_05:33,"24 Oct 2025, 05:33",48,"0;1;2;3;4;0;1;2;0;1;2;0;1;2;0;1;2;3;4;5;0;1;2;0;1;2;0;1;2;0;1;2;0;1;2;3;4;5;6;7;8;9;0;0;1;2;0;1","0;0;0;0;0;0;0;0;0;0;0;0;0;0;0;0;0;0;0;0;0;0;0;0;0;0;0;0;0;0;0;0;0;0;0;0;0;0;0;0;0;0;0;0;0;0;0;0","Imported from Hevy"
1970-01-01,imported_hevy,21_oct_2025,_06:07,"21 Oct 2025, 06:07",66,"0;1;2;3;4;5;6;7;0;1;2;3;0;1;2;0;1;2;3;0;1;2;3;0;1;2;3;4;5;6;7;0;1;2;3;0;1;2;0;1;2;0;1;2;0;1;2;3;0;1;2;0;1;2;0;1;2;3;4;5;6;7;0;1;2;3","0;0;0;0;0;0;0;0;0;0;0;0;0;0;0;0;0;0;0;0;0;0;0;0;0;0;0;0;0;0;0;0;0;0;0;0;0;0;0;0;0;0;0;0;0;0;0;0;0;0;0;0;0;0;0;0;0;0;0;0;0;0;0;0;0;0","Imported from Hevy"
1970-01-01,imported_hevy,17_oct_2025,_06:04,"17 Oct 2025, 06:04",58,"0;1;2;3;4;5;6;7;0;1;2;3;0;1;2;0;1;2;3;0;1;2;3;4;0;1;2;0;1;2;3;4;5;6;7;0;1;2;3;0;0;1;2;0;1;2;0;1;2;3;4;5;6;7;0;1;2;3","0;0;0;0;0;0;0;0;0;0;0;0;0;0;0;0;0;0;0;0;0;0;0;0;0;0;0;0;0;0;0;0;0;0;0;0;0;0;0;0;0;0;0;0;0;0;0;0;0;0;0;0;0;0;0;0;0;0","Imported from Hevy"
1970-01-01,imported_hevy,14_oct_2025,_06:04,"14 Oct 2025, 06:04",69,"0;1;2;3;4;5;6;7;0;1;2;3;0;1;2;0;1;2;3;0;1;2;3;4;5;0;1;2;0;1;2;3;4;5;6;7;0;1;2;0;1;2;0;1;2;0;1;2;0;1;2;3;4;5;6;7;0;1;2;3;4;5;0;1;2;3;0;1;2","0;0;0;0;0;0;0;0;0;0;0;0;0;0;0;0;0;0;0;0;0;0;0;0;0;0;0;0;0;0;0;0;0;0;0;0;0;0;0;0;0;0;0;0;0;0;0;0;0;0;0;0;0;0;0;0;0;0;0;0;0;0;0;0;0;0;0;0;0","Imported from Hevy"
1970-01-01,imported_hevy,10_oct_2025,_06:03,"10 Oct 2025, 06:03",52,"0;1;0;1;2;3;0;1;2;3;0;1;2;3;0;1;2;3;0;1;2;3;0;1;2;3;0;1;2;0;1;2;0;1;2;0;1;2;0;1;2;3;4;5;6;7;0;1;2;0;1;2","0;0;0;0;0;0;0;0;0;0;0;0;0;0;0;0;0;0;0;0;0;0;0;0;0;0;0;0;0;0;0;0;0;0;0;0;0;0;0;0;0;0;0;0;0;0;0;0;0;0;0;0","Imported from Hevy"
1970-01-01,imported_hevy,7_oct_2025,_06:05,"7 Oct 2025, 06:05",48,"0;1;2;3;0;1;2;3;0;1;2;3;0;1;2;0;1;2;3;0;1;2;3;0;1;2;0;1;2;3;0;1;2;0;1;2;3;0;1;2;3;4;5;6;7;0;1;2","0;0;0;0;0;0;0;0;0;0;0;0;0;0;0;0;0;0;0;0;0;0;0;0;0;0;0;0;0;0;0;0;0;0;0;0;0;0;0;0;0;0;0;0;0;0;0;0","Imported from Hevy"
1970-01-01,imported_hevy,3_oct_2025,_05:48,"3 Oct 2025, 05:48",48,"0;1;2;3;0;1;2;3;4;0;1;2;3;0;1;2;3;0;1;2;3;4;5;0;1;2;3;0;1;2;3;0;1;2;0;1;2;3;0;1;2;3;4;5;6;7;0;1","0;0;0;0;0;0;0;0;0;0;0;0;0;0;0;0;0;0;0;0;0;0;0;0;0;0;0;0;0;0;0;0;0;0;0;0;0;0;0;0;0;0;0;0;0;0;0;0","Imported from Hevy"
1970-01-01,imported_hevy,30_sep_2025,_06:05,"30 Sep 2025, 06:05",53,"0;1;2;3;0;1;2;0;1;2;3;0;1;2;3;0;1;2;3;0;1;2;0;1;2;0;1;2;0;1;0;1;2;3;0;1;2;0;1;2;3;4;5;0;1;2;3;0;1;0;1;2;3","0;0;0;0;0;0;0;0;0;0;0;0;0;0;0;0;0;0;0;0;0;0;0;0;0;0;0;0;0;0;0;0;0;0;0;0;0;0;0;0;0;0;0;0;0;0;0;0;0;0;0;0;0","Imported from Hevy"
1970-01-01,imported_hevy,26_sep_2025,_06:05,"26 Sep 2025, 06:05",34,"0;1;2;3;4;0;1;2;0;1;2;3;0;1;2;0;1;2;0;1;2;3;0;1;2;0;1;2;3;4;0;1;2;3","0;0;0;0;0;0;0;0;0;0;0;0;0;0;0;0;0;0;0;0;0;0;0;0;0;0;0;0;0;0;0;0;0;0","Imported from Hevy"
1970-01-01,imported_hevy,23_sep_2025,_06:03,"23 Sep 2025, 06:03",39,"0;1;2;3;4;0;1;2;0;1;2;3;0;1;2;0;1;2;0;1;2;0;1;2;0;1;2;0;1;2;3;4;5;0;1;0;1;2;3","0;0;0;0;0;0;0;0;0;0;0;0;0;0;0;0;0;0;0;0;0;0;0;0;0;0;0;0;0;0;0;0;0;0;0;0;0;0;0","Imported from Hevy"
1970-01-01,imported_hevy,21_sep_2025,_08:05,"21 Sep 2025, 08:05",31,"0;1;2;3;4;0;1;2;0;1;2;3;0;0;1;2;0;1;2;3;4;5;0;1;0;1;2;3;4;5;6","0;0;0;0;0;0;0;0;0;0;0;0;0;0;0;0;0;0;0;0;0;0;0;0;0;0;0;0;0;0;0","Imported from Hevy"
1970-01-01,imported_hevy,16_sep_2025,_05:59,"16 Sep 2025, 05:59",56,"0;1;2;3;4;0;1;2;0;1;2;3;0;1;0;1;2;3;0;1;2;3;0;1;2;3;0;1;2;0;1;2;0;1;2;0;0;1;0;1;2;0;1;2;3;0;1;2;3;4;5;6;7;0;1;2","0;0;0;0;0;0;0;0;0;0;0;0;0;0;0;0;0;0;0;0;0;0;0;0;0;0;0;0;0;0;0;0;0;0;0;0;0;0;0;0;0;0;0;0;0;0;0;0;0;0;0;0;0;0;0;0","Imported from Hevy"
1970-01-01,imported_hevy,12_sep_2025,_06:08,"12 Sep 2025, 06:08",46,"0;1;2;3;4;0;1;2;0;1;2;3;4;5;0;1;2;0;1;2;3;4;0;1;2;0;1;0;1;2;3;0;1;2;0;1;2;3;4;5;0;1;0;1;2;3","0;0;0;0;0;0;0;0;0;0;0;0;0;0;0;0;0;0;0;0;0;0;0;0;0;0;0;0;0;0;0;0;0;0;0;0;0;0;0;0;0;0;0;0;0;0","Imported from Hevy"
1970-01-01,imported_hevy,9_sep_2025,_06:07,"9 Sep 2025, 06:07",58,"0;1;2;3;4;0;1;2;0;1;2;0;1;2;3;0;1;2;3;4;0;1;2;3;0;1;2;0;1;2;0;1;2;0;1;2;0;1;2;3;4;5;0;1;2;3;0;1;2;0;1;2;3;4;5;0;1;2","0;0;0;0;0;0;0;0;0;0;0;0;0;0;0;0;0;0;0;0;0;0;0;0;0;0;0;0;0;0;0;0;0;0;0;0;0;0;0;0;0;0;0;0;0;0;0;0;0;0;0;0;0;0;0;0;0;0","Imported from Hevy"
1970-01-01,imported_hevy,5_sep_2025,_06:04,"5 Sep 2025, 06:04",43,"0;1;2;3;0;1;2;3;0;1;2;0;1;2;3;0;1;2;3;0;1;2;0;1;2;0;1;2;3;0;1;2;3;4;5;0;0;1;2;0;1;2;3","0;0;0;0;0;0;0;0;0;0;0;0;0;0;0;0;0;0;0;0;0;0;0;0;0;0;0;0;0;0;0;0;0;0;0;0;0;0;0;0;0;0;0","Imported from Hevy"
1970-01-01,imported_hevy,2_sep_2025,_06:04,"2 Sep 2025, 06:04",60,"0;1;2;3;0;1;2;3;0;1;2;0;1;0;1;2;3;4;5;0;1;2;0;1;2;0;1;2;0;1;2;3;4;5;0;1;2;3;0;0;1;2;0;1;2;0;1;2;0;1;2;3;4;5;0;1;2;0;1;2","0;0;0;0;0;0;0;0;0;0;0;0;0;0;0;0;0;0;0;0;0;0;0;0;0;0;0;0;0;0;0;0;0;0;0;0;0;0;0;0;0;0;0;0;0;0;0;0;0;0;0;0;0;0;0;0;0;0;0;0","Imported from Hevy"
1970-01-01,imported_hevy,29_aug_2025,_06:08,"29 Aug 2025, 06:08",58,"0;1;2;3;0;1;2;3;4;0;1;2;3;0;1;2;3;4;5;0;1;2;3;0;1;2;3;0;1;2;3;4;0;1;2;3;4;5;0;1;0;1;0;1;2;3;0;1;2;0;1;2;3;4;5;0;1;2","0;0;0;0;0;0;0;0;0;0;0;0;0;0;0;0;0;0;0;0;0;0;0;0;0;0;0;0;0;0;0;0;0;0;0;0;0;0;0;0;0;0;0;0;0;0;0;0;0;0;0;0;0;0;0;0;0;0","Imported from Hevy"
1970-01-01,imported_hevy,26_aug_2025,_06:06,"26 Aug 2025, 06:06",64,"0;1;2;3;0;1;2;3;4;5;6;7;0;1;2;3;0;1;2;3;0;1;2;3;4;5;0;1;2;3;0;1;2;3;4;5;6;7;0;1;0;1;2;3;0;1;2;3;0;1;2;0;1;2;3;0;1;0;1;2;3;4;5;6","0;0;0;0;0;0;0;0;0;0;0;0;0;0;0;0;0;0;0;0;0;0;0;0;0;0;0;0;0;0;0;0;0;0;0;0;0;0;0;0;0;0;0;0;0;0;0;0;0;0;0;0;0;0;0;0;0;0;0;0;0;0;0;0","Imported from Hevy"
1970-01-01,imported_hevy,22_aug_2025,_06:07,"22 Aug 2025, 06:07",61,"0;1;2;3;0;1;2;3;4;5;6;7;8;9;0;1;2;3;0;1;2;3;0;1;2;3;4;5;0;1;2;3;0;1;2;3;0;1;2;3;0;1;2;3;0;1;2;3;4;5;6;7;0;1;2;0;1;2;3;4;5","0;0;0;0;0;0;0;0;0;0;0;0;0;0;0;0;0;0;0;0;0;0;0;0;0;0;0;0;0;0;0;0;0;0;0;0;0;0;0;0;0;0;0;0;0;0;0;0;0;0;0;0;0;0;0;0;0;0;0;0;0","Imported from Hevy"
1970-01-01,imported_hevy,19_aug_2025,_06:07,"19 Aug 2025, 06:07",66,"0;1;2;3;4;0;1;2;3;4;5;0;1;2;3;0;1;2;3;4;5;6;7;0;1;2;3;0;1;2;3;4;0;1;2;3;0;1;0;1;2;3;0;1;2;3;0;1;2;0;1;2;0;1;2;3;4;5;6;7;0;1;0;1;0;1","0;0;0;0;0;0;0;0;0;0;0;0;0;0;0;0;0;0;0;0;0;0;0;0;0;0;0;0;0;0;0;0;0;0;0;0;0;0;0;0;0;0;0;0;0;0;0;0;0;0;0;0;0;0;0;0;0;0;0;0;0;0;0;0;0;0","Imported from Hevy"
1970-01-01,imported_hevy,15_aug_2025,_08:09,"15 Aug 2025, 08:09",64,"0;1;2;3;4;0;1;2;3;0;1;2;0;1;2;3;4;5;6;7;0;1;2;3;0;1;2;3;0;1;2;3;0;1;2;3;0;1;2;3;0;1;2;3;4;0;1;2;0;1;2;3;4;5;6;7;8;9;10;11;0;1;2;3","0;0;0;0;0;0;0;0;0;0;0;0;0;0;0;0;0;0;0;0;0;0;0;0;0;0;0;0;0;0;0;0;0;0;0;0;0;0;0;0;0;0;0;0;0;0;0;0;0;0;0;0;0;0;0;0;0;0;0;0;0;0;0;0","Imported from Hevy"
1970-01-01,imported_hevy,12_aug_2025,_06:05,"12 Aug 2025, 06:05",49,"0;1;2;3;0;1;2;3;4;5;6;7;0;1;2;3;0;1;2;3;4;5;6;7;0;1;2;3;0;1;2;3;0;1;2;0;1;2;3;0;1;2;3;4;5;6;7;0;1","0;0;0;0;0;0;0;0;0;0;0;0;0;0;0;0;0;0;0;0;0;0;0;0;0;0;0;0;0;0;0;0;0;0;0;0;0;0;0;0;0;0;0;0;0;0;0;0;0","Imported from Hevy"
1970-01-01,imported_hevy,8_aug_2025,_06:11,"8 Aug 2025, 06:11",60,"0;1;2;3;4;5;0;1;2;3;4;5;6;7;0;1;2;3;0;1;2;3;4;0;1;2;3;4;0;1;2;3;0;1;2;3;0;1;2;0;1;2;3;4;5;6;7;0;1;2;0;1;2;0;1;2;3;0;1;0","0;0;0;0;0;0;0;0;0;0;0;0;0;0;0;0;0;0;0;0;0;0;0;0;0;0;0;0;0;0;0;0;0;0;0;0;0;0;0;0;0;0;0;0;0;0;0;0;0;0;0;0;0;0;0;0;0;0;0;0","Imported from Hevy"
1970-01-01,imported_hevy,5_aug_2025,_06:12,"5 Aug 2025, 06:12",64,"0;1;2;3;4;0;1;2;3;4;0;1;2;0;1;2;3;4;0;1;2;3;4;5;6;7;0;1;2;3;0;1;2;3;4;0;1;2;3;4;0;1;2;3;4;0;1;2;3;0;1;2;3;4;5;6;7;0;1;2;0;1;2;3","0;0;0;0;0;0;0;0;0;0;0;0;0;0;0;0;0;0;0;0;0;0;0;0;0;0;0;0;0;0;0;0;0;0;0;0;0;0;0;0;0;0;0;0;0;0;0;0;0;0;0;0;0;0;0;0;0;0;0;0;0;0;0;0","Imported from Hevy"
1970-01-01,imported_hevy,1_aug_2025,_06:08,"1 Aug 2025, 06:08",67,"0;1;2;3;4;0;1;2;3;4;0;1;2;0;1;2;3;4;5;6;7;0;1;2;3;4;0;1;2;3;0;1;2;3;0;1;2;3;0;1;2;0;1;2;0;1;2;3;4;5;6;7;0;1;2;0;1;2;3;0;1;2;3;0;1;2;0","0;0;0;0;0;0;0;0;0;0;0;0;0;0;0;0;0;0;0;0;0;0;0;0;0;0;0;0;0;0;0;0;0;0;0;0;0;0;0;0;0;0;0;0;0;0;0;0;0;0;0;0;0;0;0;0;0;0;0;0;0;0;0;0;0;0;0","Imported from Hevy"
1970-01-01,imported_hevy,29_jul_2025,_06:12,"29 Jul 2025, 06:12",78,"0;1;2;3;4;0;1;2;3;4;0;1;2;0;1;2;3;4;5;6;7;0;1;2;3;0;1;2;3;0;1;2;3;0;1;2;3;0;1;2;3;0;1;2;0;1;2;3;0;1;2;0;1;2;3;4;5;6;7;0;1;2;0;1;2;3;0;1;2;3;0;1;2;3;0;1;2;0","0;0;0;0;0;0;0;0;0;0;0;0;0;0;0;0;0;0;0;0;0;0;0;0;0;0;0;0;0;0;0;0;0;0;0;0;0;0;0;0;0;0;0;0;0;0;0;0;0;0;0;0;0;0;0;0;0;0;0;0;0;0;0;0;0;0;0;0;0;0;0;0;0;0;0;0;0;0","Imported from Hevy"
1970-01-01,imported_hevy,25_jul_2025,_06:08,"25 Jul 2025, 06:08",66,"0;1;2;3;4;0;1;2;3;4;0;1;2;0;1;2;3;0;1;2;3;4;0;1;0;1;2;3;4;5;6;7;0;1;2;3;0;1;2;3;0;1;2;0;1;2;3;0;1;2;3;0;1;2;3;4;5;6;0;1;2;3;0;1;2;3","0;0;0;0;0;0;0;0;0;0;0;0;0;0;0;0;0;0;0;0;0;0;0;0;0;0;0;0;0;0;0;0;0;0;0;0;0;0;0;0;0;0;0;0;0;0;0;0;0;0;0;0;0;0;0;0;0;0;0;0;0;0;0;0;0;0","Imported from Hevy"
1970-01-01,imported_hevy,22_jul_2025,_06:08,"22 Jul 2025, 06:08",64,"0;1;2;3;4;0;1;2;3;4;0;1;2;3;0;1;2;3;0;1;2;0;1;2;3;0;1;2;3;0;1;2;3;0;1;2;3;0;1;0;1;2;3;4;5;6;7;0;1;2;3;0;1;2;3;0;1;2;3;0;1;2;3;0","0;0;0;0;0;0;0;0;0;0;0;0;0;0;0;0;0;0;0;0;0;0;0;0;0;0;0;0;0;0;0;0;0;0;0;0;0;0;0;0;0;0;0;0;0;0;0;0;0;0;0;0;0;0;0;0;0;0;0;0;0;0;0;0","Imported from Hevy"
1970-01-01,imported_hevy,15_jul_2025,_06:14,"15 Jul 2025, 06:14",72,"0;1;2;3;4;5;0;1;2;3;4;0;1;2;3;0;1;2;3;0;1;2;3;4;0;1;2;3;4;5;6;7;0;1;2;0;1;2;0;1;2;3;0;1;2;3;0;1;2;3;0;1;2;3;4;5;6;7;0;1;2;3;0;1;2;3;0;1;2;3;4;5","0;0;0;0;0;0;0;0;0;0;0;0;0;0;0;0;0;0;0;0;0;0;0;0;0;0;0;0;0;0;0;0;0;0;0;0;0;0;0;0;0;0;0;0;0;0;0;0;0;0;0;0;0;0;0;0;0;0;0;0;0;0;0;0;0;0;0;0;0;0;0;0","Imported from Hevy"
1970-01-01,imported_hevy,11_jul_2025,_04:28,"11 Jul 2025, 04:28",69,"0;1;2;3;4;0;1;2;3;4;0;1;2;3;0;1;2;3;0;1;2;3;4;0;1;2;3;4;0;1;2;3;4;5;6;7;0;1;2;0;1;2;0;1;2;3;0;1;0;1;2;3;4;5;0;1;2;3;4;5;6;7;0;1;2;0;1;2;0","0;0;0;0;0;0;0;0;0;0;0;0;0;0;0;0;0;0;0;0;0;0;0;0;0;0;0;0;0;0;0;0;0;0;0;0;0;0;0;0;0;0;0;0;0;0;0;0;0;0;0;0;0;0;0;0;0;0;0;0;0;0;0;0;0;0;0;0;0","Imported from Hevy"
1970-01-01,imported_hevy,8_jul_2025,_05:53,"8 Jul 2025, 05:53",72,"0;1;2;3;4;0;1;2;0;1;2;3;0;1;2;3;4;0;1;2;3;0;1;2;0;1;2;0;1;2;0;1;2;0;1;2;3;0;1;2;3;0;1;2;3;4;5;0;1;2;3;4;5;6;7;0;1;2;3;4;5;6;7;0;1;2;3;0;1;0;1;2","0;0;0;0;0;0;0;0;0;0;0;0;0;0;0;0;0;0;0;0;0;0;0;0;0;0;0;0;0;0;0;0;0;0;0;0;0;0;0;0;0;0;0;0;0;0;0;0;0;0;0;0;0;0;0;0;0;0;0;0;0;0;0;0;0;0;0;0;0;0;0;0","Imported from Hevy"
1970-01-01,imported_hevy,4_jul_2025,_06:08,"4 Jul 2025, 06:08",63,"0;1;2;3;4;0;1;2;3;0;1;2;3;4;0;1;2;0;1;2;0;1;2;0;1;2;3;0;0;1;2;3;0;1;2;3;0;1;2;3;0;1;2;3;0;1;2;3;0;1;2;3;4;5;6;7;0;1;2;3;0;1;2","0;0;0;0;0;0;0;0;0;0;0;0;0;0;0;0;0;0;0;0;0;0;0;0;0;0;0;0;0;0;0;0;0;0;0;0;0;0;0;0;0;0;0;0;0;0;0;0;0;0;0;0;0;0;0;0;0;0;0;0;0;0;0","Imported from Hevy"
1970-01-01,imported_hevy,1_jul_2025,_02:49,"1 Jul 2025, 02:49",79,"0;1;2;3;0;1;2;3;4;0;1;2;3;4;5;0;1;2;3;0;1;2;3;0;1;2;3;4;0;1;2;3;0;1;2;3;0;1;2;0;1;2;3;0;1;2;3;0;1;2;3;0;1;2;3;0;1;2;3;0;1;2;3;4;5;0;1;0;1;2;3;0;1;2;3;0;1;2;3","0;0;0;0;0;0;0;0;0;0;0;0;0;0;0;0;0;0;0;0;0;0;0;0;0;0;0;0;0;0;0;0;0;0;0;0;0;0;0;0;0;0;0;0;0;0;0;0;0;0;0;0;0;0;0;0;0;0;0;0;0;0;0;0;0;0;0;0;0;0;0;0;0;0;0;0;0;0;0","Imported from Hevy"
1970-01-01,imported_hevy,27_jun_2025,_03:10,"27 Jun 2025, 03:10",59,"0;1;2;3;0;1;2;3;4;5;6;7;0;1;2;3;4;0;1;2;3;0;1;2;3;0;1;2;0;1;2;3;0;1;2;0;1;2;3;4;5;0;0;1;2;0;1;2;3;0;1;2;3;0;1;0;1;2;3","0;0;0;0;0;0;0;0;0;0;0;0;0;0;0;0;0;0;0;0;0;0;0;0;0;0;0;0;0;0;0;0;0;0;0;0;0;0;0;0;0;0;0;0;0;0;0;0;0;0;0;0;0;0;0;0;0;0;0","Imported from Hevy"
1970-01-01,imported_hevy,24_jun_2025,_03:07,"24 Jun 2025, 03:07",70,"0;1;2;3;4;0;1;2;3;4;0;1;2;3;0;1;2;3;4;5;6;7;0;1;2;3;4;0;1;2;0;1;2;3;0;1;2;3;4;0;1;0;1;0;1;2;0;1;2;3;0;1;2;3;0;1;2;3;4;5;0;1;0;1;2;3;0;1;2;3","0;0;0;0;0;0;0;0;0;0;0;0;0;0;0;0;0;0;0;0;0;0;0;0;0;0;0;0;0;0;0;0;0;0;0;0;0;0;0;0;0;0;0;0;0;0;0;0;0;0;0;0;0;0;0;0;0;0;0;0;0;0;0;0;0;0;0;0;0;0","Imported from Hevy"
1970-01-01,imported_hevy,17_jun_2025,_02:21,"17 Jun 2025, 02:21",71,"0;1;2;3;0;1;2;3;0;1;2;0;1;2;3;0;1;2;3;4;0;1;2;3;0;1;2;3;0;1;2;3;0;1;2;3;4;0;1;2;0;1;2;3;0;1;2;3;4;5;0;1;0;1;2;3;0;1;2;0;1;2;3;0;1;2;3;0;1;2;3","0;0;0;0;0;0;0;0;0;0;0;0;0;0;0;0;0;0;0;0;0;0;0;0;0;0;0;0;0;0;0;0;0;0;0;0;0;0;0;0;0;0;0;0;0;0;0;0;0;0;0;0;0;0;0;0;0;0;0;0;0;0;0;0;0;0;0;0;0;0;0","Imported from Hevy"
1970-01-01,imported_hevy,13_jun_2025,_02:17,"13 Jun 2025, 02:17",42,"0;1;2;3;4;5;0;1;2;3;0;1;2;3;4;5;0;1;2;3;0;1;2;0;1;0;1;2;0;1;2;3;0;1;2;0;1;2;3;4;5;6","0;0;0;0;0;0;0;0;0;0;0;0;0;0;0;0;0;0;0;0;0;0;0;0;0;0;0;0;0;0;0;0;0;0;0;0;0;0;0;0;0;0","Imported from Hevy"
1970-01-01,imported_hevy,10_jun_2025,_02:34,"10 Jun 2025, 02:34",78,"0;1;2;3;4;0;1;2;3;4;0;1;2;0;1;2;0;1;2;3;0;1;2;3;0;1;2;0;1;2;0;1;2;3;4;5;0;1;2;3;4;0;1;2;3;0;1;2;3;0;1;2;3;4;5;6;0;1;0;1;2;3;0;1;2;3;0;1;2;3;0;1;2;3;0;1;2;3","0;0;0;0;0;0;0;0;0;0;0;0;0;0;0;0;0;0;0;0;0;0;0;0;0;0;0;0;0;0;0;0;0;0;0;0;0;0;0;0;0;0;0;0;0;0;0;0;0;0;0;0;0;0;0;0;0;0;0;0;0;0;0;0;0;0;0;0;0;0;0;0;0;0;0;0;0;0","Imported from Hevy"
1970-01-01,imported_hevy,6_jun_2025,_02:10,"6 Jun 2025, 02:10",83,"0;1;2;3;4;0;1;2;3;4;5;6;0;1;2;0;1;2;0;1;2;3;0;1;2;0;1;2;3;0;1;2;0;1;2;3;0;1;2;3;4;5;0;1;2;3;4;0;1;2;0;1;2;3;0;1;2;3;4;5;0;1;0;1;2;0;1;2;3;0;1;2;0;0;1;2;3;4;5;0;1;2;3","0;0;0;0;0;0;0;0;0;0;0;0;0;0;0;0;0;0;0;0;0;0;0;0;0;0;0;0;0;0;0;0;0;0;0;0;0;0;0;0;0;0;0;0;0;0;0;0;0;0;0;0;0;0;0;0;0;0;0;0;0;0;0;0;0;0;0;0;0;0;0;0;0;0;0;0;0;0;0;0;0;0;0","Imported from Hevy"
1970-01-01,imported_hevy,3_jun_2025,_05:02,"3 Jun 2025, 05:02",84,"0;1;2;3;4;0;1;2;3;4;5;6;0;1;2;0;1;2;3;0;1;2;0;1;2;0;1;2;3;0;1;2;3;4;0;1;2;3;4;5;6;7;0;1;2;3;0;1;2;3;0;1;2;0;1;2;0;1;0;1;2;3;0;1;2;0;1;2;3;0;1;2;0;1;2;3;0;1;2;0;1;2;3;4","0;0;0;0;0;0;0;0;0;0;0;0;0;0;0;0;0;0;0;0;0;0;0;0;0;0;0;0;0;0;0;0;0;0;0;0;0;0;0;0;0;0;0;0;0;0;0;0;0;0;0;0;0;0;0;0;0;0;0;0;0;0;0;0;0;0;0;0;0;0;0;0;0;0;0;0;0;0;0;0;0;0;0;0","Imported from Hevy"
1970-01-01,imported_hevy,30_may_2025,_03:33,"30 May 2025, 03:33",81,"0;1;2;3;4;0;1;2;3;4;5;6;7;0;1;2;0;1;2;3;0;1;2;0;1;2;0;1;2;3;0;1;2;3;4;0;1;2;3;4;5;0;1;2;3;0;1;2;3;0;1;2;0;1;2;0;1;0;1;2;0;1;2;0;1;2;0;1;2;0;1;2;3;0;0;1;2;3;0;1;2","0;0;0;0;0;0;0;0;0;0;0;0;0;0;0;0;0;0;0;0;0;0;0;0;0;0;0;0;0;0;0;0;0;0;0;0;0;0;0;0;0;0;0;0;0;0;0;0;0;0;0;0;0;0;0;0;0;0;0;0;0;0;0;0;0;0;0;0;0;0;0;0;0;0;0;0;0;0;0;0;0","Imported from Hevy"
1970-01-01,imported_hevy,27_may_2025,_06:55,"27 May 2025, 06:55",65,"0;1;2;3;4;0;1;2;3;4;0;1;2;0;1;2;3;0;1;2;0;1;2;0;1;2;3;4;0;1;2;0;1;2;0;1;2;3;0;1;2;0;1;2;3;0;1;2;0;1;2;3;4;5;6;0;1;2;0;1;2;0;1;2;3","0;0;0;0;0;0;0;0;0;0;0;0;0;0;0;0;0;0;0;0;0;0;0;0;0;0;0;0;0;0;0;0;0;0;0;0;0;0;0;0;0;0;0;0;0;0;0;0;0;0;0;0;0;0;0;0;0;0;0;0;0;0;0;0;0","Imported from Hevy"
1970-01-01,imported_hevy,23_may_2025,_06:54,"23 May 2025, 06:54",63,"0;1;2;3;4;0;1;2;3;0;1;2;3;0;1;2;3;0;1;2;0;1;2;0;1;2;3;4;0;1;2;0;1;2;0;1;2;0;1;2;0;1;2;0;1;2;3;4;5;0;1;2;0;1;2;0;1;2;3;4;0;1;2","0;0;0;0;0;0;0;0;0;0;0;0;0;0;0;0;0;0;0;0;0;0;0;0;0;0;0;0;0;0;0;0;0;0;0;0;0;0;0;0;0;0;0;0;0;0;0;0;0;0;0;0;0;0;0;0;0;0;0;0;0;0;0","Imported from Hevy"
1970-01-01,imported_hevy,20_may_2025,_02:36,"20 May 2025, 02:36",75,"0;1;2;3;4;0;1;2;3;0;1;2;0;1;2;3;4;5;0;1;2;0;1;2;3;0;1;2;3;0;1;2;3;4;0;1;2;0;1;2;0;1;2;3;0;1;2;0;1;2;0;1;2;0;1;2;0;1;0;1;0;1;2;0;1;2;3;4;5;0;1;2;0;1;2","0;0;0;0;0;0;0;0;0;0;0;0;0;0;0;0;0;0;0;0;0;0;0;0;0;0;0;0;0;0;0;0;0;0;0;0;0;0;0;0;0;0;0;0;0;0;0;0;0;0;0;0;0;0;0;0;0;0;0;0;0;0;0;0;0;0;0;0;0;0;0;0;0;0;0","Imported from Hevy"
1970-01-01,imported_hevy,16_may_2025,_02:51,"16 May 2025, 02:51",61,"0;1;2;3;4;0;1;2;3;4;5;0;1;2;0;1;2;3;4;5;0;1;2;0;1;2;3;0;1;2;3;0;1;2;3;0;1;2;0;1;2;0;1;2;0;1;2;0;1;2;0;1;0;1;2;0;1;2;3;4;5","0;0;0;0;0;0;0;0;0;0;0;0;0;0;0;0;0;0;0;0;0;0;0;0;0;0;0;0;0;0;0;0;0;0;0;0;0;0;0;0;0;0;0;0;0;0;0;0;0;0;0;0;0;0;0;0;0;0;0;0;0","Imported from Hevy"
1970-01-01,imported_hevy,13_may_2025,_04:36,"13 May 2025, 04:36",74,"0;1;2;3;4;0;1;2;3;0;1;2;0;1;2;3;4;5;0;1;2;0;1;2;3;0;1;2;3;0;1;2;3;0;1;2;0;1;2;0;1;2;3;0;1;2;0;1;2;0;1;0;1;2;3;0;1;0;1;0;1;2;0;1;2;3;4;5;0;1;2;0;1;2","0;0;0;0;0;0;0;0;0;0;0;0;0;0;0;0;0;0;0;0;0;0;0;0;0;0;0;0;0;0;0;0;0;0;0;0;0;0;0;0;0;0;0;0;0;0;0;0;0;0;0;0;0;0;0;0;0;0;0;0;0;0;0;0;0;0;0;0;0;0;0;0;0;0","Imported from Hevy"
1970-01-01,imported_hevy,9_may_2025,_02:40,"9 May 2025, 02:40",66,"0;1;2;3;4;0;1;2;3;0;1;2;0;1;2;0;1;2;3;0;1;2;0;1;2;0;1;2;0;1;2;0;1;2;0;1;2;0;1;0;1;2;0;1;2;0;1;2;3;4;5;0;1;2;3;4;0;1;2;3;0;1;2;0;1;2","0;0;0;0;0;0;0;0;0;0;0;0;0;0;0;0;0;0;0;0;0;0;0;0;0;0;0;0;0;0;0;0;0;0;0;0;0;0;0;0;0;0;0;0;0;0;0;0;0;0;0;0;0;0;0;0;0;0;0;0;0;0;0;0;0;0","Imported from Hevy"
1970-01-01,imported_hevy,6_may_2025,_02:42,"6 May 2025, 02:42",48,"0;1;2;3;4;0;1;2;3;0;1;2;0;1;2;3;0;1;2;3;0;1;2;0;1;2;0;1;2;0;1;2;0;1;2;0;1;2;0;1;2;0;1;2;3;0;1;2","0;0;0;0;0;0;0;0;0;0;0;0;0;0;0;0;0;0;0;0;0;0;0;0;0;0;0;0;0;0;0;0;0;0;0;0;0;0;0;0;0;0;0;0;0;0;0;0","Imported from Hevy"
1970-01-01,imported_hevy,3_may_2025,_02:53,"3 May 2025, 02:53",75,"0;1;2;3;4;0;1;2;3;4;0;1;2;3;0;1;2;3;4;5;0;1;2;3;0;1;2;3;0;1;2;3;0;1;2;3;0;1;2;3;0;1;2;0;1;2;0;1;2;0;1;2;3;0;1;2;3;4;5;0;1;2;0;1;2;3;0;1;2;0;1;2;0;1;2","0;0;0;0;0;0;0;0;0;0;0;0;0;0;0;0;0;0;0;0;0;0;0;0;0;0;0;0;0;0;0;0;0;0;0;0;0;0;0;0;0;0;0;0;0;0;0;0;0;0;0;0;0;0;0;0;0;0;0;0;0;0;0;0;0;0;0;0;0;0;0;0;0;0;0","Imported from Hevy"
1970-01-01,imported_hevy,29_apr_2025,_02:48,"29 Apr 2025, 02:48",62,"0;1;2;3;4;0;1;2;3;4;0;1;2;3;0;1;2;3;0;1;2;3;0;1;2;3;0;1;2;0;1;2;0;1;2;0;1;0;1;2;0;1;2;0;1;2;3;4;5;0;1;2;0;0;1;2;3;0;1;0;1;2","0;0;0;0;0;0;0;0;0;0;0;0;0;0;0;0;0;0;0;0;0;0;0;0;0;0;0;0;0;0;0;0;0;0;0;0;0;0;0;0;0;0;0;0;0;0;0;0;0;0;0;0;0;0;0;0;0;0;0;0;0;0","Imported from Hevy"
1970-01-01,imported_hevy,25_apr_2025,_02:12,"25 Apr 2025, 02:12",82,"0;1;2;3;4;0;1;2;3;0;1;2;3;4;5;0;1;2;3;0;1;2;0;1;2;3;0;1;2;0;1;2;3;0;1;2;3;0;1;2;0;1;2;0;1;2;3;0;1;2;3;0;1;2;0;1;2;0;1;2;0;1;2;3;4;5;0;1;0;1;2;3;0;1;2;0;1;2;0;1;2;3","0;0;0;0;0;0;0;0;0;0;0;0;0;0;0;0;0;0;0;0;0;0;0;0;0;0;0;0;0;0;0;0;0;0;0;0;0;0;0;0;0;0;0;0;0;0;0;0;0;0;0;0;0;0;0;0;0;0;0;0;0;0;0;0;0;0;0;0;0;0;0;0;0;0;0;0;0;0;0;0;0;0","Imported from Hevy"
1970-01-01,imported_hevy,22_apr_2025,_02:26,"22 Apr 2025, 02:26",80,"0;1;2;3;4;0;1;2;3;0;1;2;0;1;2;3;4;5;0;1;2;3;0;1;2;0;1;2;3;4;5;0;1;2;0;1;2;0;1;2;0;1;2;0;1;2;3;4;5;0;1;2;0;1;2;0;1;2;0;1;2;0;1;2;3;4;5;0;1;2;3;0;1;2;0;1;2;0;1;2","0;0;0;0;0;0;0;0;0;0;0;0;0;0;0;0;0;0;0;0;0;0;0;0;0;0;0;0;0;0;0;0;0;0;0;0;0;0;0;0;0;0;0;0;0;0;0;0;0;0;0;0;0;0;0;0;0;0;0;0;0;0;0;0;0;0;0;0;0;0;0;0;0;0;0;0;0;0;0;0","Imported from Hevy"
1970-01-01,imported_hevy,17_apr_2025,_04:54,"17 Apr 2025, 04:54",47,"0;1;2;3;4;0;1;2;3;0;1;2;0;1;2;0;1;2;0;1;2;0;1;2;0;1;2;0;1;0;1;2;0;1;2;0;1;2;3;4;5;0;1;2;0;1;2","0;0;0;0;0;0;0;0;0;0;0;0;0;0;0;0;0;0;0;0;0;0;0;0;0;0;0;0;0;0;0;0;0;0;0;0;0;0;0;0;0;0;0;0;0;0;0","Imported from Hevy"
1970-01-01,imported_hevy,15_apr_2025,_03:18,"15 Apr 2025, 03:18",69,"0;1;2;3;4;0;1;2;3;0;1;2;0;1;2;3;4;5;0;1;2;3;0;1;2;0;1;2;0;1;2;3;4;5;0;1;2;0;1;2;0;1;2;0;1;2;0;1;2;0;1;2;0;1;2;0;1;2;3;4;5;0;1;2;0;1;0;1;2","0;0;0;0;0;0;0;0;0;0;0;0;0;0;0;0;0;0;0;0;0;0;0;0;0;0;0;0;0;0;0;0;0;0;0;0;0;0;0;0;0;0;0;0;0;0;0;0;0;0;0;0;0;0;0;0;0;0;0;0;0;0;0;0;0;0;0;0;0","Imported from Hevy"
1970-01-01,imported_hevy,11_apr_2025,_03:00,"11 Apr 2025, 03:00",57,"0;1;2;3;4;0;1;2;3;0;1;2;0;1;2;3;0;1;2;0;1;2;0;1;2;0;1;2;0;1;2;0;1;2;0;1;0;1;2;0;1;2;3;4;5;0;1;2;0;1;2;0;1;2;0;1;2","0;0;0;0;0;0;0;0;0;0;0;0;0;0;0;0;0;0;0;0;0;0;0;0;0;0;0;0;0;0;0;0;0;0;0;0;0;0;0;0;0;0;0;0;0;0;0;0;0;0;0;0;0;0;0;0;0","Imported from Hevy"
1970-01-01,imported_hevy,17_aug_2025,_08:15,"17 Aug 2025, 08:15",23,"0;0;1;2;3;0;1;2;3;0;1;2;3;0;1;2;3;0;1;2;3;0;1","0;0;0;0;0;0;0;0;0;0;0;0;0;0;0;0;0;0;0;0;0;0;0","Imported from Hevy"
1970-01-01,imported_hevy,19_apr_2025,_14:31,"19 Apr 2025, 14:31",66,"0;1;2;3;4;0;1;2;3;4;5;6;7;0;1;2;3;0;1;2;3;0;1;2;3;0;1;2;3;0;1;2;3;4;5;6;7;0;1;2;3;0;1;2;0;1;2;3;0;1;2;3;4;5;6;7;0;1;2;3;0;1;2;3;4;5","0;0;0;0;0;0;0;0;0;0;0;0;0;0;0;0;0;0;0;0;0;0;0;0;0;0;0;0;0;0;0;0;0;0;0;0;0;0;0;0;0;0;0;0;0;0;0;0;0;0;0;0;0;0;0;0;0;0;0;0;0;0;0;0;0;0","Imported from Hevy"
1970-01-01,imported_hevy,9_jul_2024,_03:21,"9 Jul 2024, 03:21",45,"0;1;2;3;4;5;0;1;2;3;4;0;1;2;0;1;2;3;0;1;2;3;0;1;2;3;0;1;2;3;0;1;0;1;2;3;4;0;1;2;3;0;1;2;3","0;0;0;0;0;0;0;0;0;0;0;0;0;0;0;0;0;0;0;0;0;0;0;0;0;0;0;0;0;0;0;0;0;0;0;0;0;0;0;0;0;0;0;0;0","Imported from Hevy"
1970-01-01,imported_hevy,6_jul_2024,_02:52,"6 Jul 2024, 02:52",36,"0;1;2;3;4;5;6;0;1;2;0;1;2;3;0;1;2;3;0;1;2;3;4;5;0;1;2;3;0;1;2;3;0;1;2;3","0;0;0;0;0;0;0;0;0;0;0;0;0;0;0;0;0;0;0;0;0;0;0;0;0;0;0;0;0;0;0;0;0;0;0;0","Imported from Hevy"
1970-01-01,imported_hevy,5_jul_2024,_04:12,"5 Jul 2024, 04:12",28,"0;1;2;3;0;1;2;3;0;1;2;3;0;1;2;3;0;1;0;1;2;3;4;0;1;2;3;0","0;0;0;0;0;0;0;0;0;0;0;0;0;0;0;0;0;0;0;0;0;0;0;0;0;0;0;0","Imported from Hevy"
1970-01-01,imported_hevy,21_jun_2024,_09:49,"21 Jun 2024, 09:49",28,"0;1;2;3;0;1;2;3;0;1;2;3;0;1;2;3;0;1;2;0;1;2;3;0;1;2;3;4","0;0;0;0;0;0;0;0;0;0;0;0;0;0;0;0;0;0;0;0;0;0;0;0;0;0;0;0","Imported from Hevy"
1970-01-01,imported_hevy,20_jun_2024,_19:36,"20 Jun 2024, 19:36",18,"0;1;2;3;0;1;2;3;0;1;2;3;0;1;0;1;2;3","0;0;0;0;0;0;0;0;0;0;0;0;0;0;0;0;0;0","Imported from Hevy"
1970-01-01,imported_hevy,14_jun_2024,_02:18,"14 Jun 2024, 02:18",19,"0;1;2;3;4;5;0;1;2;3;0;1;2;3;4;0;1;2;3","0;0;0;0;0;0;0;0;0;0;0;0;0;0;0;0;0;0;0","Imported from Hevy"
1970-01-01,imported_hevy,3_aug_2025,_09:16,"3 Aug 2025, 09:16",33,"0;0;1;2;3;4;0;1;2;3;0;1;2;0;1;2;3;0;1;0;1;2;0;1;2;0;1;2;0;1;2;3;0","0;0;0;0;0;0;0;0;0;0;0;0;0;0;0;0;0;0;0;0;0;0;0;0;0;0;0;0;0;0;0;0;0","Imported from Hevy"
1970-01-01,imported_hevy,27_jul_2025,_11:01,"27 Jul 2025, 11:01",25,"0;1;2;0;1;2;3;0;1;2;3;0;1;2;3;4;5;0;1;2;3;0;1;2;3","0;0;0;0;0;0;0;0;0;0;0;0;0;0;0;0;0;0;0;0;0;0;0;0;0","Imported from Hevy"
1970-01-01,imported_hevy,31_dec_2024,_05:50,"31 Dec 2024, 05:50",94,"0;1;2;3;0;1;2;3;4;0;1;2;3;0;1;2;3;0;1;2;3;4;5;6;0;1;2;3;0;1;2;3;4;5;6;7;0;1;2;3;0;1;2;3;0;1;2;3;0;1;2;3;0;1;2;0;1;2;0;1;2;3;0;1;2;3;4;5;6;7;0;1;2;3;4;5;6;7;0;1;2;3;4;5;6;7;0;1;2;3;0;1;2;3","0;0;0;0;0;0;0;0;0;0;0;0;0;0;0;0;0;0;0;0;0;0;0;0;0;0;0;0;0;0;0;0;0;0;0;0;0;0;0;0;0;0;0;0;0;0;0;0;0;0;0;0;0;0;0;0;0;0;0;0;0;0;0;0;0;0;0;0;0;0;0;0;0;0;0;0;0;0;0;0;0;0;0;0;0;0;0;0;0;0;0;0;0;0","Imported from Hevy"
1970-01-01,imported_hevy,18_sep_2024,_09:21,"18 Sep 2024, 09:21",20,"0;1;2;3;4;5;6;7;0;1;2;3;0;1;2;0;1;2;3;4","0;0;0;0;0;0;0;0;0;0;0;0;0;0;0;0;0;0;0;0","Imported from Hevy"
1970-01-01,imported_hevy,13_jul_2024,_05:01,"13 Jul 2024, 05:01",15,"0;1;2;3;0;1;2;3;4;5;6;7;0;1;2","0;0;0;0;0;0;0;0;0;0;0;0;0;0;0","Imported from Hevy"
1970-01-01,imported_hevy,12_jul_2024,_02:46,"12 Jul 2024, 02:46",26,"0;1;2;3;4;5;0;1;2;3;0;1;2;3;0;1;2;3;0;1;2;3;0;1;2;3","0;0;0;0;0;0;0;0;0;0;0;0;0;0;0;0;0;0;0;0;0;0;0;0;0;0","Imported from Hevy"
1970-01-01,imported_hevy,10_jul_2024,_02:51,"10 Jul 2024, 02:51",45,"0;1;2;3;0;1;2;3;4;5;0;1;2;3;0;1;2;3;0;1;2;3;0;1;2;3;0;1;2;3;0;1;2;0;1;2;3;0;1;2;3;0;1;2;3","0;0;0;0;0;0;0;0;0;0;0;0;0;0;0;0;0;0;0;0;0;0;0;0;0;0;0;0;0;0;0;0;0;0;0;0;0;0;0;0;0;0;0;0;0","Imported from Hevy"
1970-01-01,imported_hevy,4_jul_2024,_03:16,"4 Jul 2024, 03:16",50,"0;1;2;3;0;1;2;3;0;1;2;3;0;1;2;3;4;0;1;2;3;0;1;2;3;0;1;2;3;4;5;6;0;1;2;3;4;0;1;2;3;0;1;2;3;0;1;2;3;4","0;0;0;0;0;0;0;0;0;0;0;0;0;0;0;0;0;0;0;0;0;0;0;0;0;0;0;0;0;0;0;0;0;0;0;0;0;0;0;0;0;0;0;0;0;0;0;0;0;0","Imported from Hevy"
1970-01-01,imported_hevy,2_jul_2024,_03:07,"2 Jul 2024, 03:07",52,"0;1;2;3;4;5;6;0;1;2;3;4;0;1;2;3;0;1;2;3;0;1;2;3;0;1;2;3;4;5;0;1;2;3;0;1;2;0;1;2;3;0;1;2;0;1;2;3;0;1;2;3","0;0;0;0;0;0;0;0;0;0;0;0;0;0;0;0;0;0;0;0;0;0;0;0;0;0;0;0;0;0;0;0;0;0;0;0;0;0;0;0;0;0;0;0;0;0;0;0;0;0;0;0","Imported from Hevy"
1970-01-01,imported_hevy,29_jun_2024,_02:41,"29 Jun 2024, 02:41",43,"0;1;2;3;4;0;0;1;2;3;0;1;2;3;0;1;2;3;0;1;2;3;4;0;1;2;3;0;1;2;3;0;1;2;3;0;1;2;3;0;1;2;3","0;0;0;0;0;0;0;0;0;0;0;0;0;0;0;0;0;0;0;0;0;0;0;0;0;0;0;0;0;0;0;0;0;0;0;0;0;0;0;0;0;0;0","Imported from Hevy"
1970-01-01,imported_hevy,28_jun_2024,_04:31,"28 Jun 2024, 04:31",17,"0;1;2;3;0;1;2;3;0;0;1;2;3;0;1;2;3","0;0;0;0;0;0;0;0;0;0;0;0;0;0;0;0;0","Imported from Hevy"
1970-01-01,imported_hevy,27_jun_2024,_02:59,"27 Jun 2024, 02:59",14,"0;1;2;3;4;5;0;1;2;3;0;1;2;3","0;0;0;0;0;0;0;0;0;0;0;0;0;0","Imported from Hevy"
1970-01-01,imported_hevy,26_jun_2024,_05:22,"26 Jun 2024, 05:22",47,"0;1;2;3;0;1;2;3;0;1;2;3;0;1;2;3;0;1;2;0;1;2;3;4;5;6;7;8;9;10;0;1;2;0;1;2;3;0;1;0;1;2;3;0;1;2;3","0;0;0;0;0;0;0;0;0;0;0;0;0;0;0;0;0;0;0;0;0;0;0;0;0;0;0;0;0;0;0;0;0;0;0;0;0;0;0;0;0;0;0;0;0;0;0","Imported from Hevy"
1970-01-01,imported_hevy,25_jun_2024,_03:11,"25 Jun 2024, 03:11",37,"0;1;2;3;4;5;0;1;2;3;4;0;1;2;3;0;1;2;3;4;0;1;2;3;0;1;2;3;0;1;2;3;0;1;2;3;0","0;0;0;0;0;0;0;0;0;0;0;0;0;0;0;0;0;0;0;0;0;0;0;0;0;0;0;0;0;0;0;0;0;0;0;0;0","Imported from Hevy"
1970-01-01,imported_hevy,24_jun_2024,_09:17,"24 Jun 2024, 09:17",19,"0;1;2;3;0;1;2;3;4;0;1;0;1;2;3;0;1;2;3","0;0;0;0;0;0;0;0;0;0;0;0;0;0;0;0;0;0;0","Imported from Hevy"
1970-01-01,imported_hevy,24_jun_2024,_07:06,"24 Jun 2024, 07:06",37,"0;1;2;3;4;5;0;1;2;3;4;0;1;2;3;0;1;2;0;1;2;3;0;1;2;3;0;1;2;3;0;1;2;3;0;1;2","0;0;0;0;0;0;0;0;0;0;0;0;0;0;0;0;0;0;0;0;0;0;0;0;0;0;0;0;0;0;0;0;0;0;0;0;0","Imported from Hevy"
1970-01-01,imported_hevy,22_jun_2024,_02:59,"22 Jun 2024, 02:59",51,"0;1;2;3;0;1;2;3;4;0;1;2;3;0;1;2;3;0;1;2;3;0;1;2;3;4;0;1;2;3;4;0;1;2;3;0;1;2;3;0;1;2;3;0;1;2;3;0;1;2;3","0;0;0;0;0;0;0;0;0;0;0;0;0;0;0;0;0;0;0;0;0;0;0;0;0;0;0;0;0;0;0;0;0;0;0;0;0;0;0;0;0;0;0;0;0;0;0;0;0;0;0","Imported from Hevy"
1970-01-01,imported_hevy,21_jun_2024,_07:11,"21 Jun 2024, 07:11",24,"0;1;2;3;4;0;1;2;3;4;0;1;2;3;4;0;1;2;3;0;1;2;3;4","0;0;0;0;0;0;0;0;0;0;0;0;0;0;0;0;0;0;0;0;0;0;0;0","Imported from Hevy"
1970-01-01,imported_hevy,19_jun_2024,_06:44,"19 Jun 2024, 06:44",26,"0;1;2;3;0;1;2;3;0;1;2;3;4;5;0;1;2;3;0;1;2;3;0;1;2;3","0;0;0;0;0;0;0;0;0;0;0;0;0;0;0;0;0;0;0;0;0;0;0;0;0;0","Imported from Hevy"
1970-01-01,imported_hevy,19_jun_2024,_02:59,"19 Jun 2024, 02:59",23,"0;1;2;3;0;1;2;3;4;0;1;2;3;0;1;2;3;0;1;2;3;4;5","0;0;0;0;0;0;0;0;0;0;0;0;0;0;0;0;0;0;0;0;0;0;0","Imported from Hevy"
1970-01-01,imported_hevy,18_jun_2024,_03:14,"18 Jun 2024, 03:14",51,"0;1;2;3;4;0;1;2;3;4;5;0;1;2;3;4;5;0;1;2;3;4;0;1;2;3;0;1;2;3;0;1;2;3;0;1;2;3;0;1;2;3;4;0;1;2;3;0;1;2;3","0;0;0;0;0;0;0;0;0;0;0;0;0;0;0;0;0;0;0;0;0;0;0;0;0;0;0;0;0;0;0;0;0;0;0;0;0;0;0;0;0;0;0;0;0;0;0;0;0;0;0","Imported from Hevy"
1970-01-01,imported_hevy,17_jun_2024,_07:19,"17 Jun 2024, 07:19",39,"0;1;2;3;4;0;1;2;3;0;1;2;3;0;1;2;3;0;1;2;3;0;1;2;3;0;1;2;3;4;0;1;2;3;0;1;2;3;4","0;0;0;0;0;0;0;0;0;0;0;0;0;0;0;0;0;0;0;0;0;0;0;0;0;0;0;0;0;0;0;0;0;0;0;0;0;0;0","Imported from Hevy"
1970-01-01,imported_hevy,15_jun_2024,_02:47,"15 Jun 2024, 02:47",59,"0;1;2;3;4;5;6;7;0;1;2;3;4;5;0;1;2;3;4;5;6;7;0;1;2;3;4;5;6;7;8;9;10;0;1;2;3;4;0;1;2;3;4;5;0;1;2;0;1;2;3;0;1;2;3;0;1;2;3","0;0;0;0;0;0;0;0;0;0;0;0;0;0;0;0;0;0;0;0;0;0;0;0;0;0;0;0;0;0;0;0;0;0;0;0;0;0;0;0;0;0;0;0;0;0;0;0;0;0;0;0;0;0;0;0;0;0;0","Imported from Hevy"
1970-01-01,imported_hevy,13_jun_2024,_02:59,"13 Jun 2024, 02:59",67,"0;1;2;3;0;1;2;3;0;1;2;3;0;1;2;3;4;0;1;2;3;0;1;2;3;0;1;2;3;0;1;2;3;0;1;2;3;0;1;2;3;0;1;2;3;0;1;2;3;0;1;2;3;0;1;2;3;4;0;1;2;3;0;1;2;3;4","0;0;0;0;0;0;0;0;0;0;0;0;0;0;0;0;0;0;0;0;0;0;0;0;0;0;0;0;0;0;0;0;0;0;0;0;0;0;0;0;0;0;0;0;0;0;0;0;0;0;0;0;0;0;0;0;0;0;0;0;0;0;0;0;0;0;0","Imported from Hevy"
1970-01-01,imported_hevy,12_jun_2024,_09:48,"12 Jun 2024, 09:48",12,"0;1;2;3;0;1;2;3;0;1;2;3","0;0;0;0;0;0;0;0;0;0;0;0","Imported from Hevy"
1970-01-01,imported_hevy,12_jun_2024,_03:11,"12 Jun 2024, 03:11",33,"0;1;2;3;0;1;2;3;0;1;2;3;0;1;2;3;0;1;2;3;0;1;0;1;2;3;4;5;6;0;1;2;3","0;0;0;0;0;0;0;0;0;0;0;0;0;0;0;0;0;0;0;0;0;0;0;0;0;0;0;0;0;0;0;0;0","Imported from Hevy"
1970-01-01,imported_hevy,11_jun_2024,_03:24,"11 Jun 2024, 03:24",37,"0;1;2;3;4;0;1;2;3;4;0;1;2;3;4;0;1;2;3;4;0;1;2;3;0;1;2;3;0;0;1;2;3;0;1;2;3","0;0;0;0;0;0;0;0;0;0;0;0;0;0;0;0;0;0;0;0;0;0;0;0;0;0;0;0;0;0;0;0;0;0;0;0;0","Imported from Hevy"
1970-01-01,imported_hevy,10_jun_2024,_07:04,"10 Jun 2024, 07:04",39,"0;1;2;3;4;5;6;0;1;2;3;4;5;6;7;0;1;2;3;0;1;2;3;4;0;1;2;3;0;1;2;3;0;1;2;3;0;1;2","0;0;0;0;0;0;0;0;0;0;0;0;0;0;0;0;0;0;0;0;0;0;0;0;0;0;0;0;0;0;0;0;0;0;0;0;0;0;0","Imported from Hevy"
1970-01-01,imported_hevy,8_jun_2024,_02:44,"8 Jun 2024, 02:44",36,"0;1;2;3;4;5;6;0;1;2;3;4;5;0;1;2;3;0;1;2;3;4;5;6;0;1;2;3;0;1;2;3;0;1;2;3","0;0;0;0;0;0;0;0;0;0;0;0;0;0;0;0;0;0;0;0;0;0;0;0;0;0;0;0;0;0;0;0;0;0;0;0","Imported from Hevy"
1970-01-01,imported_hevy,7_jun_2024,_02:56,"7 Jun 2024, 02:56",27,"0;1;2;3;4;0;1;2;0;1;2;3;0;1;2;3;4;0;1;2;3;4;0;1;2;3;4","0;0;0;0;0;0;0;0;0;0;0;0;0;0;0;0;0;0;0;0;0;0;0;0;0;0;0","Imported from Hevy"
1970-01-01,imported_hevy,6_jun_2024,_03:20,"6 Jun 2024, 03:20",45,"0;1;2;3;4;5;0;1;2;3;0;1;0;1;2;3;4;5;6;7;0;1;2;0;1;2;3;4;0;1;2;3;0;1;2;3;0;1;2;3;0;1;2;3;4","0;0;0;0;0;0;0;0;0;0;0;0;0;0;0;0;0;0;0;0;0;0;0;0;0;0;0;0;0;0;0;0;0;0;0;0;0;0;0;0;0;0;0;0;0","Imported from Hevy"
1970-01-01,imported_hevy,5_jun_2024,_03:01,"5 Jun 2024, 03:01",39,"0;1;2;3;4;5;6;0;1;2;3;4;0;1;2;3;4;0;1;2;3;4;5;0;0;1;2;3;0;1;2;3;0;1;2;3;0;1;2","0;0;0;0;0;0;0;0;0;0;0;0;0;0;0;0;0;0;0;0;0;0;0;0;0;0;0;0;0;0;0;0;0;0;0;0;0;0;0","Imported from Hevy"
1970-01-01,imported_hevy,4_jun_2024,_04:03,"4 Jun 2024, 04:03",41,"0;1;2;3;4;5;6;0;1;2;3;0;1;2;3;4;5;0;1;2;3;4;0;1;2;3;4;0;1;2;3;4;0;1;2;3;0;1;2;3;4","0;0;0;0;0;0;0;0;0;0;0;0;0;0;0;0;0;0;0;0;0;0;0;0;0;0;0;0;0;0;0;0;0;0;0;0;0;0;0;0;0","Imported from Hevy"
1970-01-01,imported_hevy,3_jun_2024,_07:04,"3 Jun 2024, 07:04",69,"0;1;2;3;0;1;2;3;4;0;1;2;3;4;0;1;2;0;1;2;3;4;5;0;1;2;3;4;0;1;2;3;0;1;2;3;4;0;1;2;3;0;1;2;3;4;0;1;2;3;0;1;2;3;0;1;2;3;0;0;1;2;3;0;1;2;3;4;5","0;0;0;0;0;0;0;0;0;0;0;0;0;0;0;0;0;0;0;0;0;0;0;0;0;0;0;0;0;0;0;0;0;0;0;0;0;0;0;0;0;0;0;0;0;0;0;0;0;0;0;0;0;0;0;0;0;0;0;0;0;0;0;0;0;0;0;0;0","Imported from Hevy"
1970-01-01,imported_hevy,1_jun_2024,_02:56,"1 Jun 2024, 02:56",55,"0;1;2;3;4;5;0;1;2;3;0;1;2;3;4;5;6;0;1;2;3;4;0;1;2;3;4;0;1;2;3;0;1;2;3;0;1;2;3;4;5;6;7;0;1;2;3;0;1;2;3;0;1;2;3","0;0;0;0;0;0;0;0;0;0;0;0;0;0;0;0;0;0;0;0;0;0;0;0;0;0;0;0;0;0;0;0;0;0;0;0;0;0;0;0;0;0;0;0;0;0;0;0;0;0;0;0;0;0;0","Imported from Hevy"
1970-01-01,imported_hevy,31_may_2024,_02:54,"31 May 2024, 02:54",58,"0;1;2;3;4;5;6;0;1;2;3;4;0;1;2;3;0;1;2;3;0;1;2;3;4;0;1;2;3;0;1;2;3;0;1;2;3;4;5;0;1;2;3;4;0;1;2;3;4;5;0;1;2;3;0;1;2;3","0;0;0;0;0;0;0;0;0;0;0;0;0;0;0;0;0;0;0;0;0;0;0;0;0;0;0;0;0;0;0;0;0;0;0;0;0;0;0;0;0;0;0;0;0;0;0;0;0;0;0;0;0;0;0;0;0;0","Imported from Hevy"
1970-01-01,imported_hevy,30_may_2024,_02:43,"30 May 2024, 02:43",88,"0;1;2;3;4;5;0;1;2;0;1;2;3;4;5;0;1;2;3;4;5;0;1;2;3;4;0;1;2;3;4;0;1;2;3;4;5;6;0;1;2;3;0;1;2;0;1;2;3;0;1;2;3;4;5;6;7;0;1;2;3;0;1;2;3;0;1;2;3;0;1;2;3;0;1;2;3;0;1;2;3;0;1;2;3;0;1;2","0;0;0;0;0;0;0;0;0;0;0;0;0;0;0;0;0;0;0;0;0;0;0;0;0;0;0;0;0;0;0;0;0;0;0;0;0;0;0;0;0;0;0;0;0;0;0;0;0;0;0;0;0;0;0;0;0;0;0;0;0;0;0;0;0;0;0;0;0;0;0;0;0;0;0;0;0;0;0;0;0;0;0;0;0;0;0;0","Imported from Hevy"
1970-01-01,imported_hevy,29_may_2024,_03:00,"29 May 2024, 03:00",38,"0;1;2;3;4;5;0;1;2;3;4;0;1;2;3;4;5;0;1;2;0;1;2;3;0;1;2;3;0;1;2;3;0;1;2;3;4;5","0;0;0;0;0;0;0;0;0;0;0;0;0;0;0;0;0;0;0;0;0;0;0;0;0;0;0;0;0;0;0;0;0;0;0;0;0;0","Imported from Hevy"
1970-01-01,imported_hevy,28_may_2024,_03:11,"28 May 2024, 03:11",58,"0;1;2;3;4;5;0;1;2;3;4;5;0;1;2;3;0;1;2;3;0;1;2;3;0;1;2;3;0;1;2;3;0;1;2;3;0;1;2;3;4;0;1;2;3;0;1;2;3;4;0;1;2;3;0;1;2;3","0;0;0;0;0;0;0;0;0;0;0;0;0;0;0;0;0;0;0;0;0;0;0;0;0;0;0;0;0;0;0;0;0;0;0;0;0;0;0;0;0;0;0;0;0;0;0;0;0;0;0;0;0;0;0;0;0;0","Imported from Hevy"
1970-01-01,imported_hevy,27_may_2024,_07:52,"27 May 2024, 07:52",64,"0;1;2;3;4;5;6;0;1;2;3;4;0;1;2;3;0;1;2;3;0;1;2;3;0;1;2;3;0;1;2;3;0;1;2;3;0;1;2;3;0;1;2;3;0;1;2;3;0;1;0;1;2;3;0;1;2;3;0;1;2;3;4;0","0;0;0;0;0;0;0;0;0;0;0;0;0;0;0;0;0;0;0;0;0;0;0;0;0;0;0;0;0;0;0;0;0;0;0;0;0;0;0;0;0;0;0;0;0;0;0;0;0;0;0;0;0;0;0;0;0;0;0;0;0;0;0;0","Imported from Hevy"
1970-01-01,imported_hevy,24_may_2024,_05:07,"24 May 2024, 05:07",17,"0;1;2;3;0;1;2;3;0;1;2;3;4;0;1;2;3","0;0;0;0;0;0;0;0;0;0;0;0;0;0;0;0;0","Imported from Hevy"
1970-01-01,imported_hevy,23_may_2024,_07:24,"23 May 2024, 07:24",39,"0;1;2;3;4;5;0;1;2;0;1;2;3;0;1;2;3;0;1;2;3;0;1;2;0;1;2;3;4;5;0;1;2;3;0;1;2;3;0","0;0;0;0;0;0;0;0;0;0;0;0;0;0;0;0;0;0;0;0;0;0;0;0;0;0;0;0;0;0;0;0;0;0;0;0;0;0;0","Imported from Hevy"
1970-01-01,imported_hevy,22_may_2024,_13:04,"22 May 2024, 13:04",31,"0;1;2;3;4;0;1;2;3;0;1;2;3;0;1;2;3;0;1;2;0;1;2;0;1;2;3;0;1;2;3","0;0;0;0;0;0;0;0;0;0;0;0;0;0;0;0;0;0;0;0;0;0;0;0;0;0;0;0;0;0;0","Imported from Hevy"
1970-01-01,imported_hevy,20_may_2024,_07:12,"20 May 2024, 07:12",39,"0;1;2;3;4;5;0;1;2;3;0;1;2;3;4;5;6;7;0;1;2;3;0;1;0;1;2;3;0;1;2;0;1;2;3;0;1;2;3","0;0;0;0;0;0;0;0;0;0;0;0;0;0;0;0;0;0;0;0;0;0;0;0;0;0;0;0;0;0;0;0;0;0;0;0;0;0;0","Imported from Hevy"
1970-01-01,imported_hevy,9_apr_2025,_02:24,"9 Apr 2025, 02:24",69,"0;1;2;3;4;0;1;2;3;4;5;6;0;1;2;3;0;1;2;3;0;1;2;3;0;1;2;0;1;2;3;4;5;6;7;8;9;10;0;1;2;3;0;1;2;3;0;1;2;3;4;5;6;7;8;9;0;1;2;3;0;1;2;3;0;1;2;3;4","0;0;0;0;0;0;0;0;0;0;0;0;0;0;0;0;0;0;0;0;0;0;0;0;0;0;0;0;0;0;0;0;0;0;0;0;0;0;0;0;0;0;0;0;0;0;0;0;0;0;0;0;0;0;0;0;0;0;0;0;0;0;0;0;0;0;0;0;0","Imported from Hevy"
1970-01-01,imported_hevy,2_apr_2025,_02:08,"2 Apr 2025, 02:08",59,"0;1;2;3;0;1;2;3;0;1;2;3;0;1;2;3;0;1;2;3;0;1;2;3;0;1;2;3;4;5;6;7;8;0;1;2;3;0;1;2;3;0;1;2;3;4;5;6;7;8;9;0;1;2;3;0;1;2;3","0;0;0;0;0;0;0;0;0;0;0;0;0;0;0;0;0;0;0;0;0;0;0;0;0;0;0;0;0;0;0;0;0;0;0;0;0;0;0;0;0;0;0;0;0;0;0;0;0;0;0;0;0;0;0;0;0;0;0","Imported from Hevy"
1970-01-01,imported_hevy,26_mar_2025,_01:50,"26 Mar 2025, 01:50",70,"0;1;2;3;4;0;1;2;3;4;0;1;2;3;0;1;2;3;4;5;6;7;8;9;10;0;1;2;3;0;1;2;3;0;1;2;3;0;1;2;3;4;5;6;7;8;9;10;11;0;1;2;3;0;1;2;3;4;5;0;1;2;3;4;0;1;2;3;4;5","0;0;0;0;0;0;0;0;0;0;0;0;0;0;0;0;0;0;0;0;0;0;0;0;0;0;0;0;0;0;0;0;0;0;0;0;0;0;0;0;0;0;0;0;0;0;0;0;0;0;0;0;0;0;0;0;0;0;0;0;0;0;0;0;0;0;0;0;0;0","Imported from Hevy"
1970-01-01,imported_hevy,19_mar_2025,_03:24,"19 Mar 2025, 03:24",78,"0;1;2;3;0;1;2;3;0;1;2;3;4;5;6;7;8;0;1;2;3;0;1;2;3;0;1;2;3;0;1;2;3;0;1;2;3;0;1;2;3;4;0;1;2;3;0;1;2;3;4;5;6;7;8;9;10;0;0;1;2;3;4;5;6;7;0;1;2;3;4;5;6;7;0;1;2;3","0;0;0;0;0;0;0;0;0;0;0;0;0;0;0;0;0;0;0;0;0;0;0;0;0;0;0;0;0;0;0;0;0;0;0;0;0;0;0;0;0;0;0;0;0;0;0;0;0;0;0;0;0;0;0;0;0;0;0;0;0;0;0;0;0;0;0;0;0;0;0;0;0;0;0;0;0;0","Imported from Hevy"
1970-01-01,imported_hevy,12_mar_2025,_02:30,"12 Mar 2025, 02:30",57,"0;1;2;3;0;1;2;3;0;1;2;3;0;1;2;3;0;1;2;3;4;5;6;7;8;0;1;2;3;4;5;6;7;8;9;0;0;1;2;3;0;1;2;3;4;0;1;2;3;4;5;6;7;0;1;2;3","0;0;0;0;0;0;0;0;0;0;0;0;0;0;0;0;0;0;0;0;0;0;0;0;0;0;0;0;0;0;0;0;0;0;0;0;0;0;0;0;0;0;0;0;0;0;0;0;0;0;0;0;0;0;0;0;0","Imported from Hevy"
1970-01-01,imported_hevy,5_mar_2025,_04:23,"5 Mar 2025, 04:23",56,"0;1;2;3;4;0;1;2;3;4;0;1;2;3;0;1;2;3;4;0;1;2;3;4;5;6;7;8;9;0;1;2;3;4;5;6;7;0;1;2;3;0;1;2;3;0;1;2;3;0;1;2;3;4;5;6","0;0;0;0;0;0;0;0;0;0;0;0;0;0;0;0;0;0;0;0;0;0;0;0;0;0;0;0;0;0;0;0;0;0;0;0;0;0;0;0;0;0;0;0;0;0;0;0;0;0;0;0;0;0;0;0","Imported from Hevy"
1970-01-01,imported_hevy,26_feb_2025,_07:03,"26 Feb 2025, 07:03",48,"0;1;2;3;0;1;2;0;1;2;3;0;1;2;3;0;1;2;3;4;5;6;7;8;9;0;1;2;3;4;5;6;7;8;9;0;1;2;0;1;2;3;0;1;2;3;0;1","0;0;0;0;0;0;0;0;0;0;0;0;0;0;0;0;0;0;0;0;0;0;0;0;0;0;0;0;0;0;0;0;0;0;0;0;0;0;0;0;0;0;0;0;0;0;0;0","Imported from Hevy"
1970-01-01,imported_hevy,19_feb_2025,_06:09,"19 Feb 2025, 06:09",47,"0;1;2;3;0;1;2;3;0;1;2;3;4;5;6;0;1;2;3;4;5;6;7;8;9;10;0;1;2;3;4;5;6;7;0;1;2;3;0;1;2;3;0;1;2;3;4","0;0;0;0;0;0;0;0;0;0;0;0;0;0;0;0;0;0;0;0;0;0;0;0;0;0;0;0;0;0;0;0;0;0;0;0;0;0;0;0;0;0;0;0;0;0;0","Imported from Hevy"
1970-01-01,imported_hevy,12_feb_2025,_02:12,"12 Feb 2025, 02:12",72,"0;1;2;3;4;5;6;0;1;2;3;4;0;1;2;3;4;0;1;2;3;0;1;2;3;4;5;6;7;8;9;10;11;12;13;0;1;2;3;4;5;6;7;8;9;0;1;2;0;1;2;3;0;1;2;3;0;1;2;3;0;1;2;3;4;5;6;7;0;1;2;3","0;0;0;0;0;0;0;0;0;0;0;0;0;0;0;0;0;0;0;0;0;0;0;0;0;0;0;0;0;0;0;0;0;0;0;0;0;0;0;0;0;0;0;0;0;0;0;0;0;0;0;0;0;0;0;0;0;0;0;0;0;0;0;0;0;0;0;0;0;0;0;0","Imported from Hevy"
1970-01-01,imported_hevy,5_feb_2025,_01:51,"5 Feb 2025, 01:51",51,"0;1;2;3;4;0;1;2;3;4;0;1;2;3;4;5;6;7;0;1;2;3;0;1;2;3;4;5;6;7;8;9;10;11;0;1;2;3;4;5;6;7;8;9;0;1;2;3;0;1;2","0;0;0;0;0;0;0;0;0;0;0;0;0;0;0;0;0;0;0;0;0;0;0;0;0;0;0;0;0;0;0;0;0;0;0;0;0;0;0;0;0;0;0;0;0;0;0;0;0;0;0","Imported from Hevy"
1970-01-01,imported_hevy,29_jan_2025,_01:54,"29 Jan 2025, 01:54",68,"0;1;2;3;4;0;1;2;3;4;0;1;2;3;0;1;2;3;0;1;2;3;4;5;6;7;8;9;10;11;12;0;1;2;3;4;5;6;7;8;9;10;0;1;2;3;0;1;2;3;0;1;2;3;0;1;2;3;0;1;2;3;0;1;2;0;1;2","0;0;0;0;0;0;0;0;0;0;0;0;0;0;0;0;0;0;0;0;0;0;0;0;0;0;0;0;0;0;0;0;0;0;0;0;0;0;0;0;0;0;0;0;0;0;0;0;0;0;0;0;0;0;0;0;0;0;0;0;0;0;0;0;0;0;0;0","Imported from Hevy"
1970-01-01,imported_hevy,22_jan_2025,_01:47,"22 Jan 2025, 01:47",78,"0;1;2;3;4;0;1;2;3;4;0;1;2;3;4;0;1;2;3;4;5;6;7;8;9;0;1;2;3;0;1;2;3;4;5;6;7;8;9;10;0;1;2;3;4;0;1;2;3;0;1;2;3;4;0;1;2;3;4;5;6;7;0;1;2;3;0;1;2;3;0;1;2;3;4;0;1;2","0;0;0;0;0;0;0;0;0;0;0;0;0;0;0;0;0;0;0;0;0;0;0;0;0;0;0;0;0;0;0;0;0;0;0;0;0;0;0;0;0;0;0;0;0;0;0;0;0;0;0;0;0;0;0;0;0;0;0;0;0;0;0;0;0;0;0;0;0;0;0;0;0;0;0;0;0;0","Imported from Hevy"
1970-01-01,imported_hevy,15_jan_2025,_01:59,"15 Jan 2025, 01:59",85,"0;1;2;3;4;0;1;2;3;4;5;0;1;2;3;4;0;1;2;3;4;5;6;7;8;9;10;11;0;1;2;3;4;5;0;1;2;3;4;5;6;7;8;0;1;2;3;4;0;1;2;3;0;1;2;3;4;0;1;2;3;4;5;6;7;0;1;2;3;4;5;6;7;0;1;2;3;0;1;2;3;4;5;6;7","0;0;0;0;0;0;0;0;0;0;0;0;0;0;0;0;0;0;0;0;0;0;0;0;0;0;0;0;0;0;0;0;0;0;0;0;0;0;0;0;0;0;0;0;0;0;0;0;0;0;0;0;0;0;0;0;0;0;0;0;0;0;0;0;0;0;0;0;0;0;0;0;0;0;0;0;0;0;0;0;0;0;0;0;0","Imported from Hevy"
1970-01-01,imported_hevy,8_jan_2025,_04:11,"8 Jan 2025, 04:11",78,"0;1;2;3;4;0;1;2;3;4;0;1;2;3;4;5;6;7;0;1;2;3;0;1;2;3;0;1;2;3;4;5;6;7;8;9;10;0;1;2;3;4;0;1;2;3;0;1;2;3;0;1;2;3;0;1;2;3;4;5;6;7;0;1;2;3;4;5;6;7;0;1;2;3;0;1;2;3","0;0;0;0;0;0;0;0;0;0;0;0;0;0;0;0;0;0;0;0;0;0;0;0;0;0;0;0;0;0;0;0;0;0;0;0;0;0;0;0;0;0;0;0;0;0;0;0;0;0;0;0;0;0;0;0;0;0;0;0;0;0;0;0;0;0;0;0;0;0;0;0;0;0;0;0;0;0","Imported from Hevy"
1970-01-01,imported_hevy,18_dec_2024,_02:24,"18 Dec 2024, 02:24",71,"0;1;2;3;4;0;1;2;3;0;1;2;3;4;5;6;7;0;1;2;3;4;0;1;2;3;0;1;2;3;4;5;6;7;8;9;0;1;2;3;0;1;2;3;0;1;2;3;0;1;2;0;1;2;3;4;5;6;7;0;1;2;3;4;5;6;7;0;1;2;3","0;0;0;0;0;0;0;0;0;0;0;0;0;0;0;0;0;0;0;0;0;0;0;0;0;0;0;0;0;0;0;0;0;0;0;0;0;0;0;0;0;0;0;0;0;0;0;0;0;0;0;0;0;0;0;0;0;0;0;0;0;0;0;0;0;0;0;0;0;0;0","Imported from Hevy"
1970-01-01,imported_hevy,11_dec_2024,_04:55,"11 Dec 2024, 04:55",73,"0;1;2;3;4;0;1;2;3;0;1;2;3;0;1;2;0;1;2;3;4;5;6;7;8;9;10;11;0;1;2;3;4;5;6;7;0;1;2;3;0;1;2;3;4;5;6;7;8;9;10;11;12;0;1;2;3;4;5;6;7;0;1;2;3;0;1;2;3;0;1;2;3","0;0;0;0;0;0;0;0;0;0;0;0;0;0;0;0;0;0;0;0;0;0;0;0;0;0;0;0;0;0;0;0;0;0;0;0;0;0;0;0;0;0;0;0;0;0;0;0;0;0;0;0;0;0;0;0;0;0;0;0;0;0;0;0;0;0;0;0;0;0;0;0;0","Imported from Hevy"
1970-01-01,imported_hevy,4_dec_2024,_02:04,"4 Dec 2024, 02:04",47,"0;1;2;3;4;5;0;1;2;3;0;1;2;3;0;1;2;0;1;2;3;0;1;2;3;0;1;2;3;0;1;2;3;4;5;6;7;8;9;10;11;12;13;0;1;2;3","0;0;0;0;0;0;0;0;0;0;0;0;0;0;0;0;0;0;0;0;0;0;0;0;0;0;0;0;0;0;0;0;0;0;0;0;0;0;0;0;0;0;0;0;0;0;0","Imported from Hevy"
1970-01-01,imported_hevy,27_nov_2024,_02:16,"27 Nov 2024, 02:16",68,"0;1;2;3;4;0;1;2;3;4;0;1;2;3;0;1;2;3;0;1;2;3;4;5;6;7;8;9;10;11;0;1;2;3;0;1;2;3;0;1;2;3;4;5;6;7;8;9;10;11;12;0;1;2;0;1;2;3;4;5;6;7;8;9;0;1;2;3","0;0;0;0;0;0;0;0;0;0;0;0;0;0;0;0;0;0;0;0;0;0;0;0;0;0;0;0;0;0;0;0;0;0;0;0;0;0;0;0;0;0;0;0;0;0;0;0;0;0;0;0;0;0;0;0;0;0;0;0;0;0;0;0;0;0;0;0","Imported from Hevy"
1970-01-01,imported_hevy,20_nov_2024,_04:28,"20 Nov 2024, 04:28",67,"0;1;2;3;4;0;1;2;3;4;0;1;2;3;0;1;2;3;0;1;2;3;4;5;6;7;8;9;10;11;0;1;2;3;0;1;2;3;0;1;2;3;4;5;6;7;8;9;10;11;12;13;14;0;1;2;3;0;1;2;3;4;5;6;7;8;9","0;0;0;0;0;0;0;0;0;0;0;0;0;0;0;0;0;0;0;0;0;0;0;0;0;0;0;0;0;0;0;0;0;0;0;0;0;0;0;0;0;0;0;0;0;0;0;0;0;0;0;0;0;0;0;0;0;0;0;0;0;0;0;0;0;0;0","Imported from Hevy"
1970-01-01,imported_hevy,13_nov_2024,_02:33,"13 Nov 2024, 02:33",55,"0;1;2;3;4;0;1;2;3;4;0;1;2;3;4;0;1;2;3;4;0;1;2;3;4;5;6;7;8;0;1;2;3;4;0;1;2;3;0;1;2;3;4;5;6;7;8;0;1;2;3;4;5;6;7","0;0;0;0;0;0;0;0;0;0;0;0;0;0;0;0;0;0;0;0;0;0;0;0;0;0;0;0;0;0;0;0;0;0;0;0;0;0;0;0;0;0;0;0;0;0;0;0;0;0;0;0;0;0;0","Imported from Hevy"
1970-01-01,imported_hevy,6_nov_2024,_02:36,"6 Nov 2024, 02:36",57,"0;1;2;3;0;1;2;3;4;0;1;2;0;1;2;3;4;0;1;2;3;4;5;6;7;8;9;0;1;2;3;0;1;2;3;0;1;2;3;4;5;6;7;8;9;0;1;2;3;0;1;2;3;4;5;6;7","0;0;0;0;0;0;0;0;0;0;0;0;0;0;0;0;0;0;0;0;0;0;0;0;0;0;0;0;0;0;0;0;0;0;0;0;0;0;0;0;0;0;0;0;0;0;0;0;0;0;0;0;0;0;0;0;0","Imported from Hevy"
1970-01-01,imported_hevy,30_oct_2024,_02:32,"30 Oct 2024, 02:32",54,"0;1;2;3;4;0;1;2;3;4;0;1;2;3;4;0;1;2;3;4;0;1;2;3;4;5;6;7;8;9;0;1;2;3;4;0;1;2;3;0;1;2;3;4;5;6;7;0;1;2;0;1;2;3","0;0;0;0;0;0;0;0;0;0;0;0;0;0;0;0;0;0;0;0;0;0;0;0;0;0;0;0;0;0;0;0;0;0;0;0;0;0;0;0;0;0;0;0;0;0;0;0;0;0;0;0;0;0","Imported from Hevy"
1970-01-01,imported_hevy,23_oct_2024,_02:13,"23 Oct 2024, 02:13",57,"0;1;2;3;4;0;1;2;3;0;1;2;3;0;1;2;3;0;1;2;3;0;1;2;3;4;0;1;2;3;4;5;0;1;2;3;4;5;6;7;8;0;1;2;3;0;1;2;3;4;5;6;7;0;1;2;3","0;0;0;0;0;0;0;0;0;0;0;0;0;0;0;0;0;0;0;0;0;0;0;0;0;0;0;0;0;0;0;0;0;0;0;0;0;0;0;0;0;0;0;0;0;0;0;0;0;0;0;0;0;0;0;0;0","Imported from Hevy"
1970-01-01,imported_hevy,16_oct_2024,_02:17,"16 Oct 2024, 02:17",61,"0;1;2;3;4;0;1;2;3;0;1;2;3;0;1;2;3;4;0;1;2;3;4;5;6;7;8;9;10;0;1;0;1;2;3;0;1;2;3;4;5;6;7;8;0;1;2;3;0;1;2;3;4;5;6;7;0;1;2;3;0","0;0;0;0;0;0;0;0;0;0;0;0;0;0;0;0;0;0;0;0;0;0;0;0;0;0;0;0;0;0;0;0;0;0;0;0;0;0;0;0;0;0;0;0;0;0;0;0;0;0;0;0;0;0;0;0;0;0;0;0;0","Imported from Hevy"
1970-01-01,imported_hevy,9_oct_2024,_02:56,"9 Oct 2024, 02:56",64,"0;1;2;3;4;0;1;2;3;0;1;2;3;0;1;2;3;4;0;1;2;3;4;5;6;7;8;9;10;0;1;2;3;0;1;2;3;0;1;2;3;4;5;6;7;8;9;0;1;2;3;4;5;6;7;0;1;2;3;0;1;2;3;4","0;0;0;0;0;0;0;0;0;0;0;0;0;0;0;0;0;0;0;0;0;0;0;0;0;0;0;0;0;0;0;0;0;0;0;0;0;0;0;0;0;0;0;0;0;0;0;0;0;0;0;0;0;0;0;0;0;0;0;0;0;0;0;0","Imported from Hevy"
1970-01-01,imported_hevy,2_oct_2024,_04:04,"2 Oct 2024, 04:04",73,"0;1;2;3;4;0;1;2;3;4;0;1;2;3;4;5;6;7;0;1;2;3;4;0;1;2;3;0;1;2;3;4;0;1;2;3;4;0;1;2;3;4;5;6;7;8;9;10;11;12;13;0;1;2;3;0;1;2;3;4;5;6;7;8;9;0;1;2;3;0;1;2;3","0;0;0;0;0;0;0;0;0;0;0;0;0;0;0;0;0;0;0;0;0;0;0;0;0;0;0;0;0;0;0;0;0;0;0;0;0;0;0;0;0;0;0;0;0;0;0;0;0;0;0;0;0;0;0;0;0;0;0;0;0;0;0;0;0;0;0;0;0;0;0;0;0","Imported from Hevy"
1970-01-01,imported_hevy,25_sep_2024,_03:13,"25 Sep 2024, 03:13",65,"0;1;2;3;4;0;1;2;3;0;1;2;3;4;5;6;7;8;9;10;0;1;2;3;0;1;2;3;0;1;2;3;4;5;6;7;8;0;1;2;3;0;1;2;3;0;1;2;0;1;2;3;4;5;6;7;8;9;0;1;2;3;0;1;2","0;0;0;0;0;0;0;0;0;0;0;0;0;0;0;0;0;0;0;0;0;0;0;0;0;0;0;0;0;0;0;0;0;0;0;0;0;0;0;0;0;0;0;0;0;0;0;0;0;0;0;0;0;0;0;0;0;0;0;0;0;0;0;0;0","Imported from Hevy"
1970-01-01,imported_hevy,11_sep_2024,_02:36,"11 Sep 2024, 02:36",62,"0;1;2;3;4;0;1;2;3;0;1;2;3;4;5;6;7;8;9;10;11;0;1;2;3;0;1;2;3;0;1;2;3;4;5;6;7;8;9;10;0;1;2;3;0;1;2;3;0;1;2;3;0;1;2;3;4;5;6;7;8;9","0;0;0;0;0;0;0;0;0;0;0;0;0;0;0;0;0;0;0;0;0;0;0;0;0;0;0;0;0;0;0;0;0;0;0;0;0;0;0;0;0;0;0;0;0;0;0;0;0;0;0;0;0;0;0;0;0;0;0;0;0;0","Imported from Hevy"
1970-01-01,imported_hevy,7_sep_2024,_02:56,"7 Sep 2024, 02:56",37,"0;1;2;3;4;0;1;2;0;1;2;3;4;0;1;2;0;1;2;3;4;5;6;0;1;2;0;1;2;3;4;5;0;1;2;3;4","0;0;0;0;0;0;0;0;0;0;0;0;0;0;0;0;0;0;0;0;0;0;0;0;0;0;0;0;0;0;0;0;0;0;0;0;0","Imported from Hevy"
1970-01-01,imported_hevy,4_sep_2024,_04:58,"4 Sep 2024, 04:58",53,"0;1;2;3;4;0;1;2;3;4;1;2;3;4;5;6;7;0;1;2;3;0;1;2;3;4;5;6;7;8;0;1;2;3;0;1;2;3;0;1;2;3;4;5;6;7;8;9;0;1;2;3;4","0;0;0;0;0;0;0;0;0;0;0;0;0;0;0;0;0;0;0;0;0;0;0;0;0;0;0;0;0;0;0;0;0;0;0;0;0;0;0;0;0;0;0;0;0;0;0;0;0;0;0;0;0","Imported from Hevy"
1970-01-01,imported_hevy,28_aug_2024,_02:31,"28 Aug 2024, 02:31",77,"0;1;2;3;4;5;0;1;2;3;4;0;1;2;3;4;5;6;7;0;1;2;3;4;0;1;2;3;4;0;1;2;3;4;5;6;7;8;9;10;11;12;13;14;0;1;2;3;4;5;0;1;2;3;4;0;1;2;3;4;0;1;2;3;4;5;6;7;8;9;0;1;2;3;4;0;1","0;0;0;0;0;0;0;0;0;0;0;0;0;0;0;0;0;0;0;0;0;0;0;0;0;0;0;0;0;0;0;0;0;0;0;0;0;0;0;0;0;0;0;0;0;0;0;0;0;0;0;0;0;0;0;0;0;0;0;0;0;0;0;0;0;0;0;0;0;0;0;0;0;0;0;0;0","Imported from Hevy"
1970-01-01,imported_hevy,21_aug_2024,_02:47,"21 Aug 2024, 02:47",73,"0;1;2;3;4;5;6;7;0;1;2;3;4;5;6;7;8;0;1;2;3;4;0;1;2;3;4;0;1;2;3;0;1;2;3;4;5;0;1;2;3;4;5;6;7;0;1;2;3;4;5;0;1;2;3;4;0;1;2;3;4;0;1;2;3;4;5;6;0;1;2;3;4","0;0;0;0;0;0;0;0;0;0;0;0;0;0;0;0;0;0;0;0;0;0;0;0;0;0;0;0;0;0;0;0;0;0;0;0;0;0;0;0;0;0;0;0;0;0;0;0;0;0;0;0;0;0;0;0;0;0;0;0;0;0;0;0;0;0;0;0;0;0;0;0;0","Imported from Hevy"
1970-01-01,imported_hevy,17_aug_2024,_05:38,"17 Aug 2024, 05:38",62,"0;1;2;3;4;5;6;7;8;0;1;2;3;4;5;6;7;0;1;2;3;0;1;2;3;4;0;1;2;3;4;0;1;2;3;0;1;2;3;4;0;1;2;3;4;5;6;7;0;1;2;3;4;0;1;2;3;0;1;2;3;4","0;0;0;0;0;0;0;0;0;0;0;0;0;0;0;0;0;0;0;0;0;0;0;0;0;0;0;0;0;0;0;0;0;0;0;0;0;0;0;0;0;0;0;0;0;0;0;0;0;0;0;0;0;0;0;0;0;0;0;0;0;0","Imported from Hevy"
1970-01-01,imported_hevy,14_aug_2024,_02:23,"14 Aug 2024, 02:23",61,"0;1;2;3;4;5;6;7;0;1;2;3;4;5;6;7;8;9;10;0;1;2;3;0;1;2;3;4;0;1;2;3;4;0;1;2;3;0;1;2;3;0;1;2;3;0;1;2;3;4;5;6;7;0;1;2;3;0;1;2;3","0;0;0;0;0;0;0;0;0;0;0;0;0;0;0;0;0;0;0;0;0;0;0;0;0;0;0;0;0;0;0;0;0;0;0;0;0;0;0;0;0;0;0;0;0;0;0;0;0;0;0;0;0;0;0;0;0;0;0;0;0","Imported from Hevy"
1970-01-01,imported_hevy,7_aug_2024,_04:13,"7 Aug 2024, 04:13",58,"0;1;2;3;4;5;6;0;1;2;3;4;5;6;7;8;9;0;1;2;3;0;1;2;3;4;0;1;2;3;4;5;6;7;0;1;2;3;0;1;2;3;0;1;2;3;0;1;2;3;4;5;6;7;0;1;2;3","0;0;0;0;0;0;0;0;0;0;0;0;0;0;0;0;0;0;0;0;0;0;0;0;0;0;0;0;0;0;0;0;0;0;0;0;0;0;0;0;0;0;0;0;0;0;0;0;0;0;0;0;0;0;0;0;0;0","Imported from Hevy"
1970-01-01,imported_hevy,31_jul_2024,_03:45,"31 Jul 2024, 03:45",37,"0;1;2;3;4;5;6;0;1;2;3;4;5;6;0;1;2;3;4;0;1;2;3;4;0;1;2;3;4;0;1;2;3;0;1;2;3","0;0;0;0;0;0;0;0;0;0;0;0;0;0;0;0;0;0;0;0;0;0;0;0;0;0;0;0;0;0;0;0;0;0;0;0;0","Imported from Hevy"
1970-01-01,imported_hevy,27_jul_2024,_02:41,"27 Jul 2024, 02:41",53,"0;1;2;3;4;5;6;0;1;2;3;4;5;0;1;2;3;4;5;6;7;8;0;1;2;3;0;1;2;3;0;1;2;3;4;0;1;2;3;4;5;6;0;1;2;0;1;2;3;0;1;2;3","0;0;0;0;0;0;0;0;0;0;0;0;0;0;0;0;0;0;0;0;0;0;0;0;0;0;0;0;0;0;0;0;0;0;0;0;0;0;0;0;0;0;0;0;0;0;0;0;0;0;0;0;0","Imported from Hevy"
1970-01-01,imported_hevy,24_jul_2024,_03:03,"24 Jul 2024, 03:03",38,"0;1;2;3;4;0;1;2;3;0;1;2;3;4;5;6;7;8;0;1;2;3;0;1;2;3;0;1;2;3;4;0;1;2;0;1;2;3","0;0;0;0;0;0;0;0;0;0;0;0;0;0;0;0;0;0;0;0;0;0;0;0;0;0;0;0;0;0;0;0;0;0;0;0;0;0","Imported from Hevy"
1970-01-01,imported_hevy,20_jul_2024,_02:52,"20 Jul 2024, 02:52",58,"0;1;2;3;4;5;6;0;1;2;3;4;5;6;7;0;1;2;3;4;5;6;0;1;2;3;0;1;2;3;0;1;2;3;0;1;2;3;4;5;6;7;0;1;2;3;0;1;2;3;0;1;2;3;0;1;2;3","0;0;0;0;0;0;0;0;0;0;0;0;0;0;0;0;0;0;0;0;0;0;0;0;0;0;0;0;0;0;0;0;0;0;0;0;0;0;0;0;0;0;0;0;0;0;0;0;0;0;0;0;0;0;0;0;0;0","Imported from Hevy"
1970-01-01,imported_hevy,17_jul_2024,_07:07,"17 Jul 2024, 07:07",49,"0;1;2;3;4;5;6;7;0;1;2;3;4;5;6;7;0;1;2;3;0;1;2;3;0;1;2;3;0;1;2;3;4;0;1;2;3;0;1;2;3;0;1;2;3;0;1;2;3","0;0;0;0;0;0;0;0;0;0;0;0;0;0;0;0;0;0;0;0;0;0;0;0;0;0;0;0;0;0;0;0;0;0;0;0;0;0;0;0;0;0;0;0;0;0;0;0;0","Imported from Hevy"
1970-01-01,imported_hevy,8_apr_2025,_02:47,"8 Apr 2025, 02:47",84,"0;1;2;3;4;5;0;1;2;3;0;1;2;3;0;1;2;3;0;1;2;3;0;1;2;3;0;1;2;3;4;0;1;2;3;0;1;2;3;4;0;1;2;3;4;5;6;7;0;1;2;3;0;1;2;3;0;1;2;3;0;1;2;3;0;1;2;3;4;5;6;7;0;1;2;3;0;1;2;3;0;1;2;3","0;0;0;0;0;0;0;0;0;0;0;0;0;0;0;0;0;0;0;0;0;0;0;0;0;0;0;0;0;0;0;0;0;0;0;0;0;0;0;0;0;0;0;0;0;0;0;0;0;0;0;0;0;0;0;0;0;0;0;0;0;0;0;0;0;0;0;0;0;0;0;0;0;0;0;0;0;0;0;0;0;0;0;0","Imported from Hevy"
1970-01-01,imported_hevy,4_apr_2025,_02:37,"4 Apr 2025, 02:37",68,"0;1;2;3;4;5;6;0;1;2;3;0;1;2;3;0;1;2;3;0;1;2;3;0;1;2;3;4;0;1;2;3;4;5;0;1;2;3;0;1;2;3;0;1;0;1;2;3;0;1;2;3;4;5;6;7;0;1;2;3;4;5;6;7;0;1;2;3","0;0;0;0;0;0;0;0;0;0;0;0;0;0;0;0;0;0;0;0;0;0;0;0;0;0;0;0;0;0;0;0;0;0;0;0;0;0;0;0;0;0;0;0;0;0;0;0;0;0;0;0;0;0;0;0;0;0;0;0;0;0;0;0;0;0;0;0","Imported from Hevy"
1970-01-01,imported_hevy,1_apr_2025,_02:29,"1 Apr 2025, 02:29",73,"0;1;2;3;4;5;6;0;1;2;3;0;1;2;3;0;1;2;3;4;0;1;2;3;0;1;2;3;0;1;2;3;4;0;1;2;3;4;0;1;0;1;2;3;0;1;2;3;0;1;2;3;0;1;2;3;4;5;6;7;0;1;2;3;0;1;2;3;4;0;1;2;3","0;0;0;0;0;0;0;0;0;0;0;0;0;0;0;0;0;0;0;0;0;0;0;0;0;0;0;0;0;0;0;0;0;0;0;0;0;0;0;0;0;0;0;0;0;0;0;0;0;0;0;0;0;0;0;0;0;0;0;0;0;0;0;0;0;0;0;0;0;0;0;0;0","Imported from Hevy"
1970-01-01,imported_hevy,28_mar_2025,_02:26,"28 Mar 2025, 02:26",92,"0;1;2;3;4;0;1;2;3;0;1;2;3;0;1;2;3;4;0;1;2;3;0;1;2;3;0;1;2;3;0;1;2;3;4;0;1;2;3;4;5;6;0;1;2;3;0;1;2;3;0;1;2;3;0;1;2;3;0;1;2;3;0;1;2;3;4;5;6;7;8;9;0;1;2;3;4;5;6;7;0;1;2;3;0;1;2;3;0;1;2;3","0;0;0;0;0;0;0;0;0;0;0;0;0;0;0;0;0;0;0;0;0;0;0;0;0;0;0;0;0;0;0;0;0;0;0;0;0;0;0;0;0;0;0;0;0;0;0;0;0;0;0;0;0;0;0;0;0;0;0;0;0;0;0;0;0;0;0;0;0;0;0;0;0;0;0;0;0;0;0;0;0;0;0;0;0;0;0;0;0;0;0;0","Imported from Hevy"
1970-01-01,imported_hevy,25_mar_2025,_02:39,"25 Mar 2025, 02:39",90,"0;1;2;3;4;0;1;2;3;4;0;1;2;3;0;1;2;3;0;1;2;3;0;1;2;3;0;1;2;3;0;1;2;3;4;0;1;2;3;4;5;6;7;0;1;2;3;0;1;2;3;0;1;2;3;0;1;2;3;0;1;2;3;0;1;2;3;4;5;6;7;0;1;2;3;4;5;6;7;0;1;2;0;1;2;3;0;1;2;3","0;0;0;0;0;0;0;0;0;0;0;0;0;0;0;0;0;0;0;0;0;0;0;0;0;0;0;0;0;0;0;0;0;0;0;0;0;0;0;0;0;0;0;0;0;0;0;0;0;0;0;0;0;0;0;0;0;0;0;0;0;0;0;0;0;0;0;0;0;0;0;0;0;0;0;0;0;0;0;0;0;0;0;0;0;0;0;0;0;0","Imported from Hevy"
1970-01-01,imported_hevy,21_mar_2025,_02:32,"21 Mar 2025, 02:32",68,"0;1;2;0;1;2;0;1;2;3;0;1;2;3;4;5;6;0;1;2;3;0;1;2;3;0;1;2;3;0;1;2;3;0;1;2;3;0;1;2;3;0;1;2;3;0;1;2;3;0;1;2;3;4;5;6;7;0;1;2;3;4;5;6;7;0;1;2","0;0;0;0;0;0;0;0;0;0;0;0;0;0;0;0;0;0;0;0;0;0;0;0;0;0;0;0;0;0;0;0;0;0;0;0;0;0;0;0;0;0;0;0;0;0;0;0;0;0;0;0;0;0;0;0;0;0;0;0;0;0;0;0;0;0;0;0","Imported from Hevy"
1970-01-01,imported_hevy,18_mar_2025,_02:58,"18 Mar 2025, 02:58",84,"0;1;2;3;0;1;2;3;4;0;1;2;3;0;1;2;3;0;1;2;3;0;1;2;3;4;0;1;2;3;4;5;6;7;0;1;2;3;4;5;6;7;0;1;2;3;0;1;2;3;4;0;1;2;3;0;1;2;3;0;1;2;3;4;5;6;7;0;1;2;3;4;5;6;7;0;1;2;0;1;2;3;0;1","0;0;0;0;0;0;0;0;0;0;0;0;0;0;0;0;0;0;0;0;0;0;0;0;0;0;0;0;0;0;0;0;0;0;0;0;0;0;0;0;0;0;0;0;0;0;0;0;0;0;0;0;0;0;0;0;0;0;0;0;0;0;0;0;0;0;0;0;0;0;0;0;0;0;0;0;0;0;0;0;0;0;0;0","Imported from Hevy"
1970-01-01,imported_hevy,14_mar_2025,_02:43,"14 Mar 2025, 02:43",93,"0;1;2;3;0;1;2;3;4;0;1;2;3;4;5;0;1;2;0;1;2;3;0;1;2;3;4;5;6;7;0;1;2;3;0;1;2;3;0;1;2;3;0;1;2;3;4;5;6;0;1;2;3;4;5;6;7;8;9;10;11;0;1;2;3;0;1;2;3;0;1;2;3;4;5;6;7;0;1;2;3;4;5;6;7;0;1;2;3;0;1;2;3","0;0;0;0;0;0;0;0;0;0;0;0;0;0;0;0;0;0;0;0;0;0;0;0;0;0;0;0;0;0;0;0;0;0;0;0;0;0;0;0;0;0;0;0;0;0;0;0;0;0;0;0;0;0;0;0;0;0;0;0;0;0;0;0;0;0;0;0;0;0;0;0;0;0;0;0;0;0;0;0;0;0;0;0;0;0;0;0;0;0;0;0;0","Imported from Hevy"
1970-01-01,imported_hevy,11_mar_2025,_03:25,"11 Mar 2025, 03:25",91,"0;1;2;3;0;1;2;3;4;0;1;2;3;0;1;2;3;4;0;1;2;3;4;5;6;7;0;1;2;3;0;1;2;3;4;5;6;7;0;1;2;0;1;2;3;4;5;6;7;8;9;10;11;0;1;2;3;4;0;1;2;3;0;1;2;3;4;5;6;7;0;1;2;3;4;5;6;7;0;1;2;3;0;1;2;3;0;1;2;3;4","0;0;0;0;0;0;0;0;0;0;0;0;0;0;0;0;0;0;0;0;0;0;0;0;0;0;0;0;0;0;0;0;0;0;0;0;0;0;0;0;0;0;0;0;0;0;0;0;0;0;0;0;0;0;0;0;0;0;0;0;0;0;0;0;0;0;0;0;0;0;0;0;0;0;0;0;0;0;0;0;0;0;0;0;0;0;0;0;0;0;0","Imported from Hevy"
1970-01-01,imported_hevy,7_mar_2025,_03:48,"7 Mar 2025, 03:48",86,"0;1;2;3;4;5;0;1;2;3;4;0;1;2;3;0;1;2;3;0;1;2;3;0;1;2;3;4;5;6;7;0;1;2;3;0;1;2;3;0;1;2;3;4;5;0;1;2;3;4;5;6;7;8;9;10;11;12;0;1;2;3;0;1;2;3;0;1;2;3;4;5;6;7;0;1;2;3;4;5;6;7;0;1;2;3","0;0;0;0;0;0;0;0;0;0;0;0;0;0;0;0;0;0;0;0;0;0;0;0;0;0;0;0;0;0;0;0;0;0;0;0;0;0;0;0;0;0;0;0;0;0;0;0;0;0;0;0;0;0;0;0;0;0;0;0;0;0;0;0;0;0;0;0;0;0;0;0;0;0;0;0;0;0;0;0;0;0;0;0;0;0","Imported from Hevy"
1970-01-01,imported_hevy,4_mar_2025,_04:58,"4 Mar 2025, 04:58",97,"0;1;2;3;4;0;1;2;3;0;1;2;3;0;1;2;3;0;1;2;3;0;1;2;3;4;5;6;7;0;1;2;3;0;1;2;3;0;1;2;3;4;5;6;7;0;1;2;3;4;5;6;0;1;2;3;4;5;6;7;8;9;10;11;12;0;1;2;3;0;1;2;3;0;1;2;3;4;5;6;7;0;1;2;3;4;5;6;7;0;1;2;3;0;1;2;3","0;0;0;0;0;0;0;0;0;0;0;0;0;0;0;0;0;0;0;0;0;0;0;0;0;0;0;0;0;0;0;0;0;0;0;0;0;0;0;0;0;0;0;0;0;0;0;0;0;0;0;0;0;0;0;0;0;0;0;0;0;0;0;0;0;0;0;0;0;0;0;0;0;0;0;0;0;0;0;0;0;0;0;0;0;0;0;0;0;0;0;0;0;0;0;0;0","Imported from Hevy"
1970-01-01,imported_hevy,28_feb_2025,_05:24,"28 Feb 2025, 05:24",86,"0;1;2;3;0;1;2;3;0;1;2;3;4;5;6;7;0;1;2;3;4;5;0;1;2;3;0;1;2;3;0;1;2;3;0;1;2;3;4;5;6;7;0;1;2;3;0;1;2;3;4;5;6;7;8;0;1;2;0;1;2;3;0;1;2;3;0;1;2;3;4;5;6;7;0;1;2;3;4;5;6;7;0;1;2;3","0;0;0;0;0;0;0;0;0;0;0;0;0;0;0;0;0;0;0;0;0;0;0;0;0;0;0;0;0;0;0;0;0;0;0;0;0;0;0;0;0;0;0;0;0;0;0;0;0;0;0;0;0;0;0;0;0;0;0;0;0;0;0;0;0;0;0;0;0;0;0;0;0;0;0;0;0;0;0;0;0;0;0;0;0;0","Imported from Hevy"
1970-01-01,imported_hevy,25_feb_2025,_05:44,"25 Feb 2025, 05:44",84,"0;1;2;3;4;5;0;1;2;3;4;5;0;1;2;3;0;1;2;3;0;1;2;3;0;1;2;3;0;1;2;3;4;5;6;7;0;1;2;3;0;1;2;3;4;5;6;7;0;1;2;3;4;0;1;2;0;1;2;3;0;1;2;3;4;5;6;7;0;1;2;3;4;5;6;7;0;1;2;3;0;1;2;3","0;0;0;0;0;0;0;0;0;0;0;0;0;0;0;0;0;0;0;0;0;0;0;0;0;0;0;0;0;0;0;0;0;0;0;0;0;0;0;0;0;0;0;0;0;0;0;0;0;0;0;0;0;0;0;0;0;0;0;0;0;0;0;0;0;0;0;0;0;0;0;0;0;0;0;0;0;0;0;0;0;0;0;0","Imported from Hevy"
1970-01-01,imported_hevy,21_feb_2025,_05:46,"21 Feb 2025, 05:46",74,"0;1;2;3;4;5;0;1;2;3;0;1;2;3;0;1;2;3;4;0;1;2;3;4;5;6;0;1;2;3;4;5;6;7;0;1;2;3;0;1;2;3;0;1;2;3;0;1;2;3;0;1;2;3;0;1;2;3;4;5;6;7;0;1;2;3;4;5;6;7;0;1;2;3","0;0;0;0;0;0;0;0;0;0;0;0;0;0;0;0;0;0;0;0;0;0;0;0;0;0;0;0;0;0;0;0;0;0;0;0;0;0;0;0;0;0;0;0;0;0;0;0;0;0;0;0;0;0;0;0;0;0;0;0;0;0;0;0;0;0;0;0;0;0;0;0;0;0","Imported from Hevy"
1970-01-01,imported_hevy,18_feb_2025,_06:57,"18 Feb 2025, 06:57",68,"0;1;2;3;4;5;6;0;1;2;3;4;5;6;7;0;1;2;3;0;0;1;2;3;4;5;6;7;0;1;2;3;0;1;2;3;4;5;6;7;0;1;2;3;0;1;2;3;0;1;2;3;4;5;6;7;0;1;2;3;4;5;6;7;0;1;2;3","0;0;0;0;0;0;0;0;0;0;0;0;0;0;0;0;0;0;0;0;0;0;0;0;0;0;0;0;0;0;0;0;0;0;0;0;0;0;0;0;0;0;0;0;0;0;0;0;0;0;0;0;0;0;0;0;0;0;0;0;0;0;0;0;0;0;0;0","Imported from Hevy"
1970-01-01,imported_hevy,14_feb_2025,_02:04,"14 Feb 2025, 02:04",77,"0;1;2;3;4;5;0;1;2;3;0;1;2;3;4;5;0;1;2;3;0;1;2;3;4;5;6;7;0;1;2;3;0;1;2;3;0;1;2;3;4;5;6;7;0;1;2;3;0;1;2;3;0;1;2;0;1;2;3;4;5;6;7;0;1;2;3;4;5;0;1;2;3;0;1;2;3","0;0;0;0;0;0;0;0;0;0;0;0;0;0;0;0;0;0;0;0;0;0;0;0;0;0;0;0;0;0;0;0;0;0;0;0;0;0;0;0;0;0;0;0;0;0;0;0;0;0;0;0;0;0;0;0;0;0;0;0;0;0;0;0;0;0;0;0;0;0;0;0;0;0;0;0;0","Imported from Hevy"
1970-01-01,imported_hevy,11_feb_2025,_02:13,"11 Feb 2025, 02:13",69,"0;1;2;3;4;5;0;1;2;3;4;5;6;0;1;2;3;0;1;2;3;4;0;1;2;3;0;1;2;3;4;5;6;7;0;1;2;3;0;1;2;3;4;5;6;7;0;1;2;3;4;0;1;0;1;2;3;4;5;6;7;0;1;2;3;0;1;2;3","0;0;0;0;0;0;0;0;0;0;0;0;0;0;0;0;0;0;0;0;0;0;0;0;0;0;0;0;0;0;0;0;0;0;0;0;0;0;0;0;0;0;0;0;0;0;0;0;0;0;0;0;0;0;0;0;0;0;0;0;0;0;0;0;0;0;0;0;0","Imported from Hevy"
1970-01-01,imported_hevy,7_feb_2025,_02:25,"7 Feb 2025, 02:25",73,"0;1;2;3;0;1;2;3;0;1;2;3;0;1;2;3;4;0;1;2;3;4;0;1;2;3;4;5;6;7;0;1;2;3;4;0;1;2;3;0;1;2;3;4;5;6;7;0;1;2;3;0;1;2;3;0;1;2;3;4;5;6;7;0;1;2;3;4;5;0;1;2;3","0;0;0;0;0;0;0;0;0;0;0;0;0;0;0;0;0;0;0;0;0;0;0;0;0;0;0;0;0;0;0;0;0;0;0;0;0;0;0;0;0;0;0;0;0;0;0;0;0;0;0;0;0;0;0;0;0;0;0;0;0;0;0;0;0;0;0;0;0;0;0;0;0","Imported from Hevy"
1970-01-01,imported_hevy,4_feb_2025,_02:16,"4 Feb 2025, 02:16",91,"0;1;2;3;0;1;2;3;0;1;2;3;0;1;2;3;4;0;1;2;3;4;0;1;2;3;4;5;6;7;0;1;2;3;4;0;1;2;3;0;1;2;3;4;5;6;7;0;1;2;3;0;1;2;0;1;2;3;0;1;2;3;4;5;6;7;0;1;2;3;4;5;0;1;2;3;0;1;2;3;0;1;2;0;1;2;3;0;1;2;3","0;0;0;0;0;0;0;0;0;0;0;0;0;0;0;0;0;0;0;0;0;0;0;0;0;0;0;0;0;0;0;0;0;0;0;0;0;0;0;0;0;0;0;0;0;0;0;0;0;0;0;0;0;0;0;0;0;0;0;0;0;0;0;0;0;0;0;0;0;0;0;0;0;0;0;0;0;0;0;0;0;0;0;0;0;0;0;0;0;0;0","Imported from Hevy"
1970-01-01,imported_hevy,31_jan_2025,_01:57,"31 Jan 2025, 01:57",51,"0;1;2;3;4;5;0;1;2;3;4;0;1;2;3;4;0;1;2;3;0;1;2;3;4;0;1;2;3;4;5;6;7;0;1;2;3;4;0;1;2;3;0;1;2;3;0;0;1;2;3","0;0;0;0;0;0;0;0;0;0;0;0;0;0;0;0;0;0;0;0;0;0;0;0;0;0;0;0;0;0;0;0;0;0;0;0;0;0;0;0;0;0;0;0;0;0;0;0;0;0;0","Imported from Hevy"
1970-01-01,imported_hevy,28_jan_2025,_02:10,"28 Jan 2025, 02:10",79,"0;1;2;3;4;5;6;0;1;2;3;0;1;2;3;4;0;1;2;3;0;1;2;3;4;0;1;2;3;4;5;6;7;0;1;2;3;0;1;2;3;0;1;2;3;4;5;6;0;1;2;3;0;1;2;3;0;1;2;3;0;1;2;3;4;5;6;7;0;1;2;0;1;2;3;0;1;2;3","0;0;0;0;0;0;0;0;0;0;0;0;0;0;0;0;0;0;0;0;0;0;0;0;0;0;0;0;0;0;0;0;0;0;0;0;0;0;0;0;0;0;0;0;0;0;0;0;0;0;0;0;0;0;0;0;0;0;0;0;0;0;0;0;0;0;0;0;0;0;0;0;0;0;0;0;0;0;0","Imported from Hevy"
1970-01-01,imported_hevy,24_jan_2025,_02:07,"24 Jan 2025, 02:07",92,"0;1;2;3;4;0;1;2;3;0;1;2;3;4;0;1;2;3;0;1;2;3;4;0;1;2;3;4;5;6;7;0;1;2;3;0;1;2;3;0;1;2;3;4;5;6;7;0;1;2;3;0;1;2;3;0;1;2;3;0;1;2;3;4;5;6;7;0;1;2;3;4;5;0;1;2;3;0;1;2;3;0;1;2;0;1;2;3;0;1;2;3","0;0;0;0;0;0;0;0;0;0;0;0;0;0;0;0;0;0;0;0;0;0;0;0;0;0;0;0;0;0;0;0;0;0;0;0;0;0;0;0;0;0;0;0;0;0;0;0;0;0;0;0;0;0;0;0;0;0;0;0;0;0;0;0;0;0;0;0;0;0;0;0;0;0;0;0;0;0;0;0;0;0;0;0;0;0;0;0;0;0;0;0","Imported from Hevy"
1970-01-01,imported_hevy,21_jan_2025,_02:10,"21 Jan 2025, 02:10",94,"0;1;2;3;4;0;1;2;3;0;1;2;3;4;0;1;2;3;0;1;2;3;4;0;1;2;3;4;5;6;7;8;9;0;1;2;3;4;0;1;2;3;0;1;2;3;4;5;6;7;0;1;2;3;0;1;2;3;0;1;2;3;0;1;2;3;4;5;6;7;0;1;2;3;4;5;0;1;2;3;0;1;2;3;0;1;2;0;1;2;3;0;1;2","0;0;0;0;0;0;0;0;0;0;0;0;0;0;0;0;0;0;0;0;0;0;0;0;0;0;0;0;0;0;0;0;0;0;0;0;0;0;0;0;0;0;0;0;0;0;0;0;0;0;0;0;0;0;0;0;0;0;0;0;0;0;0;0;0;0;0;0;0;0;0;0;0;0;0;0;0;0;0;0;0;0;0;0;0;0;0;0;0;0;0;0;0;0","Imported from Hevy"
1970-01-01,imported_hevy,17_jan_2025,_02:14,"17 Jan 2025, 02:14",84,"0;1;2;3;4;0;1;2;3;0;1;2;3;4;0;1;2;3;0;1;2;3;0;1;2;3;4;5;6;7;8;9;0;1;2;3;0;1;2;3;4;5;6;7;0;1;2;3;0;1;2;3;0;1;2;3;0;1;2;3;4;5;6;7;0;1;2;3;4;5;6;7;0;1;2;0;1;2;3;0;1;2;3;4","0;0;0;0;0;0;0;0;0;0;0;0;0;0;0;0;0;0;0;0;0;0;0;0;0;0;0;0;0;0;0;0;0;0;0;0;0;0;0;0;0;0;0;0;0;0;0;0;0;0;0;0;0;0;0;0;0;0;0;0;0;0;0;0;0;0;0;0;0;0;0;0;0;0;0;0;0;0;0;0;0;0;0;0","Imported from Hevy"
1970-01-01,imported_hevy,14_jan_2025,_02:24,"14 Jan 2025, 02:24",92,"0;1;2;3;0;1;2;3;0;1;2;3;4;0;1;2;3;0;1;2;3;4;0;1;2;3;4;5;6;7;8;9;0;1;2;0;1;2;3;0;1;2;3;4;5;6;7;0;1;2;3;0;1;2;3;0;1;2;3;0;1;2;3;4;5;6;7;0;1;2;3;4;5;6;7;0;1;2;3;4;5;0;1;2;3;0;1;2;0;1;2;3","0;0;0;0;0;0;0;0;0;0;0;0;0;0;0;0;0;0;0;0;0;0;0;0;0;0;0;0;0;0;0;0;0;0;0;0;0;0;0;0;0;0;0;0;0;0;0;0;0;0;0;0;0;0;0;0;0;0;0;0;0;0;0;0;0;0;0;0;0;0;0;0;0;0;0;0;0;0;0;0;0;0;0;0;0;0;0;0;0;0;0;0","Imported from Hevy"
1970-01-01,imported_hevy,10_jan_2025,_01:54,"10 Jan 2025, 01:54",82,"0;1;2;3;4;0;1;2;3;0;1;2;3;4;0;1;2;3;0;1;2;3;4;0;1;2;3;4;5;6;7;8;9;0;1;2;3;4;0;1;2;3;0;1;2;3;4;5;6;7;0;1;2;3;0;1;2;3;0;1;2;3;0;1;2;3;4;5;6;7;0;1;2;3;4;5;6;7;0;1;2;3","0;0;0;0;0;0;0;0;0;0;0;0;0;0;0;0;0;0;0;0;0;0;0;0;0;0;0;0;0;0;0;0;0;0;0;0;0;0;0;0;0;0;0;0;0;0;0;0;0;0;0;0;0;0;0;0;0;0;0;0;0;0;0;0;0;0;0;0;0;0;0;0;0;0;0;0;0;0;0;0;0;0","Imported from Hevy"
1970-01-01,imported_hevy,7_jan_2025,_04:29,"7 Jan 2025, 04:29",83,"0;1;2;3;0;1;2;3;0;1;2;3;4;0;1;2;3;0;1;2;3;0;1;2;3;4;5;6;7;8;9;0;1;2;3;4;0;1;2;3;0;1;2;3;4;5;6;7;0;1;0;1;2;3;0;1;2;3;0;1;2;3;4;5;6;7;0;1;2;3;4;5;6;7;0;1;2;3;0;1;2;3;4","0;0;0;0;0;0;0;0;0;0;0;0;0;0;0;0;0;0;0;0;0;0;0;0;0;0;0;0;0;0;0;0;0;0;0;0;0;0;0;0;0;0;0;0;0;0;0;0;0;0;0;0;0;0;0;0;0;0;0;0;0;0;0;0;0;0;0;0;0;0;0;0;0;0;0;0;0;0;0;0;0;0;0","Imported from Hevy"
1970-01-01,imported_hevy,3_jan_2025,_05:30,"3 Jan 2025, 05:30",85,"0;1;2;3;0;1;2;3;0;1;2;3;4;0;1;2;3;0;1;2;3;0;1;2;3;4;5;6;7;8;9;0;1;2;3;4;0;1;2;3;0;1;2;3;4;5;6;7;0;1;2;3;0;1;2;3;0;1;2;3;0;1;2;3;4;5;6;7;0;1;2;3;4;5;6;7;0;1;2;3;0;1;2;3;4","0;0;0;0;0;0;0;0;0;0;0;0;0;0;0;0;0;0;0;0;0;0;0;0;0;0;0;0;0;0;0;0;0;0;0;0;0;0;0;0;0;0;0;0;0;0;0;0;0;0;0;0;0;0;0;0;0;0;0;0;0;0;0;0;0;0;0;0;0;0;0;0;0;0;0;0;0;0;0;0;0;0;0;0;0","Imported from Hevy"
1970-01-01,imported_hevy,28_dec_2024,_02:47,"28 Dec 2024, 02:47",84,"0;1;2;3;0;1;2;3;0;1;2;3;4;0;1;2;3;0;1;2;3;0;1;2;3;4;5;6;7;8;9;0;1;2;3;0;1;2;3;0;1;2;3;4;5;6;7;0;1;2;3;0;1;2;3;0;1;2;3;0;1;2;3;4;5;6;7;0;1;2;3;4;5;6;7;0;1;2;3;0;1;2;3;4","0;0;0;0;0;0;0;0;0;0;0;0;0;0;0;0;0;0;0;0;0;0;0;0;0;0;0;0;0;0;0;0;0;0;0;0;0;0;0;0;0;0;0;0;0;0;0;0;0;0;0;0;0;0;0;0;0;0;0;0;0;0;0;0;0;0;0;0;0;0;0;0;0;0;0;0;0;0;0;0;0;0;0;0","Imported from Hevy"
1970-01-01,imported_hevy,20_dec_2024,_02:36,"20 Dec 2024, 02:36",68,"0;1;2;3;0;1;2;3;0;1;2;3;4;0;1;2;3;0;1;2;3;0;1;2;3;0;1;2;3;4;5;6;7;8;9;10;0;1;2;3;0;1;2;3;4;5;6;7;0;1;2;3;0;1;2;3;0;1;2;3;4;5;0;1;2;3;4;5","0;0;0;0;0;0;0;0;0;0;0;0;0;0;0;0;0;0;0;0;0;0;0;0;0;0;0;0;0;0;0;0;0;0;0;0;0;0;0;0;0;0;0;0;0;0;0;0;0;0;0;0;0;0;0;0;0;0;0;0;0;0;0;0;0;0;0;0","Imported from Hevy"
1970-01-01,imported_hevy,13_dec_2024,_03:12,"13 Dec 2024, 03:12",79,"0;1;2;3;0;1;2;3;0;1;2;3;4;0;1;2;3;0;1;2;3;0;1;2;3;0;1;2;3;4;5;6;7;8;9;0;1;2;3;0;1;2;3;4;5;6;7;0;1;2;3;0;1;2;3;0;1;2;3;4;5;6;7;0;1;2;3;4;5;6;7;0;1;2;3;0;1;2;3","0;0;0;0;0;0;0;0;0;0;0;0;0;0;0;0;0;0;0;0;0;0;0;0;0;0;0;0;0;0;0;0;0;0;0;0;0;0;0;0;0;0;0;0;0;0;0;0;0;0;0;0;0;0;0;0;0;0;0;0;0;0;0;0;0;0;0;0;0;0;0;0;0;0;0;0;0;0;0","Imported from Hevy"
1970-01-01,imported_hevy,10_dec_2024,_02:48,"10 Dec 2024, 02:48",88,"0;1;2;3;0;1;2;3;0;1;2;3;4;0;1;2;3;0;1;2;3;0;1;2;3;0;1;2;3;4;5;6;7;8;9;0;1;2;3;0;1;2;3;4;5;6;7;0;1;2;3;0;1;2;3;0;1;2;3;0;1;2;3;4;5;6;7;0;1;2;3;4;5;6;7;0;1;0;1;2;3;0;1;2;0;1;2;3","0;0;0;0;0;0;0;0;0;0;0;0;0;0;0;0;0;0;0;0;0;0;0;0;0;0;0;0;0;0;0;0;0;0;0;0;0;0;0;0;0;0;0;0;0;0;0;0;0;0;0;0;0;0;0;0;0;0;0;0;0;0;0;0;0;0;0;0;0;0;0;0;0;0;0;0;0;0;0;0;0;0;0;0;0;0;0;0","Imported from Hevy"
1970-01-01,imported_hevy,6_dec_2024,_02:21,"6 Dec 2024, 02:21",92,"0;1;2;3;4;5;6;0;1;2;3;4;5;6;0;1;2;3;4;0;1;2;3;4;0;1;2;3;4;5;6;7;8;9;0;1;2;3;4;5;6;0;1;2;3;4;5;6;0;1;2;3;0;1;2;3;0;1;2;3;4;0;1;2;3;4;5;6;7;0;1;2;3;4;5;0;1;2;3;0;1;2;3;4;0;1;2;3;0;1;2;3","0;0;0;0;0;0;0;0;0;0;0;0;0;0;0;0;0;0;0;0;0;0;0;0;0;0;0;0;0;0;0;0;0;0;0;0;0;0;0;0;0;0;0;0;0;0;0;0;0;0;0;0;0;0;0;0;0;0;0;0;0;0;0;0;0;0;0;0;0;0;0;0;0;0;0;0;0;0;0;0;0;0;0;0;0;0;0;0;0;0;0;0","Imported from Hevy"
1970-01-01,imported_hevy,3_dec_2024,_02:11,"3 Dec 2024, 02:11",94,"0;1;2;3;4;0;1;2;3;4;5;0;1;2;3;4;0;1;2;3;4;0;1;2;3;4;5;6;7;8;9;0;1;2;3;4;0;1;2;3;4;5;6;7;0;1;2;3;4;0;1;2;3;0;1;2;3;0;1;2;3;4;0;1;2;3;4;5;6;7;0;1;2;3;4;5;6;7;0;1;2;3;0;1;2;3;0;1;2;3;0;1;2;3","0;0;0;0;0;0;0;0;0;0;0;0;0;0;0;0;0;0;0;0;0;0;0;0;0;0;0;0;0;0;0;0;0;0;0;0;0;0;0;0;0;0;0;0;0;0;0;0;0;0;0;0;0;0;0;0;0;0;0;0;0;0;0;0;0;0;0;0;0;0;0;0;0;0;0;0;0;0;0;0;0;0;0;0;0;0;0;0;0;0;0;0;0;0","Imported from Hevy"
1970-01-01,imported_hevy,29_nov_2024,_02:21,"29 Nov 2024, 02:21",70,"0;1;2;3;0;1;2;3;4;5;0;1;2;3;4;0;1;2;3;4;0;1;2;3;4;5;6;7;8;9;0;1;2;3;4;0;1;2;3;4;5;6;7;0;1;2;3;0;1;2;3;0;1;0;1;2;3;4;0;1;2;3;0;1;2;3;0;1;2;3","0;0;0;0;0;0;0;0;0;0;0;0;0;0;0;0;0;0;0;0;0;0;0;0;0;0;0;0;0;0;0;0;0;0;0;0;0;0;0;0;0;0;0;0;0;0;0;0;0;0;0;0;0;0;0;0;0;0;0;0;0;0;0;0;0;0;0;0;0;0","Imported from Hevy"
1970-01-01,imported_hevy,26_nov_2024,_02:20,"26 Nov 2024, 02:20",52,"0;1;2;3;0;1;2;3;4;0;1;2;3;0;1;2;3;4;0;1;2;3;4;5;6;7;8;9;0;1;2;3;0;1;2;3;4;5;6;7;0;1;2;3;0;1;2;3;0;1;2;3","0;0;0;0;0;0;0;0;0;0;0;0;0;0;0;0;0;0;0;0;0;0;0;0;0;0;0;0;0;0;0;0;0;0;0;0;0;0;0;0;0;0;0;0;0;0;0;0;0;0;0;0","Imported from Hevy"
1970-01-01,imported_hevy,22_nov_2024,_02:17,"22 Nov 2024, 02:17",68,"0;1;2;3;4;0;1;2;3;4;0;1;2;3;0;1;2;3;4;0;1;2;3;4;5;6;7;8;9;0;1;2;3;0;1;2;3;4;5;6;7;0;1;2;0;1;2;3;0;1;2;3;4;0;1;2;3;4;5;0;1;2;3;4;5;0;1;2","0;0;0;0;0;0;0;0;0;0;0;0;0;0;0;0;0;0;0;0;0;0;0;0;0;0;0;0;0;0;0;0;0;0;0;0;0;0;0;0;0;0;0;0;0;0;0;0;0;0;0;0;0;0;0;0;0;0;0;0;0;0;0;0;0;0;0;0","Imported from Hevy"
1970-01-01,imported_hevy,19_nov_2024,_02:38,"19 Nov 2024, 02:38",89,"0;1;2;3;0;1;2;3;4;0;1;2;3;0;1;2;3;0;1;2;3;4;5;6;7;8;9;0;1;2;3;4;0;1;2;3;4;5;6;7;0;1;2;3;4;0;1;2;3;0;1;2;3;0;1;2;3;4;0;1;2;3;4;5;6;7;0;1;2;3;4;5;6;7;0;1;2;3;0;1;2;0;1;2;3;0;1;2;3","0;0;0;0;0;0;0;0;0;0;0;0;0;0;0;0;0;0;0;0;0;0;0;0;0;0;0;0;0;0;0;0;0;0;0;0;0;0;0;0;0;0;0;0;0;0;0;0;0;0;0;0;0;0;0;0;0;0;0;0;0;0;0;0;0;0;0;0;0;0;0;0;0;0;0;0;0;0;0;0;0;0;0;0;0;0;0;0;0","Imported from Hevy"
1970-01-01,imported_hevy,15_nov_2024,_02:31,"15 Nov 2024, 02:31",78,"0;1;2;3;4;5;0;1;2;3;4;5;0;1;2;3;0;1;2;3;0;1;2;3;4;5;6;7;8;9;0;1;2;3;4;0;1;2;3;4;5;6;7;0;1;2;3;4;0;1;2;3;0;1;2;3;0;1;2;3;4;5;6;7;0;1;2;3;4;5;0;1;2;3;0;1;2;3","0;0;0;0;0;0;0;0;0;0;0;0;0;0;0;0;0;0;0;0;0;0;0;0;0;0;0;0;0;0;0;0;0;0;0;0;0;0;0;0;0;0;0;0;0;0;0;0;0;0;0;0;0;0;0;0;0;0;0;0;0;0;0;0;0;0;0;0;0;0;0;0;0;0;0;0;0;0","Imported from Hevy"
1970-01-01,imported_hevy,12_nov_2024,_02:39,"12 Nov 2024, 02:39",60,"0;1;2;3;4;0;1;2;3;4;5;6;7;0;1;2;3;0;1;2;3;0;1;2;3;4;5;6;7;8;9;0;1;2;3;0;1;2;3;4;5;6;7;0;1;2;3;0;1;2;3;0;1;2;3;0;1;2;3;4","0;0;0;0;0;0;0;0;0;0;0;0;0;0;0;0;0;0;0;0;0;0;0;0;0;0;0;0;0;0;0;0;0;0;0;0;0;0;0;0;0;0;0;0;0;0;0;0;0;0;0;0;0;0;0;0;0;0;0;0","Imported from Hevy"
1970-01-01,imported_hevy,8_nov_2024,_02:30,"8 Nov 2024, 02:30",96,"0;1;2;3;4;0;1;2;3;4;5;0;1;2;3;4;0;1;2;3;4;0;1;2;3;4;5;6;7;8;9;0;1;2;3;4;0;1;2;3;4;5;6;7;8;0;1;2;3;4;0;1;2;3;0;1;2;3;0;1;2;3;0;1;2;3;4;5;6;7;0;1;2;3;4;5;6;7;0;1;2;3;0;1;2;3;4;0;0;1;2;3;0;1;2;3","0;0;0;0;0;0;0;0;0;0;0;0;0;0;0;0;0;0;0;0;0;0;0;0;0;0;0;0;0;0;0;0;0;0;0;0;0;0;0;0;0;0;0;0;0;0;0;0;0;0;0;0;0;0;0;0;0;0;0;0;0;0;0;0;0;0;0;0;0;0;0;0;0;0;0;0;0;0;0;0;0;0;0;0;0;0;0;0;0;0;0;0;0;0;0;0","Imported from Hevy"
1970-01-01,imported_hevy,5_nov_2024,_02:31,"5 Nov 2024, 02:31",71,"0;1;2;3;4;0;1;2;3;4;5;0;1;2;3;0;1;2;3;0;1;2;3;4;5;6;7;8;9;0;1;2;3;0;1;2;3;4;5;6;0;1;2;3;4;0;1;2;3;0;1;2;3;4;0;1;2;3;4;0;1;2;3;4;5;6;7;0;1;2;3","0;0;0;0;0;0;0;0;0;0;0;0;0;0;0;0;0;0;0;0;0;0;0;0;0;0;0;0;0;0;0;0;0;0;0;0;0;0;0;0;0;0;0;0;0;0;0;0;0;0;0;0;0;0;0;0;0;0;0;0;0;0;0;0;0;0;0;0;0;0;0","Imported from Hevy"
1970-01-01,imported_hevy,29_oct_2024,_04:38,"29 Oct 2024, 04:38",95,"0;1;2;3;4;0;1;2;3;4;5;6;0;1;2;3;4;0;1;2;3;4;0;1;2;3;4;5;6;7;8;9;0;1;2;3;4;0;1;2;3;4;5;6;7;8;9;0;1;2;3;4;0;1;2;3;0;1;2;3;4;0;1;2;3;4;0;1;2;3;4;5;6;7;8;9;0;1;2;3;4;5;6;7;0;1;2;0;1;2;3;0;1;2;3","0;0;0;0;0;0;0;0;0;0;0;0;0;0;0;0;0;0;0;0;0;0;0;0;0;0;0;0;0;0;0;0;0;0;0;0;0;0;0;0;0;0;0;0;0;0;0;0;0;0;0;0;0;0;0;0;0;0;0;0;0;0;0;0;0;0;0;0;0;0;0;0;0;0;0;0;0;0;0;0;0;0;0;0;0;0;0;0;0;0;0;0;0;0;0","Imported from Hevy"
1970-01-01,imported_hevy,22_oct_2024,_02:48,"22 Oct 2024, 02:48",52,"0;1;2;3;4;5;0;1;2;3;0;1;2;3;4;5;6;7;8;9;0;1;2;3;0;1;2;3;0;1;2;3;4;5;6;7;0;1;2;3;0;1;2;3;0;1;2;3;0;1;2;3","0;0;0;0;0;0;0;0;0;0;0;0;0;0;0;0;0;0;0;0;0;0;0;0;0;0;0;0;0;0;0;0;0;0;0;0;0;0;0;0;0;0;0;0;0;0;0;0;0;0;0;0","Imported from Hevy"
1970-01-01,imported_hevy,18_oct_2024,_04:46,"18 Oct 2024, 04:46",71,"0;1;2;3;4;5;0;1;2;3;0;1;2;3;4;5;6;7;8;9;0;1;2;3;0;1;2;3;0;1;2;3;4;5;6;0;1;2;3;0;1;2;3;0;1;2;3;0;1;2;3;4;5;6;7;0;1;2;3;4;5;6;7;0;1;2;3;0;1;2;3","0;0;0;0;0;0;0;0;0;0;0;0;0;0;0;0;0;0;0;0;0;0;0;0;0;0;0;0;0;0;0;0;0;0;0;0;0;0;0;0;0;0;0;0;0;0;0;0;0;0;0;0;0;0;0;0;0;0;0;0;0;0;0;0;0;0;0;0;0;0;0","Imported from Hevy"
1970-01-01,imported_hevy,15_oct_2024,_03:11,"15 Oct 2024, 03:11",47,"0;1;2;3;4;5;6;0;1;2;3;0;1;2;3;4;5;6;7;8;9;0;1;2;3;0;1;2;3;0;1;2;3;4;5;6;7;0;1;2;3;0;1;2;3;0;1","0;0;0;0;0;0;0;0;0;0;0;0;0;0;0;0;0;0;0;0;0;0;0;0;0;0;0;0;0;0;0;0;0;0;0;0;0;0;0;0;0;0;0;0;0;0;0","Imported from Hevy"
1970-01-01,imported_hevy,11_oct_2024,_02:52,"11 Oct 2024, 02:52",69,"0;1;2;3;4;0;1;2;3;0;1;2;3;4;5;6;7;8;9;0;1;2;3;4;0;1;2;3;4;0;1;2;3;4;5;6;7;0;1;2;3;0;1;2;3;0;1;2;3;0;1;2;3;0;1;2;3;4;5;6;7;0;1;2;3;4;5;6;7","0;0;0;0;0;0;0;0;0;0;0;0;0;0;0;0;0;0;0;0;0;0;0;0;0;0;0;0;0;0;0;0;0;0;0;0;0;0;0;0;0;0;0;0;0;0;0;0;0;0;0;0;0;0;0;0;0;0;0;0;0;0;0;0;0;0;0;0;0","Imported from Hevy"
1970-01-01,imported_hevy,8_oct_2024,_02:59,"8 Oct 2024, 02:59",96,"0;1;2;3;4;0;1;2;3;4;0;1;2;3;4;5;6;7;8;9;0;1;2;3;4;0;1;2;3;4;0;1;2;3;4;5;6;7;0;1;2;3;4;0;1;2;3;0;1;2;3;0;1;2;3;0;1;2;3;4;0;1;2;3;4;5;6;7;8;9;0;1;2;3;4;5;6;7;0;1;2;3;4;0;1;2;3;4;0;1;2;3;0;1;2;3","0;0;0;0;0;0;0;0;0;0;0;0;0;0;0;0;0;0;0;0;0;0;0;0;0;0;0;0;0;0;0;0;0;0;0;0;0;0;0;0;0;0;0;0;0;0;0;0;0;0;0;0;0;0;0;0;0;0;0;0;0;0;0;0;0;0;0;0;0;0;0;0;0;0;0;0;0;0;0;0;0;0;0;0;0;0;0;0;0;0;0;0;0;0;0;0","Imported from Hevy"
1970-01-01,imported_hevy,4_oct_2024,_03:01,"4 Oct 2024, 03:01",100,"0;1;2;3;4;5;6;7;0;1;2;3;4;0;1;2;3;4;5;6;7;8;9;10;0;1;2;3;4;0;1;2;3;4;0;1;2;3;4;5;6;7;0;1;2;3;4;0;1;2;3;0;1;2;3;0;1;2;3;0;1;2;3;4;0;1;2;3;4;5;6;7;0;1;2;3;4;5;6;7;8;9;0;1;2;3;4;0;1;2;3;4;0;1;2;3;0;1;2;3","0;0;0;0;0;0;0;0;0;0;0;0;0;0;0;0;0;0;0;0;0;0;0;0;0;0;0;0;0;0;0;0;0;0;0;0;0;0;0;0;0;0;0;0;0;0;0;0;0;0;0;0;0;0;0;0;0;0;0;0;0;0;0;0;0;0;0;0;0;0;0;0;0;0;0;0;0;0;0;0;0;0;0;0;0;0;0;0;0;0;0;0;0;0;0;0;0;0;0;0","Imported from Hevy"
1970-01-01,imported_hevy,1_oct_2024,_03:08,"1 Oct 2024, 03:08",82,"0;1;2;3;4;0;1;2;3;0;1;2;3;4;5;6;7;8;0;1;2;3;0;1;2;3;0;1;2;3;0;1;2;3;4;0;1;2;3;0;1;2;0;1;2;3;0;1;2;3;0;1;2;3;4;5;6;7;0;1;2;3;4;5;6;7;8;9;0;1;2;3;4;0;1;2;3;4;0;1;2;3","0;0;0;0;0;0;0;0;0;0;0;0;0;0;0;0;0;0;0;0;0;0;0;0;0;0;0;0;0;0;0;0;0;0;0;0;0;0;0;0;0;0;0;0;0;0;0;0;0;0;0;0;0;0;0;0;0;0;0;0;0;0;0;0;0;0;0;0;0;0;0;0;0;0;0;0;0;0;0;0;0;0","Imported from Hevy"
1970-01-01,imported_hevy,27_sep_2024,_03:15,"27 Sep 2024, 03:15",83,"0;1;2;3;4;0;1;2;3;4;5;6;7;8;0;1;2;3;0;1;2;3;0;1;2;3;0;1;2;3;0;1;2;3;0;1;2;3;0;1;2;0;1;2;3;0;1;2;3;0;1;2;3;4;5;6;7;0;1;2;3;4;5;6;7;0;1;2;3;0;1;2;3;0;0;0;1;2;3;0;1;2;3","0;0;0;0;0;0;0;0;0;0;0;0;0;0;0;0;0;0;0;0;0;0;0;0;0;0;0;0;0;0;0;0;0;0;0;0;0;0;0;0;0;0;0;0;0;0;0;0;0;0;0;0;0;0;0;0;0;0;0;0;0;0;0;0;0;0;0;0;0;0;0;0;0;0;0;0;0;0;0;0;0;0;0","Imported from Hevy"
1970-01-01,imported_hevy,24_sep_2024,_04:22,"24 Sep 2024, 04:22",66,"0;1;2;3;4;0;1;2;3;4;5;6;7;8;0;1;2;3;0;1;2;3;0;1;2;3;0;1;2;3;0;1;2;3;0;1;2;3;0;1;2;3;0;1;2;3;0;1;2;3;0;1;2;3;4;5;6;7;0;1;2;3;4;5;6;7","0;0;0;0;0;0;0;0;0;0;0;0;0;0;0;0;0;0;0;0;0;0;0;0;0;0;0;0;0;0;0;0;0;0;0;0;0;0;0;0;0;0;0;0;0;0;0;0;0;0;0;0;0;0;0;0;0;0;0;0;0;0;0;0;0;0","Imported from Hevy"
1970-01-01,imported_hevy,13_sep_2024,_05:02,"13 Sep 2024, 05:02",77,"0;1;2;3;4;5;0;1;2;3;4;0;1;2;3;0;1;2;3;4;5;6;7;8;9;10;11;0;1;2;3;0;1;2;3;0;1;2;3;4;0;1;2;3;0;1;2;3;4;0;1;2;3;4;5;0;1;2;3;4;0;1;2;3;0;1;2;3;0;1;2;3;0;1;2;3;4","0;0;0;0;0;0;0;0;0;0;0;0;0;0;0;0;0;0;0;0;0;0;0;0;0;0;0;0;0;0;0;0;0;0;0;0;0;0;0;0;0;0;0;0;0;0;0;0;0;0;0;0;0;0;0;0;0;0;0;0;0;0;0;0;0;0;0;0;0;0;0;0;0;0;0;0;0","Imported from Hevy"
1970-01-01,imported_hevy,10_sep_2024,_03:02,"10 Sep 2024, 03:02",75,"0;1;2;3;4;0;1;2;3;0;1;2;3;0;1;2;3;4;5;6;7;0;1;2;3;0;1;2;3;0;1;2;3;0;1;2;3;0;1;2;3;0;1;2;3;4;0;1;2;3;0;1;2;3;0;1;2;3;0;1;2;3;0;1;2;3;0;1;2;3;0;0;1;2;3","0;0;0;0;0;0;0;0;0;0;0;0;0;0;0;0;0;0;0;0;0;0;0;0;0;0;0;0;0;0;0;0;0;0;0;0;0;0;0;0;0;0;0;0;0;0;0;0;0;0;0;0;0;0;0;0;0;0;0;0;0;0;0;0;0;0;0;0;0;0;0;0;0;0;0","Imported from Hevy"
1970-01-01,imported_hevy,6_sep_2024,_03:15,"6 Sep 2024, 03:15",67,"0;1;2;3;4;5;6;7;8;0;1;2;3;4;0;1;2;3;4;0;1;2;3;4;5;6;7;8;9;0;1;2;3;4;0;1;2;3;4;5;6;0;1;2;3;4;0;1;2;3;4;0;1;2;3;4;5;0;1;2;3;4;0;1;2;3;0","0;0;0;0;0;0;0;0;0;0;0;0;0;0;0;0;0;0;0;0;0;0;0;0;0;0;0;0;0;0;0;0;0;0;0;0;0;0;0;0;0;0;0;0;0;0;0;0;0;0;0;0;0;0;0;0;0;0;0;0;0;0;0;0;0;0;0","Imported from Hevy"
1970-01-01,imported_hevy,3_sep_2024,_03:18,"3 Sep 2024, 03:18",90,"0;1;2;3;4;5;6;7;0;1;2;3;0;1;2;3;4;5;6;7;8;9;0;1;2;3;4;0;1;2;3;4;5;0;1;2;3;4;0;1;2;3;0;1;2;3;4;0;1;2;3;4;0;1;2;3;4;5;0;1;2;3;0;1;2;3;0;1;2;3;4;0;1;2;3;0;1;2;3;0;1;2;3;0;0;1;2;3;4;5","0;0;0;0;0;0;0;0;0;0;0;0;0;0;0;0;0;0;0;0;0;0;0;0;0;0;0;0;0;0;0;0;0;0;0;0;0;0;0;0;0;0;0;0;0;0;0;0;0;0;0;0;0;0;0;0;0;0;0;0;0;0;0;0;0;0;0;0;0;0;0;0;0;0;0;0;0;0;0;0;0;0;0;0;0;0;0;0;0;0","Imported from Hevy"
1970-01-01,imported_hevy,30_aug_2024,_04:00,"30 Aug 2024, 04:00",96,"0;1;2;3;4;5;6;7;0;1;2;3;4;0;1;2;3;4;5;6;7;8;9;0;1;2;3;4;0;1;2;3;4;0;1;2;3;4;0;1;2;3;4;0;1;2;3;4;0;1;2;3;4;5;0;1;2;3;4;0;1;2;3;0;1;2;3;4;0;1;2;3;4;0;1;2;3;4;0;1;2;3;4;0;1;2;3;0;1;2;3;4;0;1;2;0","0;0;0;0;0;0;0;0;0;0;0;0;0;0;0;0;0;0;0;0;0;0;0;0;0;0;0;0;0;0;0;0;0;0;0;0;0;0;0;0;0;0;0;0;0;0;0;0;0;0;0;0;0;0;0;0;0;0;0;0;0;0;0;0;0;0;0;0;0;0;0;0;0;0;0;0;0;0;0;0;0;0;0;0;0;0;0;0;0;0;0;0;0;0;0;0","Imported from Hevy"
1970-01-01,imported_hevy,27_aug_2024,_02:36,"27 Aug 2024, 02:36",91,"0;1;2;3;4;5;6;7;8;0;1;2;3;4;5;6;7;8;9;0;1;2;3;4;5;6;7;0;1;2;3;4;0;1;2;3;4;0;1;2;3;4;0;1;2;3;4;0;1;2;3;4;1;2;3;4;5;0;1;2;3;4;0;1;2;3;4;0;1;2;3;4;0;1;2;3;0;1;2;3;4;0;1;2;3;4;0;1;2;3;4","0;0;0;0;0;0;0;0;0;0;0;0;0;0;0;0;0;0;0;0;0;0;0;0;0;0;0;0;0;0;0;0;0;0;0;0;0;0;0;0;0;0;0;0;0;0;0;0;0;0;0;0;0;0;0;0;0;0;0;0;0;0;0;0;0;0;0;0;0;0;0;0;0;0;0;0;0;0;0;0;0;0;0;0;0;0;0;0;0;0;0","Imported from Hevy"
1970-01-01,imported_hevy,23_aug_2024,_02:44,"23 Aug 2024, 02:44",92,"0;1;2;3;4;5;6;7;0;1;2;3;4;5;6;7;8;9;0;1;2;3;4;5;6;0;1;2;3;4;0;1;2;3;0;1;2;3;4;0;1;2;3;4;5;6;0;1;2;3;4;5;0;1;2;3;4;0;1;2;3;4;0;1;2;3;4;0;1;2;3;4;5;6;7;0;1;2;3;4;0;1;2;3;4;5;0;1;2;3;4;5","0;0;0;0;0;0;0;0;0;0;0;0;0;0;0;0;0;0;0;0;0;0;0;0;0;0;0;0;0;0;0;0;0;0;0;0;0;0;0;0;0;0;0;0;0;0;0;0;0;0;0;0;0;0;0;0;0;0;0;0;0;0;0;0;0;0;0;0;0;0;0;0;0;0;0;0;0;0;0;0;0;0;0;0;0;0;0;0;0;0;0;0","Imported from Hevy"
1970-01-01,imported_hevy,20_aug_2024,_03:12,"20 Aug 2024, 03:12",92,"0;1;2;3;4;5;6;7;0;1;2;3;4;5;6;7;8;9;0;1;2;3;4;5;0;1;2;3;0;1;2;3;4;0;1;2;3;4;0;1;2;3;4;0;1;2;3;4;5;6;0;1;2;3;4;0;1;2;3;4;0;1;2;3;4;0;1;2;3;0;1;2;3;4;5;6;7;0;1;2;3;4;0;1;2;3;4;0;1;2;3;4","0;0;0;0;0;0;0;0;0;0;0;0;0;0;0;0;0;0;0;0;0;0;0;0;0;0;0;0;0;0;0;0;0;0;0;0;0;0;0;0;0;0;0;0;0;0;0;0;0;0;0;0;0;0;0;0;0;0;0;0;0;0;0;0;0;0;0;0;0;0;0;0;0;0;0;0;0;0;0;0;0;0;0;0;0;0;0;0;0;0;0;0","Imported from Hevy"
1970-01-01,imported_hevy,16_aug_2024,_06:55,"16 Aug 2024, 06:55",60,"0;1;2;3;4;0;1;2;3;4;5;6;7;0;1;2;3;0;1;2;3;0;1;2;3;0;1;2;3;0;1;2;3;0;1;2;3;0;1;2;3;4;0;1;2;3;0;1;2;3;4;0;0;1;2;3;0;1;2;3","0;0;0;0;0;0;0;0;0;0;0;0;0;0;0;0;0;0;0;0;0;0;0;0;0;0;0;0;0;0;0;0;0;0;0;0;0;0;0;0;0;0;0;0;0;0;0;0;0;0;0;0;0;0;0;0;0;0;0;0","Imported from Hevy"
1970-01-01,imported_hevy,13_aug_2024,_02:34,"13 Aug 2024, 02:34",66,"0;1;2;3;4;5;0;1;2;3;4;5;6;7;8;9;10;11;0;1;2;3;0;1;2;3;0;1;2;3;0;1;2;3;0;1;2;3;4;0;1;2;3;0;1;2;3;0;1;2;3;0;1;2;3;0;1;2;3;0;1;2;0;1;2;3","0;0;0;0;0;0;0;0;0;0;0;0;0;0;0;0;0;0;0;0;0;0;0;0;0;0;0;0;0;0;0;0;0;0;0;0;0;0;0;0;0;0;0;0;0;0;0;0;0;0;0;0;0;0;0;0;0;0;0;0;0;0;0;0;0;0","Imported from Hevy"
1970-01-01,imported_hevy,9_aug_2024,_02:45,"9 Aug 2024, 02:45",64,"0;1;2;3;4;5;0;1;2;3;4;5;6;7;0;1;2;3;0;1;2;3;0;1;2;3;0;1;2;3;0;1;2;3;4;0;1;2;3;0;1;2;3;0;1;2;3;4;0;1;2;3;0;1;2;3;0;1;2;3;0;1;2;3","0;0;0;0;0;0;0;0;0;0;0;0;0;0;0;0;0;0;0;0;0;0;0;0;0;0;0;0;0;0;0;0;0;0;0;0;0;0;0;0;0;0;0;0;0;0;0;0;0;0;0;0;0;0;0;0;0;0;0;0;0;0;0;0","Imported from Hevy"
1970-01-01,imported_hevy,6_aug_2024,_02:57,"6 Aug 2024, 02:57",66,"0;1;2;3;4;5;0;1;2;3;4;5;6;7;8;9;0;1;2;3;0;1;2;3;0;1;2;3;0;1;2;3;0;1;2;3;4;0;1;2;0;1;2;3;0;1;2;3;4;0;1;2;3;0;1;2;3;0;1;2;3;4;5;0;1;2","0;0;0;0;0;0;0;0;0;0;0;0;0;0;0;0;0;0;0;0;0;0;0;0;0;0;0;0;0;0;0;0;0;0;0;0;0;0;0;0;0;0;0;0;0;0;0;0;0;0;0;0;0;0;0;0;0;0;0;0;0;0;0;0;0;0","Imported from Hevy"
1970-01-01,imported_hevy,2_aug_2024,_03:18,"2 Aug 2024, 03:18",59,"0;1;2;3;0;1;2;3;4;5;6;7;0;1;2;3;0;1;2;3;0;1;2;3;0;1;2;3;0;1;2;3;4;0;1;2;3;0;1;2;3;0;1;2;3;0;1;2;3;4;0;1;2;3;0;1;2;3;0","0;0;0;0;0;0;0;0;0;0;0;0;0;0;0;0;0;0;0;0;0;0;0;0;0;0;0;0;0;0;0;0;0;0;0;0;0;0;0;0;0;0;0;0;0;0;0;0;0;0;0;0;0;0;0;0;0;0;0","Imported from Hevy"
1970-01-01,imported_hevy,30_jul_2024,_03:02,"30 Jul 2024, 03:02",51,"0;1;2;3;0;1;2;3;4;5;6;7;0;1;2;3;0;1;2;3;4;0;1;2;3;0;1;2;3;4;0;1;2;3;0;1;2;3;0;1;2;3;0;1;2;3;0;1;2;3;4","0;0;0;0;0;0;0;0;0;0;0;0;0;0;0;0;0;0;0;0;0;0;0;0;0;0;0;0;0;0;0;0;0;0;0;0;0;0;0;0;0;0;0;0;0;0;0;0;0;0;0","Imported from Hevy"
1970-01-01,imported_hevy,26_jul_2024,_03:14,"26 Jul 2024, 03:14",37,"0;1;2;3;0;1;2;3;0;1;2;3;0;1;2;3;4;0;1;2;3;4;0;1;2;0;1;2;3;0;1;2;3;0;1;2;3","0;0;0;0;0;0;0;0;0;0;0;0;0;0;0;0;0;0;0;0;0;0;0;0;0;0;0;0;0;0;0;0;0;0;0;0;0","Imported from Hevy"
1970-01-01,imported_hevy,23_jul_2024,_03:21,"23 Jul 2024, 03:21",35,"0;1;2;3;0;1;2;3;4;0;1;2;3;4;0;1;2;3;0;1;2;3;0;1;2;3;4;0;1;2;3;0;1;2;3","0;0;0;0;0;0;0;0;0;0;0;0;0;0;0;0;0;0;0;0;0;0;0;0;0;0;0;0;0;0;0;0;0;0;0","Imported from Hevy"
1970-01-01,imported_hevy,19_jul_2024,_03:11,"19 Jul 2024, 03:11",23,"0;1;2;3;0;1;2;3;4;0;1;2;3;4;0;1;2;3;4;0;1;2;3","0;0;0;0;0;0;0;0;0;0;0;0;0;0;0;0;0;0;0;0;0;0;0","Imported from Hevy"
1970-01-01,imported_hevy,7_apr_2025,_06:55,"7 Apr 2025, 06:55",63,"0;1;2;3;4;0;1;2;3;4;0;1;2;3;0;1;2;3;0;1;2;3;4;5;6;7;8;9;0;1;2;3;0;1;2;3;4;0;1;2;3;0;1;2;3;0;1;2;3;0;1;2;0;1;2;0;1;2;0;1;0;1;2","0;0;0;0;0;0;0;0;0;0;0;0;0;0;0;0;0;0;0;0;0;0;0;0;0;0;0;0;0;0;0;0;0;0;0;0;0;0;0;0;0;0;0;0;0;0;0;0;0;0;0;0;0;0;0;0;0;0;0;0;0;0;0","Imported from Hevy"
1970-01-01,imported_hevy,3_apr_2025,_01:57,"3 Apr 2025, 01:57",96,"0;1;2;3;0;1;2;3;0;1;2;3;0;1;2;3;0;1;2;3;4;5;6;7;8;9;10;11;0;1;2;3;0;1;2;3;4;5;0;1;2;3;0;1;2;3;4;5;0;1;2;3;0;1;2;3;4;5;0;1;2;3;0;1;2;3;4;0;1;2;3;0;1;2;3;0;1;2;3;0;1;2;3;4;0;1;2;3;0;1;2;3;0;1;2;3","0;0;0;0;0;0;0;0;0;0;0;0;0;0;0;0;0;0;0;0;0;0;0;0;0;0;0;0;0;0;0;0;0;0;0;0;0;0;0;0;0;0;0;0;0;0;0;0;0;0;0;0;0;0;0;0;0;0;0;0;0;0;0;0;0;0;0;0;0;0;0;0;0;0;0;0;0;0;0;0;0;0;0;0;0;0;0;0;0;0;0;0;0;0;0;0","Imported from Hevy"
1970-01-01,imported_hevy,31_mar_2025,_07:58,"31 Mar 2025, 07:58",56,"0;1;2;3;0;1;2;3;0;1;2;3;0;1;2;3;0;1;2;3;4;5;6;7;0;1;2;3;4;0;1;2;3;0;1;2;3;0;1;2;3;0;1;2;3;0;1;2;3;0;1;2;3;0;1;2","0;0;0;0;0;0;0;0;0;0;0;0;0;0;0;0;0;0;0;0;0;0;0;0;0;0;0;0;0;0;0;0;0;0;0;0;0;0;0;0;0;0;0;0;0;0;0;0;0;0;0;0;0;0;0;0","Imported from Hevy"
1970-01-01,imported_hevy,27_mar_2025,_02:04,"27 Mar 2025, 02:04",103,"0;1;2;3;0;1;2;3;0;1;2;3;4;0;1;2;3;4;5;6;7;8;9;0;1;2;3;4;5;6;0;1;2;3;0;1;2;3;4;0;1;2;3;4;0;1;2;3;0;1;2;3;0;1;2;3;0;1;2;0;1;2;3;0;1;2;3;0;1;2;3;4;5;0;1;2;3;0;1;2;0;1;2;3;0;1;2;3;4;5;6;0;1;2;3;4;5;6;7;8;9;10;11","0;0;0;0;0;0;0;0;0;0;0;0;0;0;0;0;0;0;0;0;0;0;0;0;0;0;0;0;0;0;0;0;0;0;0;0;0;0;0;0;0;0;0;0;0;0;0;0;0;0;0;0;0;0;0;0;0;0;0;0;0;0;0;0;0;0;0;0;0;0;0;0;0;0;0;0;0;0;0;0;0;0;0;0;0;0;0;0;0;0;0;0;0;0;0;0;0;0;0;0;0;0;0","Imported from Hevy"
1970-01-01,imported_hevy,24_mar_2025,_08:08,"24 Mar 2025, 08:08",76,"0;1;2;3;4;0;1;2;3;0;1;2;3;0;1;2;3;4;5;6;7;8;9;0;1;2;3;4;0;1;2;3;0;1;2;3;4;5;6;7;0;1;2;3;0;1;2;3;0;1;2;3;0;1;2;3;4;0;1;2;3;0;1;2;3;4;0;1;2;3;4;5;0;1;2;3","0;0;0;0;0;0;0;0;0;0;0;0;0;0;0;0;0;0;0;0;0;0;0;0;0;0;0;0;0;0;0;0;0;0;0;0;0;0;0;0;0;0;0;0;0;0;0;0;0;0;0;0;0;0;0;0;0;0;0;0;0;0;0;0;0;0;0;0;0;0;0;0;0;0;0;0","Imported from Hevy"
1970-01-01,imported_hevy,20_mar_2025,_04:35,"20 Mar 2025, 04:35",94,"0;1;2;3;4;5;6;0;1;2;3;0;1;2;3;0;1;2;3;4;5;0;1;2;3;0;1;2;3;4;0;1;2;3;4;5;6;7;0;1;2;3;0;1;2;3;0;1;2;3;0;1;2;3;0;1;2;3;4;5;6;7;8;9;0;1;2;3;0;1;2;3;0;1;2;3;0;1;2;3;0;1;2;3;0;1;0;1;2;3;4;0;1;2","0;0;0;0;0;0;0;0;0;0;0;0;0;0;0;0;0;0;0;0;0;0;0;0;0;0;0;0;0;0;0;0;0;0;0;0;0;0;0;0;0;0;0;0;0;0;0;0;0;0;0;0;0;0;0;0;0;0;0;0;0;0;0;0;0;0;0;0;0;0;0;0;0;0;0;0;0;0;0;0;0;0;0;0;0;0;0;0;0;0;0;0;0;0","Imported from Hevy"
1970-01-01,imported_hevy,17_mar_2025,_11:09,"17 Mar 2025, 11:09",64,"0;1;2;3;0;1;2;3;0;1;2;3;4;0;1;2;3;0;1;2;3;0;1;2;3;0;1;2;3;4;5;6;7;0;1;2;3;4;5;6;7;8;9;0;1;2;3;4;0;1;2;3;0;1;2;3;4;0;1;2;3;4;5;0","0;0;0;0;0;0;0;0;0;0;0;0;0;0;0;0;0;0;0;0;0;0;0;0;0;0;0;0;0;0;0;0;0;0;0;0;0;0;0;0;0;0;0;0;0;0;0;0;0;0;0;0;0;0;0;0;0;0;0;0;0;0;0;0","Imported from Hevy"
1970-01-01,imported_hevy,13_mar_2025,_03:05,"13 Mar 2025, 03:05",78,"0;1;2;3;4;5;6;7;0;1;2;3;0;1;2;3;4;0;1;2;3;0;1;2;3;0;1;2;3;0;1;2;3;0;1;2;3;4;5;6;7;0;1;2;3;4;5;6;7;8;9;10;11;0;1;2;3;4;0;1;2;3;0;1;2;3;4;0;1;2;3;0;1;2;3;0;1;2","0;0;0;0;0;0;0;0;0;0;0;0;0;0;0;0;0;0;0;0;0;0;0;0;0;0;0;0;0;0;0;0;0;0;0;0;0;0;0;0;0;0;0;0;0;0;0;0;0;0;0;0;0;0;0;0;0;0;0;0;0;0;0;0;0;0;0;0;0;0;0;0;0;0;0;0;0;0","Imported from Hevy"
1970-01-01,imported_hevy,10_mar_2025,_08:43,"10 Mar 2025, 08:43",60,"0;1;2;3;0;1;2;3;0;1;2;3;0;1;2;3;0;1;2;0;1;2;3;0;1;2;3;0;1;2;3;4;5;6;7;8;9;0;1;2;3;4;5;6;7;8;9;10;11;0;1;2;0;1;2;0;1;2;3;4","0;0;0;0;0;0;0;0;0;0;0;0;0;0;0;0;0;0;0;0;0;0;0;0;0;0;0;0;0;0;0;0;0;0;0;0;0;0;0;0;0;0;0;0;0;0;0;0;0;0;0;0;0;0;0;0;0;0;0;0","Imported from Hevy"
1970-01-01,imported_hevy,6_mar_2025,_04:01,"6 Mar 2025, 04:01",72,"0;1;2;3;4;5;6;7;0;1;2;3;0;1;2;3;0;1;2;0;1;2;3;0;1;2;3;0;1;2;3;0;1;2;3;0;1;2;3;4;5;6;7;0;1;2;3;4;5;6;7;8;9;10;11;12;0;1;2;3;0;1;2;3;0;1;2;3;0;1;2;3","0;0;0;0;0;0;0;0;0;0;0;0;0;0;0;0;0;0;0;0;0;0;0;0;0;0;0;0;0;0;0;0;0;0;0;0;0;0;0;0;0;0;0;0;0;0;0;0;0;0;0;0;0;0;0;0;0;0;0;0;0;0;0;0;0;0;0;0;0;0;0;0","Imported from Hevy"
1970-01-01,imported_hevy,3_mar_2025,_06:54,"3 Mar 2025, 06:54",64,"0;1;2;3;0;1;2;3;0;1;2;3;0;1;2;3;4;5;6;7;0;1;2;3;4;5;6;7;8;9;10;11;0;1;2;3;0;1;2;3;0;1;2;0;1;2;3;4;0;1;2;3;0;1;2;3;0;1;2;3;4;0;1;2","0;0;0;0;0;0;0;0;0;0;0;0;0;0;0;0;0;0;0;0;0;0;0;0;0;0;0;0;0;0;0;0;0;0;0;0;0;0;0;0;0;0;0;0;0;0;0;0;0;0;0;0;0;0;0;0;0;0;0;0;0;0;0;0","Imported from Hevy"
1970-01-01,imported_hevy,27_feb_2025,_05:45,"27 Feb 2025, 05:45",73,"0;1;2;3;4;0;1;2;3;4;0;1;2;0;1;2;3;4;0;1;2;3;0;1;2;3;4;0;1;2;3;4;0;1;2;3;0;1;2;3;4;5;6;0;1;2;3;0;1;2;3;0;1;2;3;4;5;0;1;2;0;1;2;3;4;0;1;2;3;0;1;2;3","0;0;0;0;0;0;0;0;0;0;0;0;0;0;0;0;0;0;0;0;0;0;0;0;0;0;0;0;0;0;0;0;0;0;0;0;0;0;0;0;0;0;0;0;0;0;0;0;0;0;0;0;0;0;0;0;0;0;0;0;0;0;0;0;0;0;0;0;0;0;0;0;0","Imported from Hevy"
1970-01-01,imported_hevy,24_feb_2025,_06:56,"24 Feb 2025, 06:56",72,"0;1;2;3;4;5;0;1;2;3;4;0;1;2;3;0;1;2;3;0;1;2;3;0;1;2;3;0;1;2;3;0;1;2;3;4;5;6;7;8;0;1;2;3;0;1;2;3;4;0;1;2;3;4;5;0;1;2;3;4;0;1;2;0;1;2;3;0;1;2;3;4","0;0;0;0;0;0;0;0;0;0;0;0;0;0;0;0;0;0;0;0;0;0;0;0;0;0;0;0;0;0;0;0;0;0;0;0;0;0;0;0;0;0;0;0;0;0;0;0;0;0;0;0;0;0;0;0;0;0;0;0;0;0;0;0;0;0;0;0;0;0;0;0","Imported from Hevy"
1970-01-01,imported_hevy,20_feb_2025,_05:29,"20 Feb 2025, 05:29",75,"0;1;2;3;0;1;2;3;4;0;1;2;0;1;2;3;4;5;6;7;0;1;2;3;4;0;1;2;3;0;1;2;3;0;1;2;3;0;1;2;3;0;1;2;3;0;1;2;3;4;5;6;7;8;9;0;1;2;3;4;5;6;7;0;1;2;3;0;1;2;3;0;1;2;3","0;0;0;0;0;0;0;0;0;0;0;0;0;0;0;0;0;0;0;0;0;0;0;0;0;0;0;0;0;0;0;0;0;0;0;0;0;0;0;0;0;0;0;0;0;0;0;0;0;0;0;0;0;0;0;0;0;0;0;0;0;0;0;0;0;0;0;0;0;0;0;0;0;0;0","Imported from Hevy"
1970-01-01,imported_hevy,17_feb_2025,_06:54,"17 Feb 2025, 06:54",62,"0;1;2;3;4;5;0;1;2;3;0;1;2;0;1;2;3;0;1;2;3;0;1;2;3;0;1;2;3;0;1;2;3;0;1;2;0;1;2;3;4;0;1;2;3;0;1;2;3;0;1;2;3;0;1;2;3;4;0;1;2;3","0;0;0;0;0;0;0;0;0;0;0;0;0;0;0;0;0;0;0;0;0;0;0;0;0;0;0;0;0;0;0;0;0;0;0;0;0;0;0;0;0;0;0;0;0;0;0;0;0;0;0;0;0;0;0;0;0;0;0;0;0;0","Imported from Hevy"
1970-01-01,imported_hevy,13_feb_2025,_02:09,"13 Feb 2025, 02:09",81,"0;0;1;2;3;4;5;0;1;2;3;4;0;1;2;3;0;1;2;3;4;5;0;1;2;3;4;5;0;1;2;0;1;2;3;0;1;2;3;0;1;2;3;0;1;2;3;4;0;1;2;3;4;0;1;2;3;0;1;2;3;0;1;2;3;4;5;6;7;0;1;2;3;0;1;2;3;0;1;2;3","0;0;0;0;0;0;0;0;0;0;0;0;0;0;0;0;0;0;0;0;0;0;0;0;0;0;0;0;0;0;0;0;0;0;0;0;0;0;0;0;0;0;0;0;0;0;0;0;0;0;0;0;0;0;0;0;0;0;0;0;0;0;0;0;0;0;0;0;0;0;0;0;0;0;0;0;0;0;0;0;0","Imported from Hevy"
1970-01-01,imported_hevy,10_feb_2025,_06:53,"10 Feb 2025, 06:53",75,"0;1;2;3;4;0;1;2;3;4;0;1;2;3;4;0;1;2;3;4;0;1;2;3;4;0;1;2;3;0;1;2;3;0;1;2;3;4;0;1;2;3;4;0;1;2;3;0;1;2;3;0;1;2;3;0;1;2;3;4;5;6;7;0;1;2;3;0;1;2;3;0;1;2;3","0;0;0;0;0;0;0;0;0;0;0;0;0;0;0;0;0;0;0;0;0;0;0;0;0;0;0;0;0;0;0;0;0;0;0;0;0;0;0;0;0;0;0;0;0;0;0;0;0;0;0;0;0;0;0;0;0;0;0;0;0;0;0;0;0;0;0;0;0;0;0;0;0;0;0","Imported from Hevy"
1970-01-01,imported_hevy,6_feb_2025,_02:09,"6 Feb 2025, 02:09",72,"0;1;2;3;4;0;1;2;3;4;5;0;1;2;3;4;0;1;2;3;4;0;1;2;3;0;1;2;3;4;0;1;2;3;0;1;2;3;0;1;2;3;0;1;2;3;4;5;6;7;8;0;1;2;3;0;1;2;3;0;0;1;2;3;0;1;2;3;0;1;2;3","0;0;0;0;0;0;0;0;0;0;0;0;0;0;0;0;0;0;0;0;0;0;0;0;0;0;0;0;0;0;0;0;0;0;0;0;0;0;0;0;0;0;0;0;0;0;0;0;0;0;0;0;0;0;0;0;0;0;0;0;0;0;0;0;0;0;0;0;0;0;0;0","Imported from Hevy"
1970-01-01,imported_hevy,3_feb_2025,_06:55,"3 Feb 2025, 06:55",60,"0;1;0;1;2;3;4;0;1;2;3;4;0;1;2;3;0;1;2;3;4;0;1;2;3;0;1;2;3;0;1;2;3;0;1;2;3;4;0;1;2;3;0;1;2;3;0;1;2;3;0;0;1;2;3;4;0;1;2;3","0;0;0;0;0;0;0;0;0;0;0;0;0;0;0;0;0;0;0;0;0;0;0;0;0;0;0;0;0;0;0;0;0;0;0;0;0;0;0;0;0;0;0;0;0;0;0;0;0;0;0;0;0;0;0;0;0;0;0;0","Imported from Hevy"
1970-01-01,imported_hevy,30_jan_2025,_02:01,"30 Jan 2025, 02:01",88,"0;1;2;3;4;0;1;2;3;4;0;1;2;3;4;0;1;2;3;4;0;1;2;3;4;5;6;0;1;2;3;4;0;1;2;3;4;0;1;2;3;0;1;2;3;0;1;2;3;0;1;2;3;4;0;1;2;3;4;0;1;2;3;0;1;2;3;0;1;2;3;4;5;6;7;0;1;2;3;0;1;2;3;4;0;1;2;3","0;0;0;0;0;0;0;0;0;0;0;0;0;0;0;0;0;0;0;0;0;0;0;0;0;0;0;0;0;0;0;0;0;0;0;0;0;0;0;0;0;0;0;0;0;0;0;0;0;0;0;0;0;0;0;0;0;0;0;0;0;0;0;0;0;0;0;0;0;0;0;0;0;0;0;0;0;0;0;0;0;0;0;0;0;0;0;0","Imported from Hevy"
1970-01-01,imported_hevy,27_jan_2025,_07:06,"27 Jan 2025, 07:06",76,"0;1;2;3;4;0;1;2;3;0;1;2;3;4;0;1;2;3;0;1;2;3;0;1;2;3;0;1;0;1;2;3;0;1;2;3;0;1;2;3;4;0;1;2;0;1;2;3;0;1;2;3;0;1;2;3;4;5;6;0;1;2;3;0;1;2;3;4;0;1;2;3;0;1;2;3","0;0;0;0;0;0;0;0;0;0;0;0;0;0;0;0;0;0;0;0;0;0;0;0;0;0;0;0;0;0;0;0;0;0;0;0;0;0;0;0;0;0;0;0;0;0;0;0;0;0;0;0;0;0;0;0;0;0;0;0;0;0;0;0;0;0;0;0;0;0;0;0;0;0;0;0","Imported from Hevy"
1970-01-01,imported_hevy,23_jan_2025,_02:17,"23 Jan 2025, 02:17",79,"0;1;2;3;4;5;0;1;2;3;4;0;1;2;3;0;1;2;3;4;0;1;2;3;0;1;2;3;4;0;1;2;3;4;0;1;0;1;2;3;0;1;2;3;4;0;1;2;3;4;0;1;2;3;0;1;2;3;0;1;2;3;0;1;2;3;0;1;2;3;0;1;2;3;4;0;1;2;3","0;0;0;0;0;0;0;0;0;0;0;0;0;0;0;0;0;0;0;0;0;0;0;0;0;0;0;0;0;0;0;0;0;0;0;0;0;0;0;0;0;0;0;0;0;0;0;0;0;0;0;0;0;0;0;0;0;0;0;0;0;0;0;0;0;0;0;0;0;0;0;0;0;0;0;0;0;0;0","Imported from Hevy"
1970-01-01,imported_hevy,20_jan_2025,_07:02,"20 Jan 2025, 07:02",71,"0;1;2;3;4;0;1;2;3;0;1;2;3;4;0;1;2;3;0;1;2;3;4;0;1;2;3;0;1;2;3;4;0;1;2;3;0;1;2;3;4;0;1;2;3;0;1;2;3;0;1;2;3;0;1;2;3;0;1;2;3;0;1;2;3;4;0;1;2;3;4","0;0;0;0;0;0;0;0;0;0;0;0;0;0;0;0;0;0;0;0;0;0;0;0;0;0;0;0;0;0;0;0;0;0;0;0;0;0;0;0;0;0;0;0;0;0;0;0;0;0;0;0;0;0;0;0;0;0;0;0;0;0;0;0;0;0;0;0;0;0;0","Imported from Hevy"
1970-01-01,imported_hevy,16_jan_2025,_02:08,"16 Jan 2025, 02:08",88,"0;1;2;3;4;5;6;0;1;2;3;0;1;2;3;0;1;2;3;4;5;6;0;1;2;3;4;0;1;2;3;4;0;1;2;3;0;1;2;3;0;1;2;3;0;1;2;3;0;1;2;3;0;1;2;3;0;1;2;3;0;1;2;3;0;1;2;3;0;1;2;3;4;5;6;7;0;1;2;0;1;2;3;4;0;1;2;3","0;0;0;0;0;0;0;0;0;0;0;0;0;0;0;0;0;0;0;0;0;0;0;0;0;0;0;0;0;0;0;0;0;0;0;0;0;0;0;0;0;0;0;0;0;0;0;0;0;0;0;0;0;0;0;0;0;0;0;0;0;0;0;0;0;0;0;0;0;0;0;0;0;0;0;0;0;0;0;0;0;0;0;0;0;0;0;0","Imported from Hevy"
1970-01-01,imported_hevy,13_jan_2025,_06:55,"13 Jan 2025, 06:55",60,"0;1;2;3;4;0;1;2;3;4;0;1;2;3;4;0;1;2;3;0;1;2;3;0;1;2;3;0;1;2;3;0;1;2;3;0;1;2;3;0;1;2;3;0;1;2;3;0;1;2;0;1;2;3;4;0;1;2;3;4","0;0;0;0;0;0;0;0;0;0;0;0;0;0;0;0;0;0;0;0;0;0;0;0;0;0;0;0;0;0;0;0;0;0;0;0;0;0;0;0;0;0;0;0;0;0;0;0;0;0;0;0;0;0;0;0;0;0;0;0","Imported from Hevy"
1970-01-01,imported_hevy,9_jan_2025,_04:24,"9 Jan 2025, 04:24",77,"0;1;2;3;4;5;6;0;1;2;3;0;1;2;3;4;0;1;2;3;4;0;1;2;3;4;0;1;2;3;0;1;2;3;0;1;2;3;4;0;1;2;3;4;5;6;7;8;0;1;0;1;2;3;4;0;1;2;3;0;1;2;3;0;1;2;0;1;2;3;4;0;1;2;0;1;2","0;0;0;0;0;0;0;0;0;0;0;0;0;0;0;0;0;0;0;0;0;0;0;0;0;0;0;0;0;0;0;0;0;0;0;0;0;0;0;0;0;0;0;0;0;0;0;0;0;0;0;0;0;0;0;0;0;0;0;0;0;0;0;0;0;0;0;0;0;0;0;0;0;0;0;0;0","Imported from Hevy"
1970-01-01,imported_hevy,6_jan_2025,_06:55,"6 Jan 2025, 06:55",72,"0;1;2;3;4;0;1;2;3;4;0;1;2;3;4;0;1;2;3;0;1;2;3;4;5;6;7;8;9;10;0;0;1;2;3;0;1;2;3;0;1;2;3;4;5;6;7;0;1;2;3;4;0;1;2;3;0;1;2;3;0;1;2;3;0;1;2;3;0;1;2;3","0;0;0;0;0;0;0;0;0;0;0;0;0;0;0;0;0;0;0;0;0;0;0;0;0;0;0;0;0;0;0;0;0;0;0;0;0;0;0;0;0;0;0;0;0;0;0;0;0;0;0;0;0;0;0;0;0;0;0;0;0;0;0;0;0;0;0;0;0;0;0;0","Imported from Hevy"
1970-01-01,imported_hevy,2_jan_2025,_06:55,"2 Jan 2025, 06:55",69,"0;1;2;3;0;1;2;3;0;1;2;3;4;0;1;2;3;0;1;2;3;4;5;6;7;8;9;10;11;12;0;1;2;3;0;1;2;3;0;1;2;3;0;1;2;3;4;5;6;7;0;1;2;3;0;1;2;3;0;1;2;0;1;2;3;0;1;2;3","0;0;0;0;0;0;0;0;0;0;0;0;0;0;0;0;0;0;0;0;0;0;0;0;0;0;0;0;0;0;0;0;0;0;0;0;0;0;0;0;0;0;0;0;0;0;0;0;0;0;0;0;0;0;0;0;0;0;0;0;0;0;0;0;0;0;0;0;0","Imported from Hevy"
1970-01-01,imported_hevy,30_dec_2024,_06:55,"30 Dec 2024, 06:55",69,"0;1;2;3;4;0;1;2;3;0;1;2;3;4;0;1;2;3;0;1;2;3;4;5;6;7;8;9;10;11;0;1;2;3;0;1;2;3;0;1;2;3;0;1;2;3;4;5;6;7;0;1;2;3;0;1;2;3;0;1;2;3;0;0;1;0;1;2;3","0;0;0;0;0;0;0;0;0;0;0;0;0;0;0;0;0;0;0;0;0;0;0;0;0;0;0;0;0;0;0;0;0;0;0;0;0;0;0;0;0;0;0;0;0;0;0;0;0;0;0;0;0;0;0;0;0;0;0;0;0;0;0;0;0;0;0;0;0","Imported from Hevy"
1970-01-01,imported_hevy,26_dec_2024,_06:59,"26 Dec 2024, 06:59",62,"0;1;2;3;4;0;1;2;3;0;1;2;3;4;0;1;2;3;0;1;2;3;4;5;6;7;8;9;10;11;0;1;2;3;0;1;2;3;0;1;2;3;0;1;2;3;4;5;6;7;0;0;1;2;3;0;1;2;3;0;1;2","0;0;0;0;0;0;0;0;0;0;0;0;0;0;0;0;0;0;0;0;0;0;0;0;0;0;0;0;0;0;0;0;0;0;0;0;0;0;0;0;0;0;0;0;0;0;0;0;0;0;0;0;0;0;0;0;0;0;0;0;0;0","Imported from Hevy"
1970-01-01,imported_hevy,23_dec_2024,_06:56,"23 Dec 2024, 06:56",63,"0;0;1;2;3;0;1;2;3;4;0;1;2;3;0;1;2;3;4;5;6;7;8;9;10;11;12;0;1;2;3;0;1;2;3;0;1;2;0;1;2;3;4;5;6;7;0;1;2;3;0;1;2;3;4;0;1;2;3;0;1;2;3","0;0;0;0;0;0;0;0;0;0;0;0;0;0;0;0;0;0;0;0;0;0;0;0;0;0;0;0;0;0;0;0;0;0;0;0;0;0;0;0;0;0;0;0;0;0;0;0;0;0;0;0;0;0;0;0;0;0;0;0;0;0;0","Imported from Hevy"
1970-01-01,imported_hevy,19_dec_2024,_02:31,"19 Dec 2024, 02:31",87,"0;1;2;3;4;0;1;2;3;0;1;2;3;0;1;2;3;4;0;1;2;3;0;1;2;3;4;5;6;7;8;9;10;11;0;1;2;3;0;1;2;3;0;1;2;3;0;1;2;3;0;1;2;3;4;5;6;7;0;1;2;3;0;1;2;3;4;5;0;1;2;3;0;1;2;3;0;1;2;0;1;2;3;0;1;2;3","0;0;0;0;0;0;0;0;0;0;0;0;0;0;0;0;0;0;0;0;0;0;0;0;0;0;0;0;0;0;0;0;0;0;0;0;0;0;0;0;0;0;0;0;0;0;0;0;0;0;0;0;0;0;0;0;0;0;0;0;0;0;0;0;0;0;0;0;0;0;0;0;0;0;0;0;0;0;0;0;0;0;0;0;0;0;0","Imported from Hevy"
1970-01-01,imported_hevy,16_dec_2024,_06:54,"16 Dec 2024, 06:54",49,"0;1;2;0;1;2;3;4;0;1;2;3;0;1;2;3;4;5;6;7;8;9;10;11;0;1;2;3;0;1;2;0;1;2;3;0;1;2;3;0;1;2;3;4;5;6;7;0;1","0;0;0;0;0;0;0;0;0;0;0;0;0;0;0;0;0;0;0;0;0;0;0;0;0;0;0;0;0;0;0;0;0;0;0;0;0;0;0;0;0;0;0;0;0;0;0;0;0","Imported from Hevy"
1970-01-01,imported_hevy,12_dec_2024,_02:19,"12 Dec 2024, 02:19",83,"0;1;2;3;4;5;0;1;2;3;0;1;2;3;4;5;6;0;1;2;3;4;5;0;1;2;3;4;5;6;7;0;1;2;3;0;1;2;3;0;1;2;3;0;1;2;3;4;5;6;7;0;1;0;1;2;3;4;5;6;7;0;1;2;3;4;0;1;2;3;0;1;2;3;0;0;1;2;3;0;1;2;3","0;0;0;0;0;0;0;0;0;0;0;0;0;0;0;0;0;0;0;0;0;0;0;0;0;0;0;0;0;0;0;0;0;0;0;0;0;0;0;0;0;0;0;0;0;0;0;0;0;0;0;0;0;0;0;0;0;0;0;0;0;0;0;0;0;0;0;0;0;0;0;0;0;0;0;0;0;0;0;0;0;0;0","Imported from Hevy"
1970-01-01,imported_hevy,9_dec_2024,_06:57,"9 Dec 2024, 06:57",91,"0;1;2;3;4;0;1;2;3;0;1;2;3;4;0;1;2;3;0;1;2;3;4;5;0;1;2;3;4;0;1;2;3;4;0;1;2;3;4;5;6;7;8;9;0;1;2;3;4;5;6;7;8;9;10;11;12;13;14;15;16;17;18;19;20;21;22;23;0;1;2;3;0;1;2;3;4;5;0;1;2;3;4;0;1;2;3;0;1;0;1","0;0;0;0;0;0;0;0;0;0;0;0;0;0;0;0;0;0;0;0;0;0;0;0;0;0;0;0;0;0;0;0;0;0;0;0;0;0;0;0;0;0;0;0;0;0;0;0;0;0;0;0;0;0;0;0;0;0;0;0;0;0;0;0;0;0;0;0;0;0;0;0;0;0;0;0;0;0;0;0;0;0;0;0;0;0;0;0;0;0;0","Imported from Hevy"
1970-01-01,imported_hevy,5_dec_2024,_06:13,"5 Dec 2024, 06:13",115,"0;1;2;3;4;5;6;0;1;2;3;0;1;2;3;0;1;2;3;4;0;1;2;3;0;1;2;3;4;5;6;7;0;1;2;3;0;1;2;3;0;1;2;3;0;1;2;3;4;0;1;2;3;4;5;6;7;8;9;10;11;12;13;14;15;16;17;18;19;20;21;22;23;0;1;2;3;0;1;2;3;4;5;6;7;0;1;2;3;4;0;1;2;3;4;0;1;2;3;4;0;1;2;3;4;5;6;7;8;9;0;1;2;3;4","0;0;0;0;0;0;0;0;0;0;0;0;0;0;0;0;0;0;0;0;0;0;0;0;0;0;0;0;0;0;0;0;0;0;0;0;0;0;0;0;0;0;0;0;0;0;0;0;0;0;0;0;0;0;0;0;0;0;0;0;0;0;0;0;0;0;0;0;0;0;0;0;0;0;0;0;0;0;0;0;0;0;0;0;0;0;0;0;0;0;0;0;0;0;0;0;0;0;0;0;0;0;0;0;0;0;0;0;0;0;0;0;0;0;0","Imported from Hevy"
1970-01-01,imported_hevy,2_dec_2024,_07:48,"2 Dec 2024, 07:48",68,"0;1;2;3;0;1;2;3;4;0;1;2;3;0;1;2;3;0;1;2;3;0;1;2;3;4;5;6;0;1;2;3;0;1;2;3;0;1;2;3;4;5;6;7;8;9;0;1;2;3;0;1;2;3;0;1;2;3;0;1;2;3;4;0;0;1;2;3","0;0;0;0;0;0;0;0;0;0;0;0;0;0;0;0;0;0;0;0;0;0;0;0;0;0;0;0;0;0;0;0;0;0;0;0;0;0;0;0;0;0;0;0;0;0;0;0;0;0;0;0;0;0;0;0;0;0;0;0;0;0;0;0;0;0;0;0","Imported from Hevy"
1970-01-01,imported_hevy,28_nov_2024,_05:15,"28 Nov 2024, 05:15",86,"0;1;2;3;4;0;1;2;3;0;1;2;3;0;1;2;3;4;0;1;2;3;0;1;2;3;4;0;1;2;3;4;0;1;2;3;4;0;1;2;3;0;1;2;3;4;0;1;2;3;4;5;6;7;0;1;2;3;0;1;2;3;4;5;0;1;2;3;4;0;1;2;3;0;1;2;3;0;1;2;3;0;1;2;3;4","0;0;0;0;0;0;0;0;0;0;0;0;0;0;0;0;0;0;0;0;0;0;0;0;0;0;0;0;0;0;0;0;0;0;0;0;0;0;0;0;0;0;0;0;0;0;0;0;0;0;0;0;0;0;0;0;0;0;0;0;0;0;0;0;0;0;0;0;0;0;0;0;0;0;0;0;0;0;0;0;0;0;0;0;0;0","Imported from Hevy"
1970-01-01,imported_hevy,25_nov_2024,_06:53,"25 Nov 2024, 06:53",51,"0;1;2;3;4;0;1;2;3;0;1;2;3;0;1;2;3;0;1;2;3;0;1;2;3;4;5;6;7;0;1;2;3;4;0;1;2;3;4;0;1;2;3;0;1;2;3;0;1;2;3","0;0;0;0;0;0;0;0;0;0;0;0;0;0;0;0;0;0;0;0;0;0;0;0;0;0;0;0;0;0;0;0;0;0;0;0;0;0;0;0;0;0;0;0;0;0;0;0;0;0;0","Imported from Hevy"
1970-01-01,imported_hevy,21_nov_2024,_05:24,"21 Nov 2024, 05:24",68,"0;1;2;3;0;1;2;3;0;1;2;3;4;0;1;2;0;1;2;3;4;0;1;2;3;0;1;2;3;4;0;1;2;3;0;1;2;3;0;1;2;3;4;5;6;7;0;1;2;3;0;1;2;3;0;1;2;3;4;0;1;2;3;0;1;2;3;4","0;0;0;0;0;0;0;0;0;0;0;0;0;0;0;0;0;0;0;0;0;0;0;0;0;0;0;0;0;0;0;0;0;0;0;0;0;0;0;0;0;0;0;0;0;0;0;0;0;0;0;0;0;0;0;0;0;0;0;0;0;0;0;0;0;0;0;0","Imported from Hevy"
1970-01-01,imported_hevy,18_nov_2024,_06:55,"18 Nov 2024, 06:55",75,"0;1;2;3;4;5;6;0;1;2;3;0;1;2;3;0;1;2;3;0;1;2;3;0;1;2;3;4;0;0;1;2;3;4;5;6;7;8;9;0;1;2;3;4;0;1;2;0;1;2;3;4;0;1;2;0;1;2;3;4;0;1;2;3;4;0;1;0;1;2;3;0;1;2;3","0;0;0;0;0;0;0;0;0;0;0;0;0;0;0;0;0;0;0;0;0;0;0;0;0;0;0;0;0;0;0;0;0;0;0;0;0;0;0;0;0;0;0;0;0;0;0;0;0;0;0;0;0;0;0;0;0;0;0;0;0;0;0;0;0;0;0;0;0;0;0;0;0;0;0","Imported from Hevy"
1970-01-01,imported_hevy,14_nov_2024,_02:46,"14 Nov 2024, 02:46",67,"0;1;2;3;4;0;1;2;3;4;0;1;2;3;0;1;2;3;4;0;1;2;3;4;0;1;2;3;0;1;2;3;0;1;2;3;0;1;2;3;4;5;6;7;8;9;0;1;2;3;0;1;0;1;2;3;0;1;0;1;2;3;4;0;1;2;3","0;0;0;0;0;0;0;0;0;0;0;0;0;0;0;0;0;0;0;0;0;0;0;0;0;0;0;0;0;0;0;0;0;0;0;0;0;0;0;0;0;0;0;0;0;0;0;0;0;0;0;0;0;0;0;0;0;0;0;0;0;0;0;0;0;0;0","Imported from Hevy"
1970-01-01,imported_hevy,11_nov_2024,_07:46,"11 Nov 2024, 07:46",62,"0;1;2;3;4;0;1;2;3;0;1;2;3;0;1;2;3;0;1;2;3;0;1;2;3;4;5;6;7;8;9;0;1;2;3;0;1;2;3;0;1;2;3;0;1;2;3;0;1;2;0;1;2;3;4;5;6;0;1;2;3;4","0;0;0;0;0;0;0;0;0;0;0;0;0;0;0;0;0;0;0;0;0;0;0;0;0;0;0;0;0;0;0;0;0;0;0;0;0;0;0;0;0;0;0;0;0;0;0;0;0;0;0;0;0;0;0;0;0;0;0;0;0;0","Imported from Hevy"
1970-01-01,imported_hevy,7_nov_2024,_02:52,"7 Nov 2024, 02:52",58,"0;1;2;3;4;0;1;2;3;4;0;1;2;3;4;0;1;2;3;0;1;2;3;4;5;6;7;0;1;2;3;0;1;2;3;0;1;2;3;4;5;6;7;8;9;0;1;2;3;0;0;1;2;3;0;1;2;3","0;0;0;0;0;0;0;0;0;0;0;0;0;0;0;0;0;0;0;0;0;0;0;0;0;0;0;0;0;0;0;0;0;0;0;0;0;0;0;0;0;0;0;0;0;0;0;0;0;0;0;0;0;0;0;0;0;0","Imported from Hevy"
1970-01-01,imported_hevy,4_nov_2024,_07:46,"4 Nov 2024, 07:46",39,"0;1;2;3;4;0;1;2;3;0;1;2;3;0;1;2;3;0;1;2;3;0;1;2;3;4;5;6;7;8;9;0;1;2;3;4;0;1;2","0;0;0;0;0;0;0;0;0;0;0;0;0;0;0;0;0;0;0;0;0;0;0;0;0;0;0;0;0;0;0;0;0;0;0;0;0;0;0","Imported from Hevy"
1970-01-01,imported_hevy,28_oct_2024,_06:54,"28 Oct 2024, 06:54",42,"0;1;2;3;4;0;1;2;3;0;1;2;3;0;1;2;3;0;1;2;3;0;1;2;3;4;5;6;7;0;1;2;3;4;0;1;2;3;4;5;0;1","0;0;0;0;0;0;0;0;0;0;0;0;0;0;0;0;0;0;0;0;0;0;0;0;0;0;0;0;0;0;0;0;0;0;0;0;0;0;0;0;0;0","Imported from Hevy"
1970-01-01,imported_hevy,24_oct_2024,_02:47,"24 Oct 2024, 02:47",74,"0;1;2;3;4;5;0;1;2;3;4;0;1;2;3;0;1;2;3;0;1;2;3;4;5;6;7;8;9;0;1;2;3;0;1;2;3;4;0;1;2;3;4;5;6;7;8;9;0;1;2;3;0;1;2;3;0;1;2;3;4;0;1;2;3;0;1;2;3;4;0;1;2;3","0;0;0;0;0;0;0;0;0;0;0;0;0;0;0;0;0;0;0;0;0;0;0;0;0;0;0;0;0;0;0;0;0;0;0;0;0;0;0;0;0;0;0;0;0;0;0;0;0;0;0;0;0;0;0;0;0;0;0;0;0;0;0;0;0;0;0;0;0;0;0;0;0;0","Imported from Hevy"
1970-01-01,imported_hevy,21_oct_2024,_06:56,"21 Oct 2024, 06:56",48,"0;1;2;3;4;0;1;2;3;4;0;1;2;3;0;1;2;3;0;1;2;3;4;0;1;2;3;4;5;6;7;8;9;0;1;2;3;0;1;2;0;1;2;3;0;1;2;3","0;0;0;0;0;0;0;0;0;0;0;0;0;0;0;0;0;0;0;0;0;0;0;0;0;0;0;0;0;0;0;0;0;0;0;0;0;0;0;0;0;0;0;0;0;0;0;0","Imported from Hevy"
1970-01-01,imported_hevy,17_oct_2024,_02:18,"17 Oct 2024, 02:18",85,"0;1;2;3;4;0;1;2;3;4;0;1;2;3;0;1;2;3;0;1;2;3;4;5;6;7;8;9;0;1;2;3;0;1;2;3;4;0;1;2;3;4;5;6;7;8;9;0;1;2;3;0;1;2;3;4;0;1;2;3;0;1;2;3;0;1;2;3;0;1;2;3;0;1;2;3;4;0;1;2;3;0;1;2;3","0;0;0;0;0;0;0;0;0;0;0;0;0;0;0;0;0;0;0;0;0;0;0;0;0;0;0;0;0;0;0;0;0;0;0;0;0;0;0;0;0;0;0;0;0;0;0;0;0;0;0;0;0;0;0;0;0;0;0;0;0;0;0;0;0;0;0;0;0;0;0;0;0;0;0;0;0;0;0;0;0;0;0;0;0","Imported from Hevy"
1970-01-01,imported_hevy,14_oct_2024,_06:54,"14 Oct 2024, 06:54",73,"0;1;2;3;4;0;1;2;3;0;1;2;3;0;1;2;3;4;5;6;7;0;1;2;3;0;1;2;3;0;1;2;3;4;5;0;1;2;3;0;1;2;3;0;1;2;3;4;0;1;2;3;0;1;2;3;0;1;2;3;4;0;1;2;3;4;5;6;7;0;1;2;3","0;0;0;0;0;0;0;0;0;0;0;0;0;0;0;0;0;0;0;0;0;0;0;0;0;0;0;0;0;0;0;0;0;0;0;0;0;0;0;0;0;0;0;0;0;0;0;0;0;0;0;0;0;0;0;0;0;0;0;0;0;0;0;0;0;0;0;0;0;0;0;0;0","Imported from Hevy"
1970-01-01,imported_hevy,10_oct_2024,_03:16,"10 Oct 2024, 03:16",79,"0;1;2;3;4;0;1;2;3;4;0;1;2;3;0;1;2;0;1;2;3;4;5;6;7;8;9;0;1;2;3;0;1;2;3;0;1;2;3;4;5;6;7;8;9;0;1;2;3;0;1;2;3;4;0;1;2;3;4;0;1;2;3;0;1;2;3;0;1;2;3;0;1;2;0;0;1;2;3","0;0;0;0;0;0;0;0;0;0;0;0;0;0;0;0;0;0;0;0;0;0;0;0;0;0;0;0;0;0;0;0;0;0;0;0;0;0;0;0;0;0;0;0;0;0;0;0;0;0;0;0;0;0;0;0;0;0;0;0;0;0;0;0;0;0;0;0;0;0;0;0;0;0;0;0;0;0;0","Imported from Hevy"
1970-01-01,imported_hevy,7_oct_2024,_06:56,"7 Oct 2024, 06:56",56,"0;1;2;3;4;0;1;2;3;0;1;0;1;2;3;0;1;2;3;4;5;6;7;8;9;0;1;2;3;0;1;2;3;0;1;2;3;4;5;6;7;8;9;0;1;2;3;0;1;2;0;1;2;3;4;5","0;0;0;0;0;0;0;0;0;0;0;0;0;0;0;0;0;0;0;0;0;0;0;0;0;0;0;0;0;0;0;0;0;0;0;0;0;0;0;0;0;0;0;0;0;0;0;0;0;0;0;0;0;0;0;0","Imported from Hevy"
1970-01-01,imported_hevy,3_oct_2024,_03:15,"3 Oct 2024, 03:15",98,"0;1;2;3;4;0;1;2;3;0;1;2;3;4;5;6;7;0;1;2;3;0;1;2;3;4;5;6;7;8;9;0;1;2;3;0;1;2;3;4;5;0;1;2;3;4;5;6;7;8;9;0;1;2;3;0;1;2;3;0;1;2;3;4;0;1;2;3;0;1;2;3;4;0;1;2;3;4;0;1;2;3;4;0;1;2;0;1;2;3;0;1;2;3;0;1;2;3","0;0;0;0;0;0;0;0;0;0;0;0;0;0;0;0;0;0;0;0;0;0;0;0;0;0;0;0;0;0;0;0;0;0;0;0;0;0;0;0;0;0;0;0;0;0;0;0;0;0;0;0;0;0;0;0;0;0;0;0;0;0;0;0;0;0;0;0;0;0;0;0;0;0;0;0;0;0;0;0;0;0;0;0;0;0;0;0;0;0;0;0;0;0;0;0;0;0","Imported from Hevy"
1970-01-01,imported_hevy,30_sep_2024,_06:57,"30 Sep 2024, 06:57",65,"0;1;2;3;4;0;1;2;3;0;1;2;3;4;5;6;7;0;1;2;3;0;1;2;3;4;5;6;7;8;9;0;1;2;3;0;1;2;3;4;0;1;2;3;4;5;6;7;8;9;0;1;0;1;2;3;0;1;2;3;4;0;1;2;3","0;0;0;0;0;0;0;0;0;0;0;0;0;0;0;0;0;0;0;0;0;0;0;0;0;0;0;0;0;0;0;0;0;0;0;0;0;0;0;0;0;0;0;0;0;0;0;0;0;0;0;0;0;0;0;0;0;0;0;0;0;0;0;0;0","Imported from Hevy"
1970-01-01,imported_hevy,26_sep_2024,_03:21,"26 Sep 2024, 03:21",93,"0;1;2;3;0;1;2;3;4;0;1;2;3;4;0;1;2;3;0;1;2;3;4;5;0;1;2;3;0;1;2;3;4;0;1;2;3;4;5;6;7;0;1;2;3;0;1;2;3;0;1;2;3;0;1;2;3;0;1;2;3;4;0;1;2;3;4;0;1;2;3;0;1;2;3;0;1;2;3;4;5;6;7;8;9;0;1;2;3;0;1;2;3","0;0;0;0;0;0;0;0;0;0;0;0;0;0;0;0;0;0;0;0;0;0;0;0;0;0;0;0;0;0;0;0;0;0;0;0;0;0;0;0;0;0;0;0;0;0;0;0;0;0;0;0;0;0;0;0;0;0;0;0;0;0;0;0;0;0;0;0;0;0;0;0;0;0;0;0;0;0;0;0;0;0;0;0;0;0;0;0;0;0;0;0;0","Imported from Hevy"
1970-01-01,imported_hevy,23_sep_2024,_06:57,"23 Sep 2024, 06:57",65,"0;1;2;0;1;2;3;4;0;1;2;3;0;1;2;3;0;1;2;3;4;5;6;7;8;0;1;2;3;0;1;2;3;0;1;2;3;4;5;6;7;0;1;2;3;0;1;2;0;1;2;3;0;1;2;3;4;0;1;2;3;4;5;6;7","0;0;0;0;0;0;0;0;0;0;0;0;0;0;0;0;0;0;0;0;0;0;0;0;0;0;0;0;0;0;0;0;0;0;0;0;0;0;0;0;0;0;0;0;0;0;0;0;0;0;0;0;0;0;0;0;0;0;0;0;0;0;0;0;0","Imported from Hevy"
1970-01-01,imported_hevy,16_sep_2024,_06:56,"16 Sep 2024, 06:56",55,"0;1;2;3;4;5;0;1;2;3;4;0;1;2;3;0;1;2;3;0;1;2;3;4;0;1;2;3;0;1;2;3;0;1;2;3;4;5;6;7;8;9;0;1;2;0;1;2;3;4;0;1;2;3;4","0;0;0;0;0;0;0;0;0;0;0;0;0;0;0;0;0;0;0;0;0;0;0;0;0;0;0;0;0;0;0;0;0;0;0;0;0;0;0;0;0;0;0;0;0;0;0;0;0;0;0;0;0;0;0","Imported from Hevy"
1970-01-01,imported_hevy,5_apr_2025,_02:41,"5 Apr 2025, 02:41",62,"0;1;2;3;0;1;2;3;0;1;2;3;4;0;1;2;3;0;1;2;3;0;1;2;3;4;5;6;7;8;9;0;1;2;3;0;1;2;3;0;1;2;3;0;1;2;3;0;1;2;3;4;5;6;7;0;1;2;0;1;2;3","0;0;0;0;0;0;0;0;0;0;0;0;0;0;0;0;0;0;0;0;0;0;0;0;0;0;0;0;0;0;0;0;0;0;0;0;0;0;0;0;0;0;0;0;0;0;0;0;0;0;0;0;0;0;0;0;0;0;0;0;0;0","Imported from Hevy"
1970-01-01,imported_hevy,29_mar_2025,_02:03,"29 Mar 2025, 02:03",70,"0;1;2;3;0;1;2;3;4;0;1;2;3;0;1;2;3;4;5;0;1;2;3;4;5;6;7;8;9;10;11;0;1;2;3;4;0;1;2;3;0;1;2;3;0;1;2;3;4;5;6;7;8;0;1;2;3;4;0;1;2;3;0;1;2;0;1;2;3;4","0;0;0;0;0;0;0;0;0;0;0;0;0;0;0;0;0;0;0;0;0;0;0;0;0;0;0;0;0;0;0;0;0;0;0;0;0;0;0;0;0;0;0;0;0;0;0;0;0;0;0;0;0;0;0;0;0;0;0;0;0;0;0;0;0;0;0;0;0;0","Imported from Hevy"
1970-01-01,imported_hevy,22_mar_2025,_02:34,"22 Mar 2025, 02:34",57,"0;1;2;3;0;1;2;3;4;0;1;2;3;4;5;6;0;1;2;3;0;1;2;3;0;1;2;3;0;1;2;3;0;1;2;3;4;0;1;2;3;4;5;6;0;1;2;3;0;1;2;3;4;0;1;2;3","0;0;0;0;0;0;0;0;0;0;0;0;0;0;0;0;0;0;0;0;0;0;0;0;0;0;0;0;0;0;0;0;0;0;0;0;0;0;0;0;0;0;0;0;0;0;0;0;0;0;0;0;0;0;0;0;0","Imported from Hevy"
1970-01-01,imported_hevy,15_mar_2025,_02:52,"15 Mar 2025, 02:52",65,"0;1;2;3;4;0;1;2;3;4;5;0;1;2;3;0;1;0;1;2;3;4;0;1;2;0;1;2;3;4;5;6;7;8;9;10;11;12;0;1;2;3;0;1;2;3;0;0;1;2;3;0;1;2;3;4;0;1;2;3;0;1;2;3;4","0;0;0;0;0;0;0;0;0;0;0;0;0;0;0;0;0;0;0;0;0;0;0;0;0;0;0;0;0;0;0;0;0;0;0;0;0;0;0;0;0;0;0;0;0;0;0;0;0;0;0;0;0;0;0;0;0;0;0;0;0;0;0;0;0","Imported from Hevy"
1970-01-01,imported_hevy,8_mar_2025,_04:25,"8 Mar 2025, 04:25",58,"0;1;2;3;0;1;2;3;4;5;0;1;2;3;0;1;2;0;1;2;3;4;0;1;2;3;0;1;2;3;4;5;6;7;0;1;2;3;0;1;2;3;0;1;2;3;0;1;2;3;4;5;6;7;0;1;2;3","0;0;0;0;0;0;0;0;0;0;0;0;0;0;0;0;0;0;0;0;0;0;0;0;0;0;0;0;0;0;0;0;0;0;0;0;0;0;0;0;0;0;0;0;0;0;0;0;0;0;0;0;0;0;0;0;0;0","Imported from Hevy"
1970-01-01,imported_hevy,1_mar_2025,_04:59,"1 Mar 2025, 04:59",58,"0;1;2;3;0;1;2;3;4;5;0;1;2;3;4;0;1;2;3;4;5;6;7;8;0;1;2;3;0;1;2;3;4;5;6;7;0;1;2;3;0;1;2;3;0;1;2;3;4;5;0;1;2;3;0;1;2;3","0;0;0;0;0;0;0;0;0;0;0;0;0;0;0;0;0;0;0;0;0;0;0;0;0;0;0;0;0;0;0;0;0;0;0;0;0;0;0;0;0;0;0;0;0;0;0;0;0;0;0;0;0;0;0;0;0;0","Imported from Hevy"
1970-01-01,imported_hevy,22_feb_2025,_04:32,"22 Feb 2025, 04:32",61,"0;1;2;3;0;1;2;3;4;0;1;2;3;0;1;2;3;4;5;6;7;8;9;0;1;2;3;0;1;2;3;4;5;6;7;8;9;10;11;0;1;2;0;1;2;3;0;1;2;3;4;5;0;1;2;3;4;0;1;2;3","0;0;0;0;0;0;0;0;0;0;0;0;0;0;0;0;0;0;0;0;0;0;0;0;0;0;0;0;0;0;0;0;0;0;0;0;0;0;0;0;0;0;0;0;0;0;0;0;0;0;0;0;0;0;0;0;0;0;0;0;0","Imported from Hevy"
1970-01-01,imported_hevy,15_feb_2025,_02:00,"15 Feb 2025, 02:00",52,"0;1;2;3;0;1;2;3;4;0;1;2;3;0;1;2;3;4;5;6;7;8;0;1;2;3;0;1;2;3;0;1;2;3;4;5;6;7;0;1;2;3;0;1;2;3;0;1;2;3;4;5","0;0;0;0;0;0;0;0;0;0;0;0;0;0;0;0;0;0;0;0;0;0;0;0;0;0;0;0;0;0;0;0;0;0;0;0;0;0;0;0;0;0;0;0;0;0;0;0;0;0;0;0","Imported from Hevy"
1970-01-01,imported_hevy,8_feb_2025,_01:52,"8 Feb 2025, 01:52",66,"0;1;2;3;4;0;1;2;3;4;0;1;2;3;0;1;2;3;4;5;6;7;8;0;1;2;0;1;2;3;0;1;2;3;4;5;6;7;8;9;10;11;0;1;2;3;0;1;2;3;0;1;2;3;0;1;2;3;4;0;1;2;3;0;1;0","0;0;0;0;0;0;0;0;0;0;0;0;0;0;0;0;0;0;0;0;0;0;0;0;0;0;0;0;0;0;0;0;0;0;0;0;0;0;0;0;0;0;0;0;0;0;0;0;0;0;0;0;0;0;0;0;0;0;0;0;0;0;0;0;0;0","Imported from Hevy"
1970-01-01,imported_hevy,1_feb_2025,_01:52,"1 Feb 2025, 01:52",72,"0;1;2;3;4;0;1;2;3;4;5;0;1;2;3;0;1;2;3;4;5;6;7;8;9;10;11;0;1;2;3;0;1;2;3;0;1;2;3;4;5;6;7;8;9;10;11;0;1;2;3;0;1;2;3;0;1;2;3;0;1;2;3;4;0;1;2;3;0;1;2;3","0;0;0;0;0;0;0;0;0;0;0;0;0;0;0;0;0;0;0;0;0;0;0;0;0;0;0;0;0;0;0;0;0;0;0;0;0;0;0;0;0;0;0;0;0;0;0;0;0;0;0;0;0;0;0;0;0;0;0;0;0;0;0;0;0;0;0;0;0;0;0;0","Imported from Hevy"
1970-01-01,imported_hevy,25_jan_2025,_01:56,"25 Jan 2025, 01:56",65,"0;1;2;3;4;0;1;2;3;4;0;1;2;3;0;1;2;3;4;5;6;7;8;9;10;11;0;1;2;3;0;1;2;3;0;1;2;3;4;0;1;2;0;1;2;3;0;1;2;3;0;1;2;3;0;1;2;3;0;1;2;3;0;1;2","0;0;0;0;0;0;0;0;0;0;0;0;0;0;0;0;0;0;0;0;0;0;0;0;0;0;0;0;0;0;0;0;0;0;0;0;0;0;0;0;0;0;0;0;0;0;0;0;0;0;0;0;0;0;0;0;0;0;0;0;0;0;0;0;0","Imported from Hevy"
1970-01-01,imported_hevy,18_jan_2025,_02:09,"18 Jan 2025, 02:09",68,"0;1;2;3;4;0;1;2;3;4;0;1;2;3;0;1;2;3;4;5;6;7;8;9;10;11;0;1;2;3;4;0;1;2;3;4;5;6;7;8;9;10;11;0;1;2;3;0;1;2;0;1;0;1;2;3;0;1;2;3;0;1;2;3;0;1;2;3","0;0;0;0;0;0;0;0;0;0;0;0;0;0;0;0;0;0;0;0;0;0;0;0;0;0;0;0;0;0;0;0;0;0;0;0;0;0;0;0;0;0;0;0;0;0;0;0;0;0;0;0;0;0;0;0;0;0;0;0;0;0;0;0;0;0;0;0","Imported from Hevy"
1970-01-01,imported_hevy,11_jan_2025,_03:01,"11 Jan 2025, 03:01",55,"0;1;2;3;0;1;2;3;4;5;6;7;8;0;1;2;3;4;0;1;2;3;4;0;1;2;3;4;5;6;7;0;1;2;3;4;0;1;2;3;0;1;0;0;1;2;3;0;1;2;3;0;1;2;3","0;0;0;0;0;0;0;0;0;0;0;0;0;0;0;0;0;0;0;0;0;0;0;0;0;0;0;0;0;0;0;0;0;0;0;0;0;0;0;0;0;0;0;0;0;0;0;0;0;0;0;0;0;0;0","Imported from Hevy"
1970-01-01,imported_hevy,4_jan_2025,_05:28,"4 Jan 2025, 05:28",66,"0;1;2;3;4;0;1;2;3;4;0;1;2;3;0;1;2;3;4;5;6;7;8;9;10;11;0;1;2;3;0;1;2;3;0;0;1;2;3;4;5;0;1;2;3;0;1;2;3;4;5;6;7;0;1;2;3;0;1;2;3;0;1;2;3;0","0;0;0;0;0;0;0;0;0;0;0;0;0;0;0;0;0;0;0;0;0;0;0;0;0;0;0;0;0;0;0;0;0;0;0;0;0;0;0;0;0;0;0;0;0;0;0;0;0;0;0;0;0;0;0;0;0;0;0;0;0;0;0;0;0;0","Imported from Hevy"
1970-01-01,imported_hevy,28_dec_2024,_02:47,"28 Dec 2024, 02:47",67,"0;1;2;3;4;0;1;2;3;4;0;1;2;3;0;1;2;3;4;0;1;2;3;0;1;2;3;0;1;2;3;0;1;2;3;4;5;6;7;0;1;2;3;0;1;2;3;4;5;6;7;0;1;2;3;0;1;2;3;0;1;2;3;0;1;2;3","0;0;0;0;0;0;0;0;0;0;0;0;0;0;0;0;0;0;0;0;0;0;0;0;0;0;0;0;0;0;0;0;0;0;0;0;0;0;0;0;0;0;0;0;0;0;0;0;0;0;0;0;0;0;0;0;0;0;0;0;0;0;0;0;0;0;0","Imported from Hevy"
1970-01-01,imported_hevy,21_dec_2024,_04:53,"21 Dec 2024, 04:53",72,"0;1;2;3;4;0;1;2;3;4;0;1;2;3;4;5;6;7;8;9;10;11;12;13;0;1;2;3;0;1;2;3;0;1;2;3;0;1;2;3;4;5;6;7;0;1;2;3;0;1;2;3;4;5;6;7;8;9;10;0;1;2;3;0;1;2;3;0;1;2;3;4","0;0;0;0;0;0;0;0;0;0;0;0;0;0;0;0;0;0;0;0;0;0;0;0;0;0;0;0;0;0;0;0;0;0;0;0;0;0;0;0;0;0;0;0;0;0;0;0;0;0;0;0;0;0;0;0;0;0;0;0;0;0;0;0;0;0;0;0;0;0;0;0","Imported from Hevy"
1970-01-01,imported_hevy,14_dec_2024,_02:28,"14 Dec 2024, 02:28",63,"0;1;2;3;4;5;0;1;2;3;4;0;1;2;3;4;5;6;7;8;9;10;0;1;2;3;0;1;2;3;0;1;2;3;0;1;2;3;4;5;6;7;0;1;2;3;0;1;2;3;4;5;6;7;8;9;10;11;12;0;1;2;3","0;0;0;0;0;0;0;0;0;0;0;0;0;0;0;0;0;0;0;0;0;0;0;0;0;0;0;0;0;0;0;0;0;0;0;0;0;0;0;0;0;0;0;0;0;0;0;0;0;0;0;0;0;0;0;0;0;0;0;0;0;0;0","Imported from Hevy"
1970-01-01,imported_hevy,7_dec_2024,_01:59,"7 Dec 2024, 01:59",64,"0;1;2;3;4;5;0;1;2;3;4;0;1;2;3;4;5;6;7;8;9;10;0;1;2;3;0;1;2;3;0;1;2;3;0;1;2;3;4;5;6;7;0;1;2;3;0;1;2;3;4;5;6;7;8;9;10;11;12;13;0;1;2;3","0;0;0;0;0;0;0;0;0;0;0;0;0;0;0;0;0;0;0;0;0;0;0;0;0;0;0;0;0;0;0;0;0;0;0;0;0;0;0;0;0;0;0;0;0;0;0;0;0;0;0;0;0;0;0;0;0;0;0;0;0;0;0;0","Imported from Hevy"
1970-01-01,imported_hevy,30_nov_2024,_02:21,"30 Nov 2024, 02:21",81,"0;1;2;3;4;0;1;2;3;4;0;1;2;3;4;5;6;7;8;9;10;11;12;13;0;1;2;3;0;1;2;3;0;1;2;3;0;1;2;3;4;5;6;7;8;9;0;1;2;3;4;5;0;1;2;3;4;0;1;2;3;0;1;2;3;4;5;6;7;0;1;2;3;0;1;2;3;0;1;2;3","0;0;0;0;0;0;0;0;0;0;0;0;0;0;0;0;0;0;0;0;0;0;0;0;0;0;0;0;0;0;0;0;0;0;0;0;0;0;0;0;0;0;0;0;0;0;0;0;0;0;0;0;0;0;0;0;0;0;0;0;0;0;0;0;0;0;0;0;0;0;0;0;0;0;0;0;0;0;0;0;0","Imported from Hevy"
1970-01-01,imported_hevy,23_nov_2024,_02:16,"23 Nov 2024, 02:16",57,"0;1;2;3;4;0;1;2;3;4;0;1;2;3;0;1;2;3;0;1;2;3;0;1;2;3;4;5;6;7;8;9;0;1;2;3;0;1;2;3;0;1;2;3;0;1;2;3;0;1;2;3;0;1;2;3;4","0;0;0;0;0;0;0;0;0;0;0;0;0;0;0;0;0;0;0;0;0;0;0;0;0;0;0;0;0;0;0;0;0;0;0;0;0;0;0;0;0;0;0;0;0;0;0;0;0;0;0;0;0;0;0;0;0","Imported from Hevy"
1970-01-01,imported_hevy,16_nov_2024,_05:00,"16 Nov 2024, 05:00",73,"0;1;2;3;4;0;1;2;3;4;0;1;2;3;4;5;6;7;8;9;0;1;2;3;4;0;1;2;3;0;1;2;0;1;2;3;4;5;0;1;2;3;0;1;2;3;4;0;1;2;3;0;1;2;3;4;0;1;2;3;0;1;2;3;4;5;0;1;2;3;4;5;6","0;0;0;0;0;0;0;0;0;0;0;0;0;0;0;0;0;0;0;0;0;0;0;0;0;0;0;0;0;0;0;0;0;0;0;0;0;0;0;0;0;0;0;0;0;0;0;0;0;0;0;0;0;0;0;0;0;0;0;0;0;0;0;0;0;0;0;0;0;0;0;0;0","Imported from Hevy"
1970-01-01,imported_hevy,9_nov_2024,_02:46,"9 Nov 2024, 02:46",58,"0;1;2;3;4;0;1;2;3;4;0;1;2;3;4;5;6;7;8;9;10;0;1;2;3;0;1;2;3;0;1;2;3;0;1;2;3;4;5;6;7;8;9;0;1;2;3;0;1;2;3;0;1;2;3;0;1;2","0;0;0;0;0;0;0;0;0;0;0;0;0;0;0;0;0;0;0;0;0;0;0;0;0;0;0;0;0;0;0;0;0;0;0;0;0;0;0;0;0;0;0;0;0;0;0;0;0;0;0;0;0;0;0;0;0;0","Imported from Hevy"
1970-01-01,imported_hevy,19_oct_2024,_02:34,"19 Oct 2024, 02:34",52,"0;1;2;3;4;0;1;2;3;4;0;1;2;3;4;5;6;0;1;2;3;0;1;2;3;0;1;2;3;0;1;2;3;4;5;6;7;8;9;10;0;1;2;3;0;0;1;2;3;0;1;2","0;0;0;0;0;0;0;0;0;0;0;0;0;0;0;0;0;0;0;0;0;0;0;0;0;0;0;0;0;0;0;0;0;0;0;0;0;0;0;0;0;0;0;0;0;0;0;0;0;0;0;0","Imported from Hevy"
1970-01-01,imported_hevy,5_oct_2024,_03:01,"5 Oct 2024, 03:01",45,"0;1;2;3;4;0;1;2;3;4;0;1;2;3;4;5;6;0;1;2;3;0;1;2;3;0;1;2;3;0;1;2;3;4;5;6;7;8;9;10;11;0;1;2;3","0;0;0;0;0;0;0;0;0;0;0;0;0;0;0;0;0;0;0;0;0;0;0;0;0;0;0;0;0;0;0;0;0;0;0;0;0;0;0;0;0;0;0;0;0","Imported from Hevy"
1970-01-01,imported_hevy,28_sep_2024,_03:25,"28 Sep 2024, 03:25",53,"0;1;2;3;0;1;2;3;4;0;1;2;3;4;5;6;0;1;2;3;0;1;2;3;4;5;6;7;8;9;10;0;1;2;3;0;1;2;3;0;1;2;3;0;1;2;3;4;0;1;2;3;0","0;0;0;0;0;0;0;0;0;0;0;0;0;0;0;0;0;0;0;0;0;0;0;0;0;0;0;0;0;0;0;0;0;0;0;0;0;0;0;0;0;0;0;0;0;0;0;0;0;0;0;0;0","Imported from Hevy"
1970-01-01,imported_hevy,21_sep_2024,_09:10,"21 Sep 2024, 09:10",25,"0;1;2;0;1;2;3;0;1;0;1;2;0;1;2;3;4;5;0;1;2;0;1;2;0","0;0;0;0;0;0;0;0;0;0;0;0;0;0;0;0;0;0;0;0;0;0;0;0;0","Imported from Hevy"
1970-01-01,imported_hevy,14_sep_2024,_05:08,"14 Sep 2024, 05:08",59,"0;1;2;3;4;0;1;2;3;4;0;1;2;3;4;5;6;7;8;0;1;2;3;4;0;1;2;3;4;5;6;7;8;9;10;11;0;1;2;3;4;0;1;2;3;4;0;1;2;3;0;1;2;3;4;0;1;2;3","0;0;0;0;0;0;0;0;0;0;0;0;0;0;0;0;0;0;0;0;0;0;0;0;0;0;0;0;0;0;0;0;0;0;0;0;0;0;0;0;0;0;0;0;0;0;0;0;0;0;0;0;0;0;0;0;0;0;0","Imported from Hevy"
1970-01-01,imported_hevy,31_aug_2024,_02:57,"31 Aug 2024, 02:57",66,"0;1;2;3;4;0;1;2;3;4;5;6;7;8;0;1;2;3;4;0;1;2;3;4;0;1;2;3;4;0;1;2;3;4;5;6;7;8;9;10;11;12;0;1;2;3;4;0;1;2;3;4;0;1;2;3;4;0;1;2;3;4;0;1;2;3","0;0;0;0;0;0;0;0;0;0;0;0;0;0;0;0;0;0;0;0;0;0;0;0;0;0;0;0;0;0;0;0;0;0;0;0;0;0;0;0;0;0;0;0;0;0;0;0;0;0;0;0;0;0;0;0;0;0;0;0;0;0;0;0;0;0","Imported from Hevy"
1970-01-01,imported_hevy,24_aug_2024,_02:31,"24 Aug 2024, 02:31",76,"0;1;2;3;4;0;1;2;3;4;0;1;2;3;4;5;6;7;8;9;10;11;12;13;14;15;16;0;1;2;3;4;0;1;2;3;4;0;1;2;3;4;0;1;2;3;4;0;1;2;3;4;0;1;2;3;4;0;1;2;3;4;0;1;2;3;4;5;6;7;8;0;1;2;3;4","0;0;0;0;0;0;0;0;0;0;0;0;0;0;0;0;0;0;0;0;0;0;0;0;0;0;0;0;0;0;0;0;0;0;0;0;0;0;0;0;0;0;0;0;0;0;0;0;0;0;0;0;0;0;0;0;0;0;0;0;0;0;0;0;0;0;0;0;0;0;0;0;0;0;0;0","Imported from Hevy"
1970-01-01,imported_hevy,10_aug_2024,_02:19,"10 Aug 2024, 02:19",49,"0;1;2;3;0;1;2;3;4;0;1;2;3;4;5;6;7;0;1;2;3;0;1;2;3;0;1;2;3;0;1;2;3;4;0;1;2;3;4;5;0;1;2;3;0;1;2;3;4","0;0;0;0;0;0;0;0;0;0;0;0;0;0;0;0;0;0;0;0;0;0;0;0;0;0;0;0;0;0;0;0;0;0;0;0;0;0;0;0;0;0;0;0;0;0;0;0;0","Imported from Hevy"
1970-01-01,imported_hevy,3_aug_2024,_03:52,"3 Aug 2024, 03:52",46,"0;1;2;3;0;1;2;3;4;0;1;2;3;4;5;6;0;1;2;3;4;5;0;1;2;3;0;1;2;3;0;1;2;3;4;0;1;2;3;4;5;6;0;1;2;3","0;0;0;0;0;0;0;0;0;0;0;0;0;0;0;0;0;0;0;0;0;0;0;0;0;0;0;0;0;0;0;0;0;0;0;0;0;0;0;0;0;0;0;0;0;0","Imported from Hevy"
1970-01-01,imported_hevy,17_sep_2024,_02:44,"17 Sep 2024, 02:44",76,"0;1;2;3;4;5;6;7;8;9;0;1;2;3;4;0;1;2;3;0;1;2;3;4;5;0;1;2;3;0;1;2;3;0;1;2;3;4;0;1;2;3;0;1;2;3;4;0;1;2;3;4;5;6;7;8;9;0;1;2;3;0;1;2;3;0;1;0;1;2;3;4;0;1;2;3","0;0;0;0;0;0;0;0;0;0;0;0;0;0;0;0;0;0;0;0;0;0;0;0;0;0;0;0;0;0;0;0;0;0;0;0;0;0;0;0;0;0;0;0;0;0;0;0;0;0;0;0;0;0;0;0;0;0;0;0;0;0;0;0;0;0;0;0;0;0;0;0;0;0;0;0","Imported from Hevy"
1970-01-01,imported_hevy,12_sep_2024,_05:09,"12 Sep 2024, 05:09",91,"0;1;2;3;4;0;1;2;3;4;0;1;2;3;0;1;2;3;0;1;2;3;0;1;2;3;0;1;2;3;0;1;2;3;4;5;6;7;0;1;2;3;0;1;2;3;0;1;2;3;0;1;2;3;0;1;2;3;0;1;2;3;0;1;2;3;4;0;1;2;3;4;5;6;0;0;1;2;3;0;1;2;3;4;5;6;7;8;9;10;11","0;0;0;0;0;0;0;0;0;0;0;0;0;0;0;0;0;0;0;0;0;0;0;0;0;0;0;0;0;0;0;0;0;0;0;0;0;0;0;0;0;0;0;0;0;0;0;0;0;0;0;0;0;0;0;0;0;0;0;0;0;0;0;0;0;0;0;0;0;0;0;0;0;0;0;0;0;0;0;0;0;0;0;0;0;0;0;0;0;0;0","Imported from Hevy"
1970-01-01,imported_hevy,9_sep_2024,_06:58,"9 Sep 2024, 06:58",65,"0;1;2;3;4;0;1;2;3;4;0;1;2;3;0;1;2;3;0;1;2;3;0;1;2;3;0;1;2;3;0;1;2;3;4;5;6;7;0;1;2;3;0;1;2;3;0;1;2;3;0;1;2;3;4;5;0;0;1;2;3;0;1;2;3","0;0;0;0;0;0;0;0;0;0;0;0;0;0;0;0;0;0;0;0;0;0;0;0;0;0;0;0;0;0;0;0;0;0;0;0;0;0;0;0;0;0;0;0;0;0;0;0;0;0;0;0;0;0;0;0;0;0;0;0;0;0;0;0;0","Imported from Hevy"
1970-01-01,imported_hevy,5_sep_2024,_04:36,"5 Sep 2024, 04:36",94,"0;1;2;3;4;5;6;7;0;1;2;3;0;1;2;3;0;1;2;3;0;1;2;3;0;1;2;3;4;5;6;7;0;1;2;3;4;0;1;2;3;4;5;6;0;1;2;3;4;5;6;7;0;1;2;3;4;5;6;7;0;1;2;3;4;5;6;7;8;9;0;1;2;3;4;0;1;2;3;4;0;1;2;3;0;1;2;3;4;0;0;1;2;3","0;0;0;0;0;0;0;0;0;0;0;0;0;0;0;0;0;0;0;0;0;0;0;0;0;0;0;0;0;0;0;0;0;0;0;0;0;0;0;0;0;0;0;0;0;0;0;0;0;0;0;0;0;0;0;0;0;0;0;0;0;0;0;0;0;0;0;0;0;0;0;0;0;0;0;0;0;0;0;0;0;0;0;0;0;0;0;0;0;0;0;0;0;0","Imported from Hevy"
1970-01-01,imported_hevy,2_sep_2024,_06:54,"2 Sep 2024, 06:54",66,"0;1;2;3;4;0;1;2;3;0;1;2;3;0;1;2;3;0;1;2;3;4;5;6;7;8;0;1;2;3;1;2;3;4;0;1;2;3;0;1;2;3;4;5;6;7;9;0;1;2;3;4;0;1;2;0;1;2;0;1;2;3;0;1;2;3","0;0;0;0;0;0;0;0;0;0;0;0;0;0;0;0;0;0;0;0;0;0;0;0;0;0;0;0;0;0;0;0;0;0;0;0;0;0;0;0;0;0;0;0;0;0;0;0;0;0;0;0;0;0;0;0;0;0;0;0;0;0;0;0;0;0","Imported from Hevy"
1970-01-01,imported_hevy,29_aug_2024,_02:55,"29 Aug 2024, 02:55",117,"0;1;2;3;4;0;1;2;3;4;5;6;7;0;1;2;3;4;5;6;0;1;2;3;4;0;1;2;3;4;5;0;1;2;3;4;5;6;0;1;2;3;4;5;6;7;8;9;10;11;12;13;0;1;2;3;4;5;6;7;1;2;3;4;5;6;0;1;2;3;4;5;6;7;8;9;10;11;0;1;2;3;4;5;6;0;1;2;3;4;0;1;2;3;4;0;1;2;3;4;0;1;2;3;4;0;1;2;3;4;0;1;2;3;4;0;1","0;0;0;0;0;0;0;0;0;0;0;0;0;0;0;0;0;0;0;0;0;0;0;0;0;0;0;0;0;0;0;0;0;0;0;0;0;0;0;0;0;0;0;0;0;0;0;0;0;0;0;0;0;0;0;0;0;0;0;0;0;0;0;0;0;0;0;0;0;0;0;0;0;0;0;0;0;0;0;0;0;0;0;0;0;0;0;0;0;0;0;0;0;0;0;0;0;0;0;0;0;0;0;0;0;0;0;0;0;0;0;0;0;0;0;0;0","Imported from Hevy"
1970-01-01,imported_hevy,26_aug_2024,_06:54,"26 Aug 2024, 06:54",78,"0;1;2;3;4;0;1;2;3;4;5;6;7;8;9;10;11;0;1;2;3;4;5;6;7;8;9;10;11;0;1;2;3;4;5;6;0;1;2;3;4;5;6;0;1;2;3;4;0;1;2;3;4;0;1;2;3;4;5;6;0;1;2;3;4;5;6;0;1;2;3;4;5;0;1;2;3;4","0;0;0;0;0;0;0;0;0;0;0;0;0;0;0;0;0;0;0;0;0;0;0;0;0;0;0;0;0;0;0;0;0;0;0;0;0;0;0;0;0;0;0;0;0;0;0;0;0;0;0;0;0;0;0;0;0;0;0;0;0;0;0;0;0;0;0;0;0;0;0;0;0;0;0;0;0;0","Imported from Hevy"
1970-01-01,imported_hevy,22_aug_2024,_03:38,"22 Aug 2024, 03:38",93,"0;1;2;3;4;0;1;2;3;4;5;6;7;8;9;0;1;2;3;4;5;6;7;8;9;10;11;0;1;2;3;4;0;1;2;3;4;5;0;1;2;3;4;0;1;2;3;4;0;1;2;3;0;1;2;3;4;0;1;2;3;4;0;1;2;3;4;5;0;1;2;3;4;5;0;1;2;3;4;5;6;0;1;2;3;4;5;6;0;1;2;3;4","0;0;0;0;0;0;0;0;0;0;0;0;0;0;0;0;0;0;0;0;0;0;0;0;0;0;0;0;0;0;0;0;0;0;0;0;0;0;0;0;0;0;0;0;0;0;0;0;0;0;0;0;0;0;0;0;0;0;0;0;0;0;0;0;0;0;0;0;0;0;0;0;0;0;0;0;0;0;0;0;0;0;0;0;0;0;0;0;0;0;0;0;0","Imported from Hevy"
1970-01-01,imported_hevy,19_aug_2024,_06:55,"19 Aug 2024, 06:55",71,"0;1;2;3;4;0;1;2;3;4;5;6;7;8;9;0;1;2;3;4;5;6;7;0;1;2;3;4;0;1;2;3;4;0;1;2;3;4;0;1;2;3;4;0;1;2;3;4;0;1;2;3;4;5;0;1;2;3;4;5;0;1;2;3;4;0;1;2;3;4;5","0;0;0;0;0;0;0;0;0;0;0;0;0;0;0;0;0;0;0;0;0;0;0;0;0;0;0;0;0;0;0;0;0;0;0;0;0;0;0;0;0;0;0;0;0;0;0;0;0;0;0;0;0;0;0;0;0;0;0;0;0;0;0;0;0;0;0;0;0;0;0","Imported from Hevy"
1970-01-01,imported_hevy,12_aug_2024,_06:55,"12 Aug 2024, 06:55",49,"0;1;2;3;0;1;2;3;0;1;2;3;4;0;1;2;3;4;5;6;7;0;1;2;3;0;1;2;3;0;1;2;0;1;2;3;0;1;2;3;0;1;2;3;4;0;1;2;3","0;0;0;0;0;0;0;0;0;0;0;0;0;0;0;0;0;0;0;0;0;0;0;0;0;0;0;0;0;0;0;0;0;0;0;0;0;0;0;0;0;0;0;0;0;0;0;0;0","Imported from Hevy"
1970-01-01,imported_hevy,8_aug_2024,_02:53,"8 Aug 2024, 02:53",80,"0;1;2;3;4;0;1;2;3;0;1;2;3;4;0;1;2;3;4;5;6;7;0;1;2;3;0;1;2;3;0;1;2;3;0;1;2;3;4;0;1;2;3;0;1;2;3;4;0;1;2;3;4;0;1;2;3;0;1;2;3;4;0;1;2;3;4;0;1;2;3;4;0;1;2;3;0;1;2;3","0;0;0;0;0;0;0;0;0;0;0;0;0;0;0;0;0;0;0;0;0;0;0;0;0;0;0;0;0;0;0;0;0;0;0;0;0;0;0;0;0;0;0;0;0;0;0;0;0;0;0;0;0;0;0;0;0;0;0;0;0;0;0;0;0;0;0;0;0;0;0;0;0;0;0;0;0;0;0;0","Imported from Hevy"
1970-01-01,imported_hevy,5_aug_2024,_06:58,"5 Aug 2024, 06:58",50,"0;1;2;3;0;1;2;3;0;1;2;3;0;1;2;3;4;5;6;7;0;1;2;3;0;0;1;2;0;1;2;3;4;5;0;1;2;3;0;1;2;3;0;1;2;3;0;1;2;3","0;0;0;0;0;0;0;0;0;0;0;0;0;0;0;0;0;0;0;0;0;0;0;0;0;0;0;0;0;0;0;0;0;0;0;0;0;0;0;0;0;0;0;0;0;0;0;0;0;0","Imported from Hevy"
1970-01-01,imported_hevy,1_aug_2024,_03:34,"1 Aug 2024, 03:34",65,"0;1;2;3;0;1;2;3;0;1;2;3;0;1;2;3;4;0;1;2;3;0;1;2;3;0;1;2;3;0;1;2;3;0;1;2;3;0;1;2;3;0;1;2;3;0;0;1;2;3;0;1;2;3;4;0;1;2;3;4;5;0;1;2;3","0;0;0;0;0;0;0;0;0;0;0;0;0;0;0;0;0;0;0;0;0;0;0;0;0;0;0;0;0;0;0;0;0;0;0;0;0;0;0;0;0;0;0;0;0;0;0;0;0;0;0;0;0;0;0;0;0;0;0;0;0;0;0;0;0","Imported from Hevy"
1970-01-01,imported_hevy,29_jul_2024,_07:02,"29 Jul 2024, 07:02",47,"0;1;2;3;0;1;2;3;0;1;2;3;0;1;2;3;4;0;1;2;3;0;1;2;3;0;1;2;3;0;1;2;3;0;1;2;3;0;1;2;3;0;1;2;3;0;1","0;0;0;0;0;0;0;0;0;0;0;0;0;0;0;0;0;0;0;0;0;0;0;0;0;0;0;0;0;0;0;0;0;0;0;0;0;0;0;0;0;0;0;0;0;0;0","Imported from Hevy"
1970-01-01,imported_hevy,25_jul_2024,_03:06,"25 Jul 2024, 03:06",69,"0;1;2;3;4;5;6;7;8;9;10;11;12;0;1;2;3;0;1;2;3;0;1;2;3;0;1;2;3;4;5;0;1;2;3;0;1;2;3;0;1;2;3;0;1;2;3;0;1;2;3;0;1;2;3;0;1;2;3;4;0;1;2;3;0;1;2;3;4","0;0;0;0;0;0;0;0;0;0;0;0;0;0;0;0;0;0;0;0;0;0;0;0;0;0;0;0;0;0;0;0;0;0;0;0;0;0;0;0;0;0;0;0;0;0;0;0;0;0;0;0;0;0;0;0;0;0;0;0;0;0;0;0;0;0;0;0;0","Imported from Hevy"
1970-01-01,imported_hevy,22_jul_2024,_06:58,"22 Jul 2024, 06:58",63,"0;1;2;3;0;1;2;3;0;1;2;3;4;0;1;2;3;0;1;2;3;0;1;2;3;0;1;2;3;4;0;1;2;0;1;2;3;4;5;0;1;2;3;0;1;2;3;0;1;2;3;0;1;2;3;0;1;2;3;0;1;2;3","0;0;0;0;0;0;0;0;0;0;0;0;0;0;0;0;0;0;0;0;0;0;0;0;0;0;0;0;0;0;0;0;0;0;0;0;0;0;0;0;0;0;0;0;0;0;0;0;0;0;0;0;0;0;0;0;0;0;0;0;0;0;0","Imported from Hevy"
1970-01-01,imported_hevy,18_jul_2024,_03:06,"18 Jul 2024, 03:06",56,"0;1;2;3;4;5;0;1;2;3;0;1;2;3;4;5;6;7;8;9;10;0;1;2;3;0;1;2;3;4;5;0;1;2;3;0;1;2;3;0;1;2;3;0;1;2;3;4;0;1;2;3;0;1;2;3","0;0;0;0;0;0;0;0;0;0;0;0;0;0;0;0;0;0;0;0;0;0;0;0;0;0;0;0;0;0;0;0;0;0;0;0;0;0;0;0;0;0;0;0;0;0;0;0;0;0;0;0;0;0;0;0","Imported from Hevy"
1970-01-01,imported_hevy,15_jul_2024,_07:17,"15 Jul 2024, 07:17",65,"0;1;2;3;0;1;2;3;0;1;2;3;0;1;2;3;0;1;2;3;0;1;2;3;0;1;2;3;0;1;2;3;0;1;2;3;4;0;1;2;3;0;1;2;3;0;1;2;3;0;1;2;3;0;1;2;3;0;1;2;3;0;1;2;3","0;0;0;0;0;0;0;0;0;0;0;0;0;0;0;0;0;0;0;0;0;0;0;0;0;0;0;0;0;0;0;0;0;0;0;0;0;0;0;0;0;0;0;0;0;0;0;0;0;0;0;0;0;0;0;0;0;0;0;0;0;0;0;0;0","Imported from Hevy"
1970-01-01,imported_hevy,11_jul_2024,_03:33,"11 Jul 2024, 03:33",54,"0;1;2;3;4;0;1;2;3;0;1;2;3;4;5;6;7;8;0;1;2;0;1;2;3;0;1;2;3;0;1;2;0;1;2;3;0;1;2;3;0;1;2;3;0;1;2;0;0;1;2;0;1;2","0;0;0;0;0;0;0;0;0;0;0;0;0;0;0;0;0;0;0;0;0;0;0;0;0;0;0;0;0;0;0;0;0;0;0;0;0;0;0;0;0;0;0;0;0;0;0;0;0;0;0;0;0;0","Imported from Hevy"
1970-01-01,imported_hevy,8_jul_2024,_06:59,"8 Jul 2024, 06:59",65,"0;1;2;3;4;0;1;2;3;0;1;2;3;0;1;2;3;0;1;2;3;4;0;1;2;0;1;2;3;0;1;2;3;0;1;2;3;0;1;2;3;0;1;2;3;0;1;2;3;0;1;2;3;0;1;2;3;0;1;2;3;0;1;2;3","0;0;0;0;0;0;0;0;0;0;0;0;0;0;0;0;0;0;0;0;0;0;0;0;0;0;0;0;0;0;0;0;0;0;0;0;0;0;0;0;0;0;0;0;0;0;0;0;0;0;0;0;0;0;0;0;0;0;0;0;0;0;0;0;0","Imported from Hevy"
1970-01-01,imported_hevy,3_jul_2024,_03:01,"3 Jul 2024, 03:01",46,"0;1;2;3;0;1;2;3;4;5;0;1;2;0;1;2;3;4;0;1;2;3;0;1;2;3;4;5;0;1;2;3;4;5;0;1;2;3;0;1;2;3;0;1;2;3","0;0;0;0;0;0;0;0;0;0;0;0;0;0;0;0;0;0;0;0;0;0;0;0;0;0;0;0;0;0;0;0;0;0;0;0;0;0;0;0;0;0;0;0;0;0","Imported from Hevy"
1970-01-01,imported_hevy,1_jul_2024,_07:02,"1 Jul 2024, 07:02",37,"0;1;2;3;4;0;1;2;3;0;1;2;3;0;1;2;3;0;1;2;3;0;1;2;3;0;1;2;3;0;1;2;3;0;1;2;3","0;0;0;0;0;0;0;0;0;0;0;0;0;0;0;0;0;0;0;0;0;0;0;0;0;0;0;0;0;0;0;0;0;0;0;0;0","Imported from Hevy"
1970-01-01,imported_hevy,25_may_2024,_09:04,"25 May 2024, 09:04",44,"0;1;2;3;4;5;0;1;2;3;4;5;0;1;2;3;4;0;1;2;3;0;1;2;3;4;5;0;1;2;3;0;1;2;0;1;2;0;1;2;3;0;1;2","0;0;0;0;0;0;0;0;0;0;0;0;0;0;0;0;0;0;0;0;0;0;0;0;0;0;0;0;0;0;0;0;0;0;0;0;0;0;0;0;0;0;0;0","Imported from Hevy"
1970-01-01,imported_hevy,28_may_2024,_11:48,"28 May 2024, 11:48",37,"0;1;2;0;1;2;3;0;1;2;0;1;2;0;1;2;3;0;1;2;3;0;1;2;0;1;2;3;0;1;2;3;0;1;2;3;0","0;0;0;0;0;0;0;0;0;0;0;0;0;0;0;0;0;0;0;0;0;0;0;0;0;0;0;0;0;0;0;0;0;0;0;0;0","Imported from Hevy"
1970-01-01,imported_hevy,28_nov_2025,_06:05,"28 Nov 2025, 06:05",50,"0;1;2;3;0;1;2;3;4;0;1;2;3;0;1;2;0;1;2;0;1;2;3;0;1;2;0;1;2;3;4;5;0;1;2;3;4;5;6;7;0;1;2;0;1;2;3;0;1;2","0;0;0;0;0;0;0;0;0;0;0;0;0;0;0;0;0;0;0;0;0;0;0;0;0;0;0;0;0;0;0;0;0;0;0;0;0;0;0;0;0;0;0;0;0;0;0;0;0;0","Imported from Hevy"
1970-01-01,imported_hevy,25_nov_2025,_06:05,"25 Nov 2025, 06:05",47,"0;1;2;3;4;0;1;2;3;4;5;0;1;2;3;4;0;1;2;0;1;2;0;1;2;0;1;2;0;1;2;3;4;5;6;7;0;1;2;0;1;2;0;1;0;1;2","0;0;0;0;0;0;0;0;0;0;0;0;0;0;0;0;0;0;0;0;0;0;0;0;0;0;0;0;0;0;0;0;0;0;0;0;0;0;0;0;0;0;0;0;0;0;0","Imported from Hevy"
1970-01-01,imported_hevy,21_nov_2025,_06:04,"21 Nov 2025, 06:04",52,"0;1;2;3;4;0;1;2;3;4;0;1;2;3;0;1;2;0;1;2;3;0;1;2;0;1;2;3;4;5;0;1;2;3;4;5;0;1;2;0;1;2;3;4;5;0;1;2;0;0;1;2","0;0;0;0;0;0;0;0;0;0;0;0;0;0;0;0;0;0;0;0;0;0;0;0;0;0;0;0;0;0;0;0;0;0;0;0;0;0;0;0;0;0;0;0;0;0;0;0;0;0;0;0","Imported from Hevy"
1970-01-01,imported_hevy,27_nov_2025,_06:05,"27 Nov 2025, 06:05",39,"0;1;2;3;0;1;2;3;4;0;1;2;0;1;2;0;1;2;3;0;1;2;3;0;1;2;0;1;2;3;0;1;2;3;4;5;0;1;2","0;0;0;0;0;0;0;0;0;0;0;0;0;0;0;0;0;0;0;0;0;0;0;0;0;0;0;0;0;0;0;0;0;0;0;0;0;0;0","Imported from Hevy"
1970-01-01,imported_hevy,24_nov_2025,_06:08,"24 Nov 2025, 06:08",40,"0;1;2;3;4;0;1;2;3;0;1;2;3;0;1;2;3;0;1;2;0;1;2;3;4;5;6;0;1;2;0;1;2;3;4;5;6;7;8;9","0;0;0;0;0;0;0;0;0;0;0;0;0;0;0;0;0;0;0;0;0;0;0;0;0;0;0;0;0;0;0;0;0;0;0;0;0;0;0;0","Imported from Hevy"
1970-01-01,imported_hevy,26_nov_2025,_06:10,"26 Nov 2025, 06:10",27,"0;1;2;3;4;0;1;2;3;0;1;2;0;1;2;0;1;2;3;0;1;2;3;0;1;2;3","0;0;0;0;0;0;0;0;0;0;0;0;0;0;0;0;0;0;0;0;0;0;0;0;0;0;0","Imported from Hevy"
1970-01-01,imported_hevy,19_nov_2025,_06:05,"19 Nov 2025, 06:05",33,"0;1;2;3;4;5;0;1;2;0;1;2;0;1;2;3;0;1;2;3;0;1;2;0;1;2;0;1;2;0;1;2;3","0;0;0;0;0;0;0;0;0;0;0;0;0;0;0;0;0;0;0;0;0;0;0;0;0;0;0;0;0;0;0;0;0","Imported from Hevy"
1970-01-01,imported_hevy,12_nov_2025,_06:07,"12 Nov 2025, 06:07",39,"0;1;2;3;4;5;6;7;8;0;1;2;3;0;1;2;0;1;2;3;0;1;2;3;0;1;2;3;0;1;2;3;0;1;2;0;1;2;3","0;0;0;0;0;0;0;0;0;0;0;0;0;0;0;0;0;0;0;0;0;0;0;0;0;0;0;0;0;0;0;0;0;0;0;0;0;0;0","Imported from Hevy"
1970-01-01,imported_hevy,5_nov_2025,_06:10,"5 Nov 2025, 06:10",39,"0;1;2;3;4;5;6;7;0;1;2;3;4;0;1;2;0;1;2;3;4;0;1;2;3;0;1;2;3;0;1;2;3;4;5;0;1;2;3","0;0;0;0;0;0;0;0;0;0;0;0;0;0;0;0;0;0;0;0;0;0;0;0;0;0;0;0;0;0;0;0;0;0;0;0;0;0;0","Imported from Hevy"
1970-01-01,imported_hevy,29_oct_2025,_06:07,"29 Oct 2025, 06:07",44,"0;1;2;3;4;5;0;1;2;3;0;1;2;0;1;2;3;0;1;2;3;4;5;0;1;2;3;0;1;2;3;4;5;0;1;2;3;4;0;1;2;3;4;0","0;0;0;0;0;0;0;0;0;0;0;0;0;0;0;0;0;0;0;0;0;0;0;0;0;0;0;0;0;0;0;0;0;0;0;0;0;0;0;0;0;0;0;0","Imported from Hevy"
1970-01-01,imported_hevy,22_oct_2025,_06:11,"22 Oct 2025, 06:11",26,"0;1;0;1;2;3;4;5;6;0;1;2;0;1;2;3;0;1;2;3;0;1;2;0;1;2","0;0;0;0;0;0;0;0;0;0;0;0;0;0;0;0;0;0;0;0;0;0;0;0;0;0","Imported from Hevy"
1970-01-01,imported_hevy,15_oct_2025,_05:58,"15 Oct 2025, 05:58",32,"0;0;1;2;3;4;5;6;0;1;2;0;1;2;0;1;2;3;0;1;2;3;0;1;2;0;1;0;1;2;3;4","0;0;0;0;0;0;0;0;0;0;0;0;0;0;0;0;0;0;0;0;0;0;0;0;0;0;0;0;0;0;0;0","Imported from Hevy"
1970-01-01,imported_hevy,8_oct_2025,_05:59,"8 Oct 2025, 05:59",36,"0;1;2;3;0;1;2;3;4;5;0;1;2;0;1;2;3;0;1;2;0;1;2;3;0;1;2;0;1;2;0;1;2;0;1;2","0;0;0;0;0;0;0;0;0;0;0;0;0;0;0;0;0;0;0;0;0;0;0;0;0;0;0;0;0;0;0;0;0;0;0;0","Imported from Hevy"
1970-01-01,imported_hevy,1_oct_2025,_06:05,"1 Oct 2025, 06:05",24,"0;1;2;3;0;1;2;3;0;1;2;0;1;2;3;4;5;6;0;1;0;1;2;3","0;0;0;0;0;0;0;0;0;0;0;0;0;0;0;0;0;0;0;0;0;0;0;0","Imported from Hevy"
1970-01-01,imported_hevy,24_sep_2025,_06:06,"24 Sep 2025, 06:06",30,"0;1;2;0;1;2;3;0;1;0;1;2;3;0;1;2;3;4;0;1;2;0;1;2;0;1;0;1;2;3","0;0;0;0;0;0;0;0;0;0;0;0;0;0;0;0;0;0;0;0;0;0;0;0;0;0;0;0;0;0","Imported from Hevy"
1970-01-01,imported_hevy,17_sep_2025,_06:07,"17 Sep 2025, 06:07",34,"0;1;2;3;0;1;2;3;0;1;2;0;1;0;1;2;3;4;5;6;0;1;2;3;0;1;2;0;1;2;0;1;2;3","0;0;0;0;0;0;0;0;0;0;0;0;0;0;0;0;0;0;0;0;0;0;0;0;0;0;0;0;0;0;0;0;0;0","Imported from Hevy"
1970-01-01,imported_hevy,10_sep_2025,_06:08,"10 Sep 2025, 06:08",33,"0;1;2;3;0;1;2;0;1;2;0;1;2;0;1;2;3;4;5;0;1;2;3;0;1;2;0;1;2;0;1;2;3","0;0;0;0;0;0;0;0;0;0;0;0;0;0;0;0;0;0;0;0;0;0;0;0;0;0;0;0;0;0;0;0;0","Imported from Hevy"
1970-01-01,imported_hevy,3_sep_2025,_05:58,"3 Sep 2025, 05:58",37,"0;1;2;3;0;1;2;0;1;2;0;1;2;0;1;2;3;4;5;0;1;2;3;0;1;2;3;0;1;2;0;1;2;0;1;2;3","0;0;0;0;0;0;0;0;0;0;0;0;0;0;0;0;0;0;0;0;0;0;0;0;0;0;0;0;0;0;0;0;0;0;0;0;0","Imported from Hevy"
1970-01-01,imported_hevy,27_aug_2025,_06:03,"27 Aug 2025, 06:03",35,"0;1;2;3;0;1;2;0;1;2;0;1;2;0;1;2;3;0;1;2;3;0;1;2;3;0;1;2;3;0;1;2;0;1;2","0;0;0;0;0;0;0;0;0;0;0;0;0;0;0;0;0;0;0;0;0;0;0;0;0;0;0;0;0;0;0;0;0;0;0","Imported from Hevy"
1970-01-01,imported_hevy,20_aug_2025,_06:06,"20 Aug 2025, 06:06",42,"0;1;2;3;0;1;2;0;1;2;0;1;2;0;1;2;3;4;0;1;2;3;4;0;1;2;3;0;1;2;0;1;2;3;4;5;0;1;2;0;1;2","0;0;0;0;0;0;0;0;0;0;0;0;0;0;0;0;0;0;0;0;0;0;0;0;0;0;0;0;0;0;0;0;0;0;0;0;0;0;0;0;0;0","Imported from Hevy"
1970-01-01,imported_hevy,13_aug_2025,_06:07,"13 Aug 2025, 06:07",41,"0;1;2;3;0;1;2;0;1;2;0;1;2;3;0;1;2;0;1;2;3;4;0;1;2;3;0;1;2;3;0;1;2;3;0;1;2;3;0;1;2","0;0;0;0;0;0;0;0;0;0;0;0;0;0;0;0;0;0;0;0;0;0;0;0;0;0;0;0;0;0;0;0;0;0;0;0;0;0;0;0;0","Imported from Hevy"
1970-01-01,imported_hevy,6_aug_2025,_06:07,"6 Aug 2025, 06:07",55,"0;1;2;3;0;1;2;3;4;0;1;2;0;1;2;0;1;2;3;4;5;0;1;2;3;4;0;1;2;3;4;5;6;7;8;9;10;11;0;1;2;3;4;5;0;1;2;3;0;1;2;3;0;1;2","0;0;0;0;0;0;0;0;0;0;0;0;0;0;0;0;0;0;0;0;0;0;0;0;0;0;0;0;0;0;0;0;0;0;0;0;0;0;0;0;0;0;0;0;0;0;0;0;0;0;0;0;0;0;0","Imported from Hevy"
1970-01-01,imported_hevy,30_jul_2025,_06:04,"30 Jul 2025, 06:04",40,"0;1;2;3;0;1;2;0;1;2;3;0;1;2;0;1;2;3;0;1;2;3;4;5;6;7;8;9;0;1;2;0;1;2;0;1;2;3;4;0","0;0;0;0;0;0;0;0;0;0;0;0;0;0;0;0;0;0;0;0;0;0;0;0;0;0;0;0;0;0;0;0;0;0;0;0;0;0;0;0","Imported from Hevy"
1970-01-01,imported_hevy,23_jul_2025,_08:27,"23 Jul 2025, 08:27",44,"0;1;2;3;0;1;2;0;1;2;3;4;5;0;1;2;3;0;1;2;3;4;5;0;1;2;3;4;5;6;7;0;1;2;3;0;1;2;3;0;1;2;3;0","0;0;0;0;0;0;0;0;0;0;0;0;0;0;0;0;0;0;0;0;0;0;0;0;0;0;0;0;0;0;0;0;0;0;0;0;0;0;0;0;0;0;0;0","Imported from Hevy"
1970-01-01,imported_hevy,19_jul_2025,_08:14,"19 Jul 2025, 08:14",42,"0;1;2;3;0;1;2;3;0;1;2;0;1;2;3;0;1;2;3;4;5;0;1;2;0;1;2;3;0;1;2;0;1;2;3;4;0;1;2;0;1;2","0;0;0;0;0;0;0;0;0;0;0;0;0;0;0;0;0;0;0;0;0;0;0;0;0;0;0;0;0;0;0;0;0;0;0;0;0;0;0;0;0;0","Imported from Hevy"
1970-01-01,imported_hevy,9_jul_2025,_04:37,"9 Jul 2025, 04:37",57,"0;1;2;3;0;1;2;3;0;1;2;3;4;0;1;2;3;4;5;6;7;8;0;1;2;3;0;1;2;3;0;1;2;3;0;1;2;3;0;1;2;0;1;2;3;4;5;6;7;0;1;2;3;0;1;2;3","0;0;0;0;0;0;0;0;0;0;0;0;0;0;0;0;0;0;0;0;0;0;0;0;0;0;0;0;0;0;0;0;0;0;0;0;0;0;0;0;0;0;0;0;0;0;0;0;0;0;0;0;0;0;0;0;0","Imported from Hevy"
1970-01-01,imported_hevy,2_jul_2025,_02:36,"2 Jul 2025, 02:36",47,"0;1;2;3;0;1;2;3;0;1;2;3;0;1;2;3;4;5;6;7;0;1;2;3;4;5;0;1;2;3;0;1;2;3;0;1;2;3;0;1;2;3;4;0;1;2;3","0;0;0;0;0;0;0;0;0;0;0;0;0;0;0;0;0;0;0;0;0;0;0;0;0;0;0;0;0;0;0;0;0;0;0;0;0;0;0;0;0;0;0;0;0;0;0","Imported from Hevy"
1970-01-01,imported_hevy,25_jun_2025,_02:14,"25 Jun 2025, 02:14",58,"0;1;2;3;0;1;2;3;0;1;2;3;0;1;2;3;4;5;6;7;0;1;2;3;4;0;1;2;3;0;1;2;3;0;1;2;3;0;1;2;3;4;5;6;7;8;0;1;2;3;0;1;2;3;4;0;1;2","0;0;0;0;0;0;0;0;0;0;0;0;0;0;0;0;0;0;0;0;0;0;0;0;0;0;0;0;0;0;0;0;0;0;0;0;0;0;0;0;0;0;0;0;0;0;0;0;0;0;0;0;0;0;0;0;0;0","Imported from Hevy"
1970-01-01,imported_hevy,18_jun_2025,_02:55,"18 Jun 2025, 02:55",66,"0;1;2;3;0;1;2;3;0;1;2;3;0;1;2;3;4;5;6;7;8;9;10;11;0;1;2;3;0;1;2;3;0;1;2;3;0;1;2;3;0;1;2;3;4;5;6;7;0;1;2;0;1;2;3;4;0;1;2;3;4;5;0;1;2;3","0;0;0;0;0;0;0;0;0;0;0;0;0;0;0;0;0;0;0;0;0;0;0;0;0;0;0;0;0;0;0;0;0;0;0;0;0;0;0;0;0;0;0;0;0;0;0;0;0;0;0;0;0;0;0;0;0;0;0;0;0;0;0;0;0;0","Imported from Hevy"
1970-01-01,imported_hevy,11_jun_2025,_01:28,"11 Jun 2025, 01:28",55,"0;1;2;3;4;5;6;7;8;9;10;0;1;2;3;4;0;1;2;3;0;1;2;3;0;1;2;0;1;2;0;1;2;3;0;1;2;0;1;2;3;4;5;6;7;8;0;1;2;3;4;0;1;2;3","0;0;0;0;0;0;0;0;0;0;0;0;0;0;0;0;0;0;0;0;0;0;0;0;0;0;0;0;0;0;0;0;0;0;0;0;0;0;0;0;0;0;0;0;0;0;0;0;0;0;0;0;0;0;0","Imported from Hevy"
1970-01-01,imported_hevy,4_jun_2025,_06:00,"4 Jun 2025, 06:00",66,"0;1;2;3;4;5;6;7;8;0;1;2;3;4;0;1;2;0;1;2;3;0;1;2;0;1;2;0;1;2;3;4;5;0;1;2;3;4;5;6;7;0;1;2;3;4;5;6;0;1;2;3;0;1;2;3;4;5;0;1;2;3;4;5;6;7","0;0;0;0;0;0;0;0;0;0;0;0;0;0;0;0;0;0;0;0;0;0;0;0;0;0;0;0;0;0;0;0;0;0;0;0;0;0;0;0;0;0;0;0;0;0;0;0;0;0;0;0;0;0;0;0;0;0;0;0;0;0;0;0;0;0","Imported from Hevy"
1970-01-01,imported_hevy,24_may_2025,_08:57,"24 May 2025, 08:57",32,"0;1;2;3;4;5;6;0;1;2;3;0;1;2;0;1;2;3;0;1;2;0;1;2;0;1;2;0;1;2;3;4","0;0;0;0;0;0;0;0;0;0;0;0;0;0;0;0;0;0;0;0;0;0;0;0;0;0;0;0;0;0;0;0","Imported from Hevy"
1970-01-01,imported_hevy,14_may_2025,_01:54,"14 May 2025, 01:54",54,"0;1;2;3;4;5;6;7;0;1;2;3;0;1;2;0;1;2;3;0;1;2;0;1;2;0;1;2;0;1;2;0;1;2;3;4;5;6;7;0;1;2;0;1;2;3;4;5;6;7;8;9;10;11","0;0;0;0;0;0;0;0;0;0;0;0;0;0;0;0;0;0;0;0;0;0;0;0;0;0;0;0;0;0;0;0;0;0;0;0;0;0;0;0;0;0;0;0;0;0;0;0;0;0;0;0;0;0","Imported from Hevy"
1970-01-01,imported_hevy,7_may_2025,_02:24,"7 May 2025, 02:24",46,"0;1;2;3;4;5;6;7;8;0;1;2;3;0;1;2;0;1;2;0;1;2;3;4;5;6;7;8;0;1;2;0;1;2;0;1;0;1;0;1;2;3;0;1;2;3","0;0;0;0;0;0;0;0;0;0;0;0;0;0;0;0;0;0;0;0;0;0;0;0;0;0;0;0;0;0;0;0;0;0;0;0;0;0;0;0;0;0;0;0;0;0","Imported from Hevy"
1970-01-01,imported_hevy,30_apr_2025,_02:44,"30 Apr 2025, 02:44",50,"0;1;2;3;4;5;6;7;0;1;2;3;4;0;1;2;3;0;1;2;3;0;1;2;0;1;2;0;1;2;3;0;1;2;0;1;2;3;4;5;6;7;8;9;10;11;0;1;2;3","0;0;0;0;0;0;0;0;0;0;0;0;0;0;0;0;0;0;0;0;0;0;0;0;0;0;0;0;0;0;0;0;0;0;0;0;0;0;0;0;0;0;0;0;0;0;0;0;0;0","Imported from Hevy"
1970-01-01,imported_hevy,23_apr_2025,_01:58,"23 Apr 2025, 01:58",60,"0;1;2;3;4;5;6;7;8;0;1;2;3;4;0;1;2;3;0;1;2;0;1;2;3;0;1;2;3;0;1;2;0;1;2;0;1;2;3;4;5;0;1;2;3;0;1;2;3;4;0;1;2;3;4;5;0;1;2;3","0;0;0;0;0;0;0;0;0;0;0;0;0;0;0;0;0;0;0;0;0;0;0;0;0;0;0;0;0;0;0;0;0;0;0;0;0;0;0;0;0;0;0;0;0;0;0;0;0;0;0;0;0;0;0;0;0;0;0;0","Imported from Hevy"
1970-01-01,imported_hevy,16_apr_2025,_02:30,"16 Apr 2025, 02:30",68,"0;1;2;3;4;5;6;7;8;9;10;11;0;1;2;3;0;1;2;3;0;1;2;3;0;1;2;3;4;5;6;7;8;0;1;2;3;0;1;2;0;1;2;0;1;2;3;4;5;0;1;2;3;0;1;2;0;1;2;3;4;5;6;7;0;1;2;3","0;0;0;0;0;0;0;0;0;0;0;0;0;0;0;0;0;0;0;0;0;0;0;0;0;0;0;0;0;0;0;0;0;0;0;0;0;0;0;0;0;0;0;0;0;0;0;0;0;0;0;0;0;0;0;0;0;0;0;0;0;0;0;0;0;0;0;0","Imported from Hevy"
1970-01-01,imported_hevy,22_nov_2025,_08:08,"22 Nov 2025, 08:08",28,"0;1;2;3;4;5;6;7;0;1;2;0;1;2;3;0;1;2;3;0;1;2;0;1;2;0;1;2","0;0;0;0;0;0;0;0;0;0;0;0;0;0;0;0;0;0;0;0;0;0;0;0;0;0;0;0","Imported from Hevy"
1970-01-01,imported_hevy,15_nov_2025,_08:08,"15 Nov 2025, 08:08",11,"0;1;2;3;4;5;6;7;0;1;2","0;0;0;0;0;0;0;0;0;0;0","Imported from Hevy"
1970-01-01,imported_hevy,8_nov_2025,_08:03,"8 Nov 2025, 08:03",34,"0;1;2;3;4;5;6;7;8;0;1;2;0;1;2;3;0;1;2;3;0;1;2;3;0;1;2;3;0;1;2;0;1;2","0;0;0;0;0;0;0;0;0;0;0;0;0;0;0;0;0;0;0;0;0;0;0;0;0;0;0;0;0;0;0;0;0;0","Imported from Hevy"
1970-01-01,imported_hevy,2_nov_2025,_08:06,"2 Nov 2025, 08:06",24,"0;1;2;3;0;1;2;3;0;1;2;3;0;1;2;3;0;1;2;3;0;1;2;3","0;0;0;0;0;0;0;0;0;0;0;0;0;0;0;0;0;0;0;0;0;0;0;0","Imported from Hevy"
1970-01-01,imported_hevy,1_nov_2025,_08:12,"1 Nov 2025, 08:12",16,"0;1;2;3;4;5;0;1;2;0;1;2;3;0;1;2","0;0;0;0;0;0;0;0;0;0;0;0;0;0;0;0","Imported from Hevy"
1970-01-01,imported_hevy,25_oct_2025,_08:07,"25 Oct 2025, 08:07",31,"0;1;2;3;4;5;6;0;1;2;0;1;2;3;0;1;2;3;0;1;2;3;0;1;2;0;1;0;1;2;3","0;0;0;0;0;0;0;0;0;0;0;0;0;0;0;0;0;0;0;0;0;0;0;0;0;0;0;0;0;0;0","Imported from Hevy"
1970-01-01,imported_hevy,18_oct_2025,_08:12,"18 Oct 2025, 08:12",30,"0;1;2;0;1;2;3;4;5;6;0;1;2;3;0;1;2;0;1;2;3;0;1;2;0;1;2;0;1;2","0;0;0;0;0;0;0;0;0;0;0;0;0;0;0;0;0;0;0;0;0;0;0;0;0;0;0;0;0;0","Imported from Hevy"
1970-01-01,imported_hevy,11_oct_2025,_08:09,"11 Oct 2025, 08:09",31,"0;1;0;1;2;3;4;5;6;7;0;1;2;0;1;2;0;1;2;3;4;0;1;2;3;0;1;2;0;1;2","0;0;0;0;0;0;0;0;0;0;0;0;0;0;0;0;0;0;0;0;0;0;0;0;0;0;0;0;0;0;0","Imported from Hevy"
1970-01-01,imported_hevy,4_oct_2025,_08:07,"4 Oct 2025, 08:07",38,"0;1;0;1;2;3;4;5;6;0;1;2;0;1;2;0;1;2;0;1;2;3;4;0;1;2;3;4;0;1;2;0;1;2;0;1;2;3","0;0;0;0;0;0;0;0;0;0;0;0;0;0;0;0;0;0;0;0;0;0;0;0;0;0;0;0;0;0;0;0;0;0;0;0;0;0","Imported from Hevy"
1970-01-01,imported_hevy,27_sep_2025,_08:16,"27 Sep 2025, 08:16",37,"0;1;2;0;1;2;3;4;5;6;0;1;2;0;1;2;0;1;2;3;4;5;6;0;1;2;3;0;1;2;3;0;1;2;0;1;0","0;0;0;0;0;0;0;0;0;0;0;0;0;0;0;0;0;0;0;0;0;0;0;0;0;0;0;0;0;0;0;0;0;0;0;0;0","Imported from Hevy"
1970-01-01,imported_hevy,13_sep_2025,_08:14,"13 Sep 2025, 08:14",38,"0;1;2;0;1;2;3;0;1;2;0;1;2;0;1;2;3;4;5;6;7;0;1;2;3;0;1;2;3;0;1;2;0;1;0;1;2;3","0;0;0;0;0;0;0;0;0;0;0;0;0;0;0;0;0;0;0;0;0;0;0;0;0;0;0;0;0;0;0;0;0;0;0;0;0;0","Imported from Hevy"
1970-01-01,imported_hevy,6_sep_2025,_08:13,"6 Sep 2025, 08:13",31,"0;1;2;0;1;2;0;1;2;0;1;2;3;0;1;2;3;4;0;1;2;3;0;1;2;0;1;2;0;1;2","0;0;0;0;0;0;0;0;0;0;0;0;0;0;0;0;0;0;0;0;0;0;0;0;0;0;0;0;0;0;0","Imported from Hevy"
1970-01-01,imported_hevy,30_aug_2025,_08:06,"30 Aug 2025, 08:06",36,"0;1;2;3;0;1;2;0;1;2;0;1;2;0;1;2;3;4;0;1;2;3;0;1;2;0;1;2;0;1;2;3;0;1;2;0","0;0;0;0;0;0;0;0;0;0;0;0;0;0;0;0;0;0;0;0;0;0;0;0;0;0;0;0;0;0;0;0;0;0;0;0","Imported from Hevy"
1970-01-01,imported_hevy,23_aug_2025,_08:05,"23 Aug 2025, 08:05",43,"0;1;2;3;0;1;2;3;0;1;2;0;1;2;0;1;2;3;4;5;6;0;1;2;3;0;1;2;0;1;2;0;1;2;3;0;1;2;3;0;1;2;0","0;0;0;0;0;0;0;0;0;0;0;0;0;0;0;0;0;0;0;0;0;0;0;0;0;0;0;0;0;0;0;0;0;0;0;0;0;0;0;0;0;0;0","Imported from Hevy"
1970-01-01,imported_hevy,16_aug_2025,_08:06,"16 Aug 2025, 08:06",53,"0;1;2;3;0;1;2;3;0;1;2;0;1;2;3;0;1;2;3;4;5;6;0;1;2;3;4;5;0;1;2;0;1;2;3;0;1;2;3;0;1;2;3;0;1;2;3;4;0;0;1;2;3","0;0;0;0;0;0;0;0;0;0;0;0;0;0;0;0;0;0;0;0;0;0;0;0;0;0;0;0;0;0;0;0;0;0;0;0;0;0;0;0;0;0;0;0;0;0;0;0;0;0;0;0;0","Imported from Hevy"
1970-01-01,imported_hevy,9_aug_2025,_08:07,"9 Aug 2025, 08:07",45,"0;1;2;3;4;0;1;2;3;4;5;0;1;2;3;0;1;2;0;1;2;3;0;1;2;3;4;5;0;1;2;3;0;1;2;0;1;2;0;1;2;0;1;2;3","0;0;0;0;0;0;0;0;0;0;0;0;0;0;0;0;0;0;0;0;0;0;0;0;0;0;0;0;0;0;0;0;0;0;0;0;0;0;0;0;0;0;0;0;0","Imported from Hevy"
1970-01-01,imported_hevy,2_aug_2025,_08:05,"2 Aug 2025, 08:05",52,"0;1;2;3;4;0;1;2;3;4;0;1;2;0;1;2;0;1;2;3;4;0;1;2;3;4;5;0;1;2;3;0;1;2;3;0;1;2;3;4;0;1;2;3;0;1;2;3;0;1;0;0","0;0;0;0;0;0;0;0;0;0;0;0;0;0;0;0;0;0;0;0;0;0;0;0;0;0;0;0;0;0;0;0;0;0;0;0;0;0;0;0;0;0;0;0;0;0;0;0;0;0;0;0","Imported from Hevy"
1970-01-01,imported_hevy,26_jul_2025,_08:07,"26 Jul 2025, 08:07",45,"0;1;2;3;0;1;2;3;4;0;1;2;3;0;1;2;0;1;2;3;4;0;1;2;3;4;0;1;2;3;0;1;2;3;0;1;2;0;1;2;0;1;2;3;0","0;0;0;0;0;0;0;0;0;0;0;0;0;0;0;0;0;0;0;0;0;0;0;0;0;0;0;0;0;0;0;0;0;0;0;0;0;0;0;0;0;0;0;0;0","Imported from Hevy"
1970-01-01,imported_hevy,12_jul_2025,_04:26,"12 Jul 2025, 04:26",54,"0;1;2;3;4;0;1;2;3;4;0;1;2;3;0;1;2;3;0;1;2;3;0;1;2;0;1;2;3;0;1;2;3;0;1;2;3;0;1;2;3;4;5;6;7;0;1;2;3;0;1;2;3;4","0;0;0;0;0;0;0;0;0;0;0;0;0;0;0;0;0;0;0;0;0;0;0;0;0;0;0;0;0;0;0;0;0;0;0;0;0;0;0;0;0;0;0;0;0;0;0;0;0;0;0;0;0;0","Imported from Hevy"
1970-01-01,imported_hevy,5_jul_2025,_04:32,"5 Jul 2025, 04:32",59,"0;1;2;3;0;1;2;0;1;2;3;0;1;2;0;1;2;3;0;1;2;3;0;1;2;3;0;1;2;3;0;1;2;3;0;1;2;3;0;1;2;3;4;5;6;7;8;0;1;2;0;1;2;3;4;5;0;1;2","0;0;0;0;0;0;0;0;0;0;0;0;0;0;0;0;0;0;0;0;0;0;0;0;0;0;0;0;0;0;0;0;0;0;0;0;0;0;0;0;0;0;0;0;0;0;0;0;0;0;0;0;0;0;0;0;0;0;0","Imported from Hevy"
1970-01-01,imported_hevy,28_jun_2025,_02:38,"28 Jun 2025, 02:38",60,"0;1;2;3;0;1;2;3;0;1;2;3;0;1;2;3;4;5;6;7;0;1;2;3;4;0;1;2;3;0;1;2;3;0;1;2;3;0;1;2;3;0;1;2;3;4;5;6;7;8;0;1;2;0;0;1;2;3;4;5","0;0;0;0;0;0;0;0;0;0;0;0;0;0;0;0;0;0;0;0;0;0;0;0;0;0;0;0;0;0;0;0;0;0;0;0;0;0;0;0;0;0;0;0;0;0;0;0;0;0;0;0;0;0;0;0;0;0;0;0","Imported from Hevy"
1970-01-01,imported_hevy,14_jun_2025,_02:16,"14 Jun 2025, 02:16",74,"0;1;2;3;0;1;2;3;4;5;0;1;2;3;0;1;2;3;4;0;1;2;3;0;1;2;3;0;1;2;3;0;1;2;3;0;1;2;3;0;1;2;3;4;5;6;7;8;0;1;2;3;4;5;6;0;1;2;3;0;1;2;3;4;5;6;0;1;2;3;4;5;6;7","0;0;0;0;0;0;0;0;0;0;0;0;0;0;0;0;0;0;0;0;0;0;0;0;0;0;0;0;0;0;0;0;0;0;0;0;0;0;0;0;0;0;0;0;0;0;0;0;0;0;0;0;0;0;0;0;0;0;0;0;0;0;0;0;0;0;0;0;0;0;0;0;0;0","Imported from Hevy"
1970-01-01,imported_hevy,7_jun_2025,_02:07,"7 Jun 2025, 02:07",63,"0;1;2;3;4;5;6;7;0;1;2;3;4;5;0;1;2;3;0;1;2;3;4;0;1;2;3;0;1;2;3;0;1;2;3;4;5;0;1;2;0;1;2;3;4;0;1;2;3;4;5;6;7;8;9;0;1;2;3;0;1;2;3","0;0;0;0;0;0;0;0;0;0;0;0;0;0;0;0;0;0;0;0;0;0;0;0;0;0;0;0;0;0;0;0;0;0;0;0;0;0;0;0;0;0;0;0;0;0;0;0;0;0;0;0;0;0;0;0;0;0;0;0;0;0;0","Imported from Hevy"
1970-01-01,imported_hevy,31_may_2025,_03:08,"31 May 2025, 03:08",53,"0;1;2;3;4;5;6;0;1;2;3;4;0;1;2;3;0;1;2;3;4;0;1;2;0;1;2;0;1;2;0;1;2;0;1;2;3;4;5;6;7;8;9;10;11;0;1;2;0;1;2;3;4","0;0;0;0;0;0;0;0;0;0;0;0;0;0;0;0;0;0;0;0;0;0;0;0;0;0;0;0;0;0;0;0;0;0;0;0;0;0;0;0;0;0;0;0;0;0;0;0;0;0;0;0;0","Imported from Hevy"
1970-01-01,imported_hevy,17_may_2025,_02:09,"17 May 2025, 02:09",47,"0;1;2;3;4;5;6;7;8;0;1;2;3;0;1;2;3;0;1;2;3;0;1;2;0;1;2;0;1;2;0;1;2;3;4;0;1;2;3;4;5;6;7;0;1;2;3","0;0;0;0;0;0;0;0;0;0;0;0;0;0;0;0;0;0;0;0;0;0;0;0;0;0;0;0;0;0;0;0;0;0;0;0;0;0;0;0;0;0;0;0;0;0;0","Imported from Hevy"
1970-01-01,imported_hevy,10_may_2025,_03:23,"10 May 2025, 03:23",62,"0;1;2;3;4;5;6;0;1;2;3;0;1;2;3;0;1;2;3;0;1;2;0;1;2;0;1;2;3;4;5;0;1;2;0;1;2;3;4;5;0;1;2;3;4;5;6;7;8;0;1;2;3;0;1;2;0;1;2;3;4;5","0;0;0;0;0;0;0;0;0;0;0;0;0;0;0;0;0;0;0;0;0;0;0;0;0;0;0;0;0;0;0;0;0;0;0;0;0;0;0;0;0;0;0;0;0;0;0;0;0;0;0;0;0;0;0;0;0;0;0;0;0;0","Imported from Hevy"
1970-01-01,imported_hevy,26_apr_2025,_02:07,"26 Apr 2025, 02:07",59,"0;1;2;3;4;5;6;7;8;9;10;11;0;1;2;3;0;1;2;3;0;1;2;3;0;1;2;3;0;1;2;3;4;5;6;7;8;0;1;2;0;1;2;0;1;2;0;1;2;3;0;1;2;3;4;5;0;1;2","0;0;0;0;0;0;0;0;0;0;0;0;0;0;0;0;0;0;0;0;0;0;0;0;0;0;0;0;0;0;0;0;0;0;0;0;0;0;0;0;0;0;0;0;0;0;0;0;0;0;0;0;0;0;0;0;0;0;0","Imported from Hevy"
1970-01-01,imported_hevy,12_apr_2025,_02:10,"12 Apr 2025, 02:10",82,"0;1;2;3;4;5;6;7;0;1;2;3;0;1;2;3;0;1;2;3;0;1;2;3;4;5;6;7;8;9;10;0;1;2;3;0;1;2;0;1;2;0;1;2;0;1;2;3;0;1;2;3;0;1;2;0;1;2;3;4;5;0;1;2;0;1;2;3;4;5;0;1;2;3;0;1;2;3;0;1;2;3","0;0;0;0;0;0;0;0;0;0;0;0;0;0;0;0;0;0;0;0;0;0;0;0;0;0;0;0;0;0;0;0;0;0;0;0;0;0;0;0;0;0;0;0;0;0;0;0;0;0;0;0;0;0;0;0;0;0;0;0;0;0;0;0;0;0;0;0;0;0;0;0;0;0;0;0;0;0;0;0;0;0","Imported from Hevy"
1970-01-01,imported_hevy,20_nov_2025,_06:06,"20 Nov 2025, 06:06",31,"0;1;2;3;4;0;1;2;0;1;2;0;1;2;0;1;2;0;1;2;3;4;5;6;0;1;2;0;1;2;3","0;0;0;0;0;0;0;0;0;0;0;0;0;0;0;0;0;0;0;0;0;0;0;0;0;0;0;0;0;0;0","Imported from Hevy"
1970-01-01,imported_hevy,17_nov_2025,_06:08,"17 Nov 2025, 06:08",28,"0;1;2;3;4;0;1;2;0;1;2;0;1;2;3;4;5;0;1;2;0;1;2;0;0;1;2;3","0;0;0;0;0;0;0;0;0;0;0;0;0;0;0;0;0;0;0;0;0;0;0;0;0;0;0;0","Imported from Hevy"
1970-01-01,imported_hevy,13_nov_2025,_06:04,"13 Nov 2025, 06:04",39,"0;1;2;3;0;1;2;3;0;1;2;3;0;1;2;3;0;1;2;3;0;1;2;3;0;1;2;3;0;1;2;3;4;5;6;7;0;1;2","0;0;0;0;0;0;0;0;0;0;0;0;0;0;0;0;0;0;0;0;0;0;0;0;0;0;0;0;0;0;0;0;0;0;0;0;0;0;0","Imported from Hevy"
1970-01-01,imported_hevy,10_nov_2025,_06:05,"10 Nov 2025, 06:05",40,"0;1;2;3;4;0;1;2;3;0;1;2;3;0;1;2;3;4;0;1;2;3;0;1;2;3;0;1;2;3;0;1;2;3;4;5;0;1;2;3","0;0;0;0;0;0;0;0;0;0;0;0;0;0;0;0;0;0;0;0;0;0;0;0;0;0;0;0;0;0;0;0;0;0;0;0;0;0;0;0","Imported from Hevy"
1970-01-01,imported_hevy,6_nov_2025,_06:06,"6 Nov 2025, 06:06",41,"0;1;2;3;0;1;2;3;0;1;2;3;0;1;2;3;4;0;1;2;3;0;1;2;3;0;1;2;3;0;1;2;3;4;5;6;7;0;1;2;3","0;0;0;0;0;0;0;0;0;0;0;0;0;0;0;0;0;0;0;0;0;0;0;0;0;0;0;0;0;0;0;0;0;0;0;0;0;0;0;0;0","Imported from Hevy"
1970-01-01,imported_hevy,3_nov_2025,_06:07,"3 Nov 2025, 06:07",42,"0;1;2;3;4;5;0;1;2;0;1;2;3;0;1;2;3;4;0;1;2;3;0;1;2;3;0;1;2;3;0;1;2;3;4;5;6;7;0;1;2;3","0;0;0;0;0;0;0;0;0;0;0;0;0;0;0;0;0;0;0;0;0;0;0;0;0;0;0;0;0;0;0;0;0;0;0;0;0;0;0;0;0;0","Imported from Hevy"
1970-01-01,imported_hevy,30_oct_2025,_06:05,"30 Oct 2025, 06:05",44,"0;1;2;3;0;1;2;0;1;2;3;0;1;2;3;0;1;2;3;0;1;2;3;0;1;2;3;0;1;2;3;4;5;6;7;8;9;0;1;2;3;0;1;2","0;0;0;0;0;0;0;0;0;0;0;0;0;0;0;0;0;0;0;0;0;0;0;0;0;0;0;0;0;0;0;0;0;0;0;0;0;0;0;0;0;0;0;0","Imported from Hevy"
1970-01-01,imported_hevy,27_oct_2025,_06:03,"27 Oct 2025, 06:03",37,"0;1;2;3;0;1;2;0;1;2;3;0;1;2;3;0;1;2;3;0;1;2;3;0;1;2;3;0;1;2;3;4;5;6;7;8;9","0;0;0;0;0;0;0;0;0;0;0;0;0;0;0;0;0;0;0;0;0;0;0;0;0;0;0;0;0;0;0;0;0;0;0;0;0","Imported from Hevy"
1970-01-01,imported_hevy,23_oct_2025,_06:04,"23 Oct 2025, 06:04",46,"0;1;2;3;4;0;1;2;0;1;2;3;0;1;2;3;0;1;2;3;0;1;2;3;0;1;2;3;0;1;2;3;4;5;6;7;0;1;2;3;0;1;2;0;1;2","0;0;0;0;0;0;0;0;0;0;0;0;0;0;0;0;0;0;0;0;0;0;0;0;0;0;0;0;0;0;0;0;0;0;0;0;0;0;0;0;0;0;0;0;0;0","Imported from Hevy"
1970-01-01,imported_hevy,20_oct_2025,_06:04,"20 Oct 2025, 06:04",40,"0;1;2;3;4;0;1;2;0;1;2;3;0;1;2;3;0;1;2;3;0;1;2;3;0;1;2;3;0;1;2;3;4;5;6;7;0;1;2;3","0;0;0;0;0;0;0;0;0;0;0;0;0;0;0;0;0;0;0;0;0;0;0;0;0;0;0;0;0;0;0;0;0;0;0;0;0;0;0;0","Imported from Hevy"
1970-01-01,imported_hevy,16_oct_2025,_06:06,"16 Oct 2025, 06:06",39,"0;1;2;3;4;5;0;1;2;0;1;2;3;0;1;2;3;0;1;2;3;4;0;1;2;3;0;1;2;0;1;2;3;4;5;6;7;0;1","0;0;0;0;0;0;0;0;0;0;0;0;0;0;0;0;0;0;0;0;0;0;0;0;0;0;0;0;0;0;0;0;0;0;0;0;0;0;0","Imported from Hevy"
1970-01-01,imported_hevy,13_oct_2025,_06:03,"13 Oct 2025, 06:03",53,"0;1;2;3;0;1;2;0;1;2;3;0;1;2;3;0;1;2;3;0;1;2;3;0;1;2;3;0;1;2;3;4;5;6;7;0;1;2;3;0;1;2;3;0;1;2;0;1;2;0;1;2;3","0;0;0;0;0;0;0;0;0;0;0;0;0;0;0;0;0;0;0;0;0;0;0;0;0;0;0;0;0;0;0;0;0;0;0;0;0;0;0;0;0;0;0;0;0;0;0;0;0;0;0;0;0","Imported from Hevy"
1970-01-01,imported_hevy,9_oct_2025,_06:07,"9 Oct 2025, 06:07",36,"0;1;2;3;4;0;1;2;0;1;2;3;0;1;2;3;0;1;2;3;0;1;2;3;0;1;2;3;0;1;2;3;4;5;6;7","0;0;0;0;0;0;0;0;0;0;0;0;0;0;0;0;0;0;0;0;0;0;0;0;0;0;0;0;0;0;0;0;0;0;0;0","Imported from Hevy"
1970-01-01,imported_hevy,6_oct_2025,_06:04,"6 Oct 2025, 06:04",46,"0;1;2;3;4;0;1;2;0;1;2;3;0;1;2;3;0;1;2;3;0;1;2;3;0;1;2;3;0;1;2;3;4;5;6;7;0;1;2;0;1;2;3;0;1;2","0;0;0;0;0;0;0;0;0;0;0;0;0;0;0;0;0;0;0;0;0;0;0;0;0;0;0;0;0;0;0;0;0;0;0;0;0;0;0;0;0;0;0;0;0;0","Imported from Hevy"
1970-01-01,imported_hevy,2_oct_2025,_05:58,"2 Oct 2025, 05:58",43,"0;1;2;3;4;0;1;2;0;1;2;3;0;1;2;3;0;1;2;3;0;1;2;3;0;1;2;3;0;1;2;3;4;5;0;1;2;0;1;2;3;4;5","0;0;0;0;0;0;0;0;0;0;0;0;0;0;0;0;0;0;0;0;0;0;0;0;0;0;0;0;0;0;0;0;0;0;0;0;0;0;0;0;0;0;0","Imported from Hevy"
1970-01-01,imported_hevy,29_sep_2025,_06:06,"29 Sep 2025, 06:06",48,"0;1;2;3;4;0;1;2;3;0;1;2;3;0;1;2;3;0;1;2;3;4;0;1;2;3;0;1;2;3;0;1;2;3;4;5;6;7;8;9;0;1;2;3;0;0;1;2","0;0;0;0;0;0;0;0;0;0;0;0;0;0;0;0;0;0;0;0;0;0;0;0;0;0;0;0;0;0;0;0;0;0;0;0;0;0;0;0;0;0;0;0;0;0;0;0","Imported from Hevy"
1970-01-01,imported_hevy,25_sep_2025,_06:05,"25 Sep 2025, 06:05",51,"0;1;2;0;1;2;0;1;2;3;0;1;2;3;0;1;2;3;0;1;2;3;0;1;2;3;0;1;2;3;4;5;6;7;0;1;2;3;0;1;2;3;0;1;2;3;0;1;2;3;0","0;0;0;0;0;0;0;0;0;0;0;0;0;0;0;0;0;0;0;0;0;0;0;0;0;0;0;0;0;0;0;0;0;0;0;0;0;0;0;0;0;0;0;0;0;0;0;0;0;0;0","Imported from Hevy"
1970-01-01,imported_hevy,22_sep_2025,_06:06,"22 Sep 2025, 06:06",39,"0;1;2;3;0;1;2;0;1;2;3;0;1;2;3;0;1;2;3;0;1;2;3;0;1;2;3;0;1;2;3;4;5;6;7;0;1;2;0","0;0;0;0;0;0;0;0;0;0;0;0;0;0;0;0;0;0;0;0;0;0;0;0;0;0;0;0;0;0;0;0;0;0;0;0;0;0;0","Imported from Hevy"
1970-01-01,imported_hevy,20_sep_2025,_08:07,"20 Sep 2025, 08:07",43,"0;1;2;3;0;1;2;0;1;2;3;0;1;2;3;0;1;2;3;4;5;6;7;8;9;0;1;2;3;0;1;2;3;4;0;1;2;3;4;0;1;2;3","0;0;0;0;0;0;0;0;0;0;0;0;0;0;0;0;0;0;0;0;0;0;0;0;0;0;0;0;0;0;0;0;0;0;0;0;0;0;0;0;0;0;0","Imported from Hevy"
1970-01-01,imported_hevy,15_sep_2025,_06:07,"15 Sep 2025, 06:07",42,"0;1;2;3;0;1;2;3;0;1;2;3;0;1;2;3;0;1;2;3;4;5;6;7;8;9;0;1;2;3;4;5;0;1;2;3;4;0;1;2;3;4","0;0;0;0;0;0;0;0;0;0;0;0;0;0;0;0;0;0;0;0;0;0;0;0;0;0;0;0;0;0;0;0;0;0;0;0;0;0;0;0;0;0","Imported from Hevy"
1970-01-01,imported_hevy,11_sep_2025,_06:11,"11 Sep 2025, 06:11",37,"0;1;2;3;4;0;1;2;3;0;1;2;3;0;1;2;3;0;1;2;3;4;5;6;7;0;1;2;3;0;1;2;3;0;1;2;3","0;0;0;0;0;0;0;0;0;0;0;0;0;0;0;0;0;0;0;0;0;0;0;0;0;0;0;0;0;0;0;0;0;0;0;0;0","Imported from Hevy"
1970-01-01,imported_hevy,8_sep_2025,_06:07,"8 Sep 2025, 06:07",39,"0;1;2;3;0;1;2;3;0;1;2;3;0;1;2;3;0;1;2;3;4;5;6;7;0;1;2;3;0;1;2;3;0;1;2;3;0;1;2","0;0;0;0;0;0;0;0;0;0;0;0;0;0;0;0;0;0;0;0;0;0;0;0;0;0;0;0;0;0;0;0;0;0;0;0;0;0;0","Imported from Hevy"
1970-01-01,imported_hevy,4_sep_2025,_06:10,"4 Sep 2025, 06:10",30,"0;1;2;3;0;1;2;3;0;1;2;3;0;1;2;0;1;2;3;0;1;2;3;0;1;2;3;0;1;2","0;0;0;0;0;0;0;0;0;0;0;0;0;0;0;0;0;0;0;0;0;0;0;0;0;0;0;0;0;0","Imported from Hevy"
1970-01-01,imported_hevy,1_sep_2025,_06:07,"1 Sep 2025, 06:07",44,"0;1;2;3;0;1;2;3;0;1;2;0;1;2;3;0;1;2;3;4;5;6;7;0;1;2;3;0;1;2;3;0;1;2;3;4;5;0;1;2;0;1;2;3","0;0;0;0;0;0;0;0;0;0;0;0;0;0;0;0;0;0;0;0;0;0;0;0;0;0;0;0;0;0;0;0;0;0;0;0;0;0;0;0;0;0;0;0","Imported from Hevy"
1970-01-01,imported_hevy,28_aug_2025,_06:10,"28 Aug 2025, 06:10",58,"0;1;2;3;4;0;1;2;3;0;1;2;3;4;5;0;1;2;3;4;0;1;2;3;0;1;2;3;4;5;6;7;8;9;0;1;2;3;0;1;2;3;4;0;1;2;3;4;5;6;0;1;2;3;0;1;2;0","0;0;0;0;0;0;0;0;0;0;0;0;0;0;0;0;0;0;0;0;0;0;0;0;0;0;0;0;0;0;0;0;0;0;0;0;0;0;0;0;0;0;0;0;0;0;0;0;0;0;0;0;0;0;0;0;0;0","Imported from Hevy"
1970-01-01,imported_hevy,25_aug_2025,_06:08,"25 Aug 2025, 06:08",49,"0;1;2;3;4;0;1;2;3;0;1;2;3;0;1;2;3;0;1;2;0;1;2;3;0;1;2;3;0;1;2;3;4;0;1;2;3;4;5;6;7;0;1;0;1;2;3;0;1","0;0;0;0;0;0;0;0;0;0;0;0;0;0;0;0;0;0;0;0;0;0;0;0;0;0;0;0;0;0;0;0;0;0;0;0;0;0;0;0;0;0;0;0;0;0;0;0;0","Imported from Hevy"
1970-01-01,imported_hevy,21_aug_2025,_06:08,"21 Aug 2025, 06:08",55,"0;1;2;3;4;0;1;2;3;0;1;2;3;0;1;2;0;1;2;3;0;1;2;3;4;5;6;7;8;9;0;1;2;3;0;1;2;3;4;0;1;2;3;0;1;2;3;4;0;1;2;3;0;1;2","0;0;0;0;0;0;0;0;0;0;0;0;0;0;0;0;0;0;0;0;0;0;0;0;0;0;0;0;0;0;0;0;0;0;0;0;0;0;0;0;0;0;0;0;0;0;0;0;0;0;0;0;0;0;0","Imported from Hevy"
1970-01-01,imported_hevy,18_aug_2025,_06:08,"18 Aug 2025, 06:08",45,"0;1;2;3;4;0;1;2;3;0;1;2;3;0;1;2;3;0;1;2;3;0;1;2;3;4;5;6;7;8;9;0;1;2;3;0;1;2;3;4;0;1;2;3;4","0;0;0;0;0;0;0;0;0;0;0;0;0;0;0;0;0;0;0;0;0;0;0;0;0;0;0;0;0;0;0;0;0;0;0;0;0;0;0;0;0;0;0;0;0","Imported from Hevy"
1970-01-01,imported_hevy,14_aug_2025,_05:50,"14 Aug 2025, 05:50",45,"0;1;2;3;4;5;0;1;2;3;0;1;2;3;0;1;2;3;0;1;2;3;0;1;2;3;4;5;6;7;0;1;2;3;4;0;1;2;3;4;0;1;2;3;0","0;0;0;0;0;0;0;0;0;0;0;0;0;0;0;0;0;0;0;0;0;0;0;0;0;0;0;0;0;0;0;0;0;0;0;0;0;0;0;0;0;0;0;0;0","Imported from Hevy"
1970-01-01,imported_hevy,11_aug_2025,_06:09,"11 Aug 2025, 06:09",40,"0;1;2;3;4;0;1;2;0;1;2;3;4;5;6;0;1;2;3;0;1;2;3;0;1;2;3;4;5;0;1;2;3;0;1;2;3;0;1;2","0;0;0;0;0;0;0;0;0;0;0;0;0;0;0;0;0;0;0;0;0;0;0;0;0;0;0;0;0;0;0;0;0;0;0;0;0;0;0;0","Imported from Hevy"
1970-01-01,imported_hevy,7_aug_2025,_06:06,"7 Aug 2025, 06:06",73,"0;1;2;3;4;0;1;2;0;1;2;3;0;1;2;3;4;5;0;1;2;0;1;2;3;0;1;2;3;0;1;2;3;0;1;2;3;4;5;6;7;8;9;10;0;1;2;3;4;0;1;2;3;4;5;0;1;2;3;0;1;2;3;4;0;1;2;3;0;1;2;3;0","0;0;0;0;0;0;0;0;0;0;0;0;0;0;0;0;0;0;0;0;0;0;0;0;0;0;0;0;0;0;0;0;0;0;0;0;0;0;0;0;0;0;0;0;0;0;0;0;0;0;0;0;0;0;0;0;0;0;0;0;0;0;0;0;0;0;0;0;0;0;0;0;0","Imported from Hevy"
1970-01-01,imported_hevy,4_aug_2025,_06:07,"4 Aug 2025, 06:07",67,"0;1;2;3;4;0;1;2;0;1;2;3;0;1;2;3;4;5;0;1;2;0;1;2;3;0;1;2;3;0;1;2;3;4;5;6;7;0;1;2;3;4;0;1;2;3;4;5;0;1;2;3;0;1;2;3;4;0;1;2;3;0;1;2;0;1;2","0;0;0;0;0;0;0;0;0;0;0;0;0;0;0;0;0;0;0;0;0;0;0;0;0;0;0;0;0;0;0;0;0;0;0;0;0;0;0;0;0;0;0;0;0;0;0;0;0;0;0;0;0;0;0;0;0;0;0;0;0;0;0;0;0;0;0","Imported from Hevy"
1970-01-01,imported_hevy,31_jul_2025,_06:11,"31 Jul 2025, 06:11",73,"0;1;2;3;4;5;0;1;2;3;0;1;2;3;0;1;2;3;0;1;2;0;1;2;3;0;1;2;3;0;1;2;3;4;5;6;7;8;9;10;11;12;13;14;0;1;2;3;4;0;1;2;3;4;0;1;2;3;0;1;2;3;4;0;0;1;2;3;0;1;2;0;0","0;0;0;0;0;0;0;0;0;0;0;0;0;0;0;0;0;0;0;0;0;0;0;0;0;0;0;0;0;0;0;0;0;0;0;0;0;0;0;0;0;0;0;0;0;0;0;0;0;0;0;0;0;0;0;0;0;0;0;0;0;0;0;0;0;0;0;0;0;0;0;0;0","Imported from Hevy"
1970-01-01,imported_hevy,28_jul_2025,_08:10,"28 Jul 2025, 08:10",66,"0;1;2;3;4;0;1;2;3;0;1;2;0;1;2;0;1;2;3;0;1;2;3;0;1;2;3;4;5;6;7;8;9;0;1;2;3;0;1;2;3;4;0;1;2;3;0;1;2;3;4;5;6;0;1;2;3;0;1;2;3;0;1;2;3;0","0;0;0;0;0;0;0;0;0;0;0;0;0;0;0;0;0;0;0;0;0;0;0;0;0;0;0;0;0;0;0;0;0;0;0;0;0;0;0;0;0;0;0;0;0;0;0;0;0;0;0;0;0;0;0;0;0;0;0;0;0;0;0;0;0;0","Imported from Hevy"
1970-01-01,imported_hevy,24_jul_2025,_08:02,"24 Jul 2025, 08:02",88,"0;1;2;3;4;5;0;1;2;3;4;0;1;2;3;0;1;2;3;4;5;0;1;2;0;1;2;3;0;1;2;3;0;1;2;3;4;0;1;2;3;4;5;6;7;8;9;10;11;0;1;2;0;1;2;3;0;1;2;3;4;5;6;7;8;9;10;11;0;1;2;0;1;2;3;0;1;2;3;4;5;6;0;1;2;3;0;0","0;0;0;0;0;0;0;0;0;0;0;0;0;0;0;0;0;0;0;0;0;0;0;0;0;0;0;0;0;0;0;0;0;0;0;0;0;0;0;0;0;0;0;0;0;0;0;0;0;0;0;0;0;0;0;0;0;0;0;0;0;0;0;0;0;0;0;0;0;0;0;0;0;0;0;0;0;0;0;0;0;0;0;0;0;0;0;0","Imported from Hevy"
1970-01-01,imported_hevy,21_jul_2025,_08:17,"21 Jul 2025, 08:17",63,"0;1;2;3;4;5;0;1;2;3;4;5;6;0;1;2;3;0;1;2;0;1;2;3;0;1;2;3;4;0;1;2;3;0;1;2;3;4;0;1;2;3;0;1;2;3;0;1;2;0;1;2;3;0;1;2;0;0;1;2;3;4;0","0;0;0;0;0;0;0;0;0;0;0;0;0;0;0;0;0;0;0;0;0;0;0;0;0;0;0;0;0;0;0;0;0;0;0;0;0;0;0;0;0;0;0;0;0;0;0;0;0;0;0;0;0;0;0;0;0;0;0;0;0;0;0","Imported from Hevy"
1970-01-01,imported_hevy,17_jul_2025,_07:02,"17 Jul 2025, 07:02",58,"0;1;2;3;4;0;1;2;3;0;1;2;3;0;1;2;3;0;1;2;0;1;2;3;0;1;2;3;4;0;1;2;3;0;1;2;3;4;5;6;7;8;9;0;1;2;3;0;1;2;3;4;5;0;1;2;3;4","0;0;0;0;0;0;0;0;0;0;0;0;0;0;0;0;0;0;0;0;0;0;0;0;0;0;0;0;0;0;0;0;0;0;0;0;0;0;0;0;0;0;0;0;0;0;0;0;0;0;0;0;0;0;0;0;0;0","Imported from Hevy"
1970-01-01,imported_hevy,14_jul_2025,_07:02,"14 Jul 2025, 07:02",78,"0;1;2;3;4;5;0;1;2;3;0;0;1;2;3;0;1;2;3;0;1;2;0;1;2;3;0;1;2;3;4;5;6;7;8;9;10;11;0;1;2;3;4;0;1;2;3;4;0;1;2;3;4;0;1;2;3;0;1;2;3;4;5;0;1;2;3;0;1;2;3;0;1;2;3;0;1;2","0;0;0;0;0;0;0;0;0;0;0;0;0;0;0;0;0;0;0;0;0;0;0;0;0;0;0;0;0;0;0;0;0;0;0;0;0;0;0;0;0;0;0;0;0;0;0;0;0;0;0;0;0;0;0;0;0;0;0;0;0;0;0;0;0;0;0;0;0;0;0;0;0;0;0;0;0;0","Imported from Hevy"
1970-01-01,imported_hevy,10_jul_2025,_05:18,"10 Jul 2025, 05:18",73,"0;1;2;3;4;0;1;2;3;0;1;2;3;0;1;2;0;1;2;3;0;1;2;3;4;0;1;2;3;4;5;6;0;1;2;3;4;0;1;2;3;4;0;1;2;3;4;0;1;2;3;0;1;2;3;4;5;0;1;2;3;0;1;2;3;0;1;2;0;1;2;3;4","0;0;0;0;0;0;0;0;0;0;0;0;0;0;0;0;0;0;0;0;0;0;0;0;0;0;0;0;0;0;0;0;0;0;0;0;0;0;0;0;0;0;0;0;0;0;0;0;0;0;0;0;0;0;0;0;0;0;0;0;0;0;0;0;0;0;0;0;0;0;0;0;0","Imported from Hevy"
1970-01-01,imported_hevy,7_jul_2025,_06:50,"7 Jul 2025, 06:50",63,"0;1;2;3;4;5;0;1;2;3;0;1;2;0;1;2;0;1;2;3;0;1;2;3;0;1;2;3;4;5;6;7;8;9;10;11;0;1;2;3;4;5;0;1;2;3;0;1;2;3;4;0;1;2;0;1;2;3;0;1;2;3;0","0;0;0;0;0;0;0;0;0;0;0;0;0;0;0;0;0;0;0;0;0;0;0;0;0;0;0;0;0;0;0;0;0;0;0;0;0;0;0;0;0;0;0;0;0;0;0;0;0;0;0;0;0;0;0;0;0;0;0;0;0;0;0","Imported from Hevy"
1970-01-01,imported_hevy,3_jul_2025,_06:51,"3 Jul 2025, 06:51",45,"0;1;2;3;4;5;0;1;2;0;1;2;0;1;2;0;1;2;3;4;5;6;7;0;1;2;0;1;2;3;0;1;2;0;1;2;3;0;1;2;3;0;1;2;3","0;0;0;0;0;0;0;0;0;0;0;0;0;0;0;0;0;0;0;0;0;0;0;0;0;0;0;0;0;0;0;0;0;0;0;0;0;0;0;0;0;0;0;0;0","Imported from Hevy"
1970-01-01,imported_hevy,30_jun_2025,_07:02,"30 Jun 2025, 07:02",73,"0;1;2;3;4;0;1;2;3;0;1;2;3;0;1;2;3;0;1;2;3;0;1;2;3;0;1;2;3;4;0;1;2;3;0;1;2;3;4;0;1;2;3;0;1;2;3;0;1;2;3;4;5;6;7;8;9;10;11;12;13;14;15;16;17;0;1;2;3;4;0;1;2","0;0;0;0;0;0;0;0;0;0;0;0;0;0;0;0;0;0;0;0;0;0;0;0;0;0;0;0;0;0;0;0;0;0;0;0;0;0;0;0;0;0;0;0;0;0;0;0;0;0;0;0;0;0;0;0;0;0;0;0;0;0;0;0;0;0;0;0;0;0;0;0;0","Imported from Hevy"
1970-01-01,imported_hevy,26_jun_2025,_02:15,"26 Jun 2025, 02:15",86,"0;1;2;3;4;5;0;1;2;3;4;5;6;0;1;2;3;0;1;2;3;0;1;2;3;0;1;2;3;0;1;2;3;0;1;2;3;4;0;1;2;3;4;0;1;2;3;4;0;1;2;3;0;1;2;3;0;1;2;3;0;1;2;3;4;5;6;7;8;9;10;11;12;13;0;1;2;3;4;0;1;2;0;1;2;3","0;0;0;0;0;0;0;0;0;0;0;0;0;0;0;0;0;0;0;0;0;0;0;0;0;0;0;0;0;0;0;0;0;0;0;0;0;0;0;0;0;0;0;0;0;0;0;0;0;0;0;0;0;0;0;0;0;0;0;0;0;0;0;0;0;0;0;0;0;0;0;0;0;0;0;0;0;0;0;0;0;0;0;0;0;0","Imported from Hevy"
1970-01-01,imported_hevy,23_jun_2025,_07:03,"23 Jun 2025, 07:03",69,"0;1;2;3;4;0;1;2;3;0;1;2;3;0;1;2;3;0;1;2;3;0;1;2;3;0;1;2;3;4;0;1;2;3;4;0;1;2;3;4;0;1;2;3;0;1;2;3;4;5;6;7;8;9;10;11;12;13;0;1;2;3;0;1;2;3;0;1;2","0;0;0;0;0;0;0;0;0;0;0;0;0;0;0;0;0;0;0;0;0;0;0;0;0;0;0;0;0;0;0;0;0;0;0;0;0;0;0;0;0;0;0;0;0;0;0;0;0;0;0;0;0;0;0;0;0;0;0;0;0;0;0;0;0;0;0;0;0","Imported from Hevy"
1970-01-01,imported_hevy,19_jun_2025,_02:44,"19 Jun 2025, 02:44",83,"0;1;2;3;4;0;1;2;3;4;5;0;1;2;3;0;1;2;3;0;1;2;3;0;1;2;3;0;1;2;3;0;1;2;3;4;0;1;2;3;4;0;1;2;3;4;0;1;0;1;2;3;4;0;1;2;3;4;5;6;7;8;9;10;11;12;13;0;1;2;3;4;0;1;2;3;0;1;2;0;1;2;3","0;0;0;0;0;0;0;0;0;0;0;0;0;0;0;0;0;0;0;0;0;0;0;0;0;0;0;0;0;0;0;0;0;0;0;0;0;0;0;0;0;0;0;0;0;0;0;0;0;0;0;0;0;0;0;0;0;0;0;0;0;0;0;0;0;0;0;0;0;0;0;0;0;0;0;0;0;0;0;0;0;0;0","Imported from Hevy"
1970-01-01,imported_hevy,16_jun_2025,_07:06,"16 Jun 2025, 07:06",69,"0;1;2;3;4;0;1;2;3;0;1;2;3;0;1;2;3;0;1;2;3;0;1;2;3;0;1;2;3;0;1;2;3;4;0;1;2;3;4;0;1;2;3;0;1;2;3;0;1;2;3;4;5;6;7;8;9;10;11;12;13;0;1;2;3;4;0;1;2","0;0;0;0;0;0;0;0;0;0;0;0;0;0;0;0;0;0;0;0;0;0;0;0;0;0;0;0;0;0;0;0;0;0;0;0;0;0;0;0;0;0;0;0;0;0;0;0;0;0;0;0;0;0;0;0;0;0;0;0;0;0;0;0;0;0;0;0;0","Imported from Hevy"
1970-01-01,imported_hevy,12_jun_2025,_02:12,"12 Jun 2025, 02:12",79,"0;1;2;3;4;0;1;2;3;4;5;0;1;2;3;0;1;2;3;0;1;2;3;0;1;2;3;0;1;2;3;0;1;2;3;4;0;1;2;3;0;1;2;3;0;1;2;3;0;1;2;3;4;5;6;7;8;9;10;11;12;13;0;1;2;3;4;0;1;2;3;0;1;2;0;1;2;3;4","0;0;0;0;0;0;0;0;0;0;0;0;0;0;0;0;0;0;0;0;0;0;0;0;0;0;0;0;0;0;0;0;0;0;0;0;0;0;0;0;0;0;0;0;0;0;0;0;0;0;0;0;0;0;0;0;0;0;0;0;0;0;0;0;0;0;0;0;0;0;0;0;0;0;0;0;0;0;0","Imported from Hevy"
1970-01-01,imported_hevy,9_jun_2025,_06:56,"9 Jun 2025, 06:56",83,"0;1;2;3;4;0;1;2;3;0;1;2;0;1;2;3;0;1;2;3;0;1;2;3;0;1;2;3;0;1;2;3;4;0;1;2;3;0;1;2;3;0;1;2;3;4;5;6;7;8;9;10;11;12;13;0;1;2;3;4;5;6;7;0;1;2;3;4;0;1;2;3;0;1;2;0;1;2;0;1;2;3;4","0;0;0;0;0;0;0;0;0;0;0;0;0;0;0;0;0;0;0;0;0;0;0;0;0;0;0;0;0;0;0;0;0;0;0;0;0;0;0;0;0;0;0;0;0;0;0;0;0;0;0;0;0;0;0;0;0;0;0;0;0;0;0;0;0;0;0;0;0;0;0;0;0;0;0;0;0;0;0;0;0;0;0","Imported from Hevy"
1970-01-01,imported_hevy,5_jun_2025,_06:21,"5 Jun 2025, 06:21",68,"0;1;2;3;4;5;0;1;2;3;0;1;2;3;0;1;2;3;0;1;2;3;0;1;2;0;1;2;3;0;1;2;3;0;1;2;3;4;5;0;1;2;3;0;1;2;3;4;5;6;7;8;9;0;1;2;3;4;5;0;1;2;3;0;1;2;3;0","0;0;0;0;0;0;0;0;0;0;0;0;0;0;0;0;0;0;0;0;0;0;0;0;0;0;0;0;0;0;0;0;0;0;0;0;0;0;0;0;0;0;0;0;0;0;0;0;0;0;0;0;0;0;0;0;0;0;0;0;0;0;0;0;0;0;0;0","Imported from Hevy"
1970-01-01,imported_hevy,2_jun_2025,_06:55,"2 Jun 2025, 06:55",66,"0;1;2;3;4;5;0;1;2;3;0;1;2;0;1;2;3;0;1;2;3;0;1;2;3;0;1;2;3;0;1;2;0;1;2;3;4;5;6;7;8;9;0;1;2;3;4;5;6;7;0;1;2;3;0;1;2;3;0;1;2;3;0;1;2;3","0;0;0;0;0;0;0;0;0;0;0;0;0;0;0;0;0;0;0;0;0;0;0;0;0;0;0;0;0;0;0;0;0;0;0;0;0;0;0;0;0;0;0;0;0;0;0;0;0;0;0;0;0;0;0;0;0;0;0;0;0;0;0;0;0;0","Imported from Hevy"
1970-01-01,imported_hevy,29_may_2025,_03:58,"29 May 2025, 03:58",65,"0;1;2;3;4;5;0;1;2;3;0;1;2;3;0;1;2;3;0;1;2;3;0;1;2;3;0;1;2;3;0;1;2;0;1;2;3;4;5;6;7;8;9;0;1;2;3;0;1;2;3;0;1;2;3;0;1;2;0;1;2;0;1;2;3","0;0;0;0;0;0;0;0;0;0;0;0;0;0;0;0;0;0;0;0;0;0;0;0;0;0;0;0;0;0;0;0;0;0;0;0;0;0;0;0;0;0;0;0;0;0;0;0;0;0;0;0;0;0;0;0;0;0;0;0;0;0;0;0;0","Imported from Hevy"
1970-01-01,imported_hevy,26_may_2025,_06:53,"26 May 2025, 06:53",63,"0;1;2;3;4;5;0;1;2;3;4;0;1;2;3;0;1;2;3;0;1;2;3;0;1;2;3;0;1;2;3;0;1;2;0;1;2;3;4;5;6;7;8;9;0;1;2;3;4;5;6;7;0;1;2;3;0;1;2;0;1;0;1","0;0;0;0;0;0;0;0;0;0;0;0;0;0;0;0;0;0;0;0;0;0;0;0;0;0;0;0;0;0;0;0;0;0;0;0;0;0;0;0;0;0;0;0;0;0;0;0;0;0;0;0;0;0;0;0;0;0;0;0;0;0;0","Imported from Hevy"
1970-01-01,imported_hevy,22_may_2025,_06:51,"22 May 2025, 06:51",63,"0;1;2;3;4;0;1;2;3;4;0;1;2;3;0;1;2;0;1;2;3;4;5;6;7;8;9;0;1;2;3;0;1;2;3;0;1;2;3;0;1;2;3;0;1;2;3;0;1;2;0;1;2;3;0;1;2;3;0;1;2;3;4","0;0;0;0;0;0;0;0;0;0;0;0;0;0;0;0;0;0;0;0;0;0;0;0;0;0;0;0;0;0;0;0;0;0;0;0;0;0;0;0;0;0;0;0;0;0;0;0;0;0;0;0;0;0;0;0;0;0;0;0;0;0;0","Imported from Hevy"
1970-01-01,imported_hevy,19_may_2025,_06:57,"19 May 2025, 06:57",63,"0;1;2;3;4;0;1;2;0;1;2;0;1;2;0;1;2;3;4;5;6;7;8;9;0;1;2;0;1;2;3;0;1;2;3;4;0;1;2;3;0;1;2;3;4;5;6;7;0;1;2;3;0;1;2;0;1;2;0;1;2;3;4","0;0;0;0;0;0;0;0;0;0;0;0;0;0;0;0;0;0;0;0;0;0;0;0;0;0;0;0;0;0;0;0;0;0;0;0;0;0;0;0;0;0;0;0;0;0;0;0;0;0;0;0;0;0;0;0;0;0;0;0;0;0;0","Imported from Hevy"
1970-01-01,imported_hevy,15_may_2025,_02:19,"15 May 2025, 02:19",67,"0;1;2;3;4;5;6;0;1;2;0;1;2;0;1;2;0;1;2;3;4;5;6;7;8;9;0;1;2;0;1;2;3;0;1;2;3;0;1;2;3;0;1;2;3;4;5;6;7;0;1;2;3;0;1;2;0;1;2;0;1;2;3;0;0;1;2","0;0;0;0;0;0;0;0;0;0;0;0;0;0;0;0;0;0;0;0;0;0;0;0;0;0;0;0;0;0;0;0;0;0;0;0;0;0;0;0;0;0;0;0;0;0;0;0;0;0;0;0;0;0;0;0;0;0;0;0;0;0;0;0;0;0;0","Imported from Hevy"
1970-01-01,imported_hevy,12_may_2025,_06:54,"12 May 2025, 06:54",60,"0;1;2;3;4;0;1;2;0;1;2;0;1;2;0;1;2;3;4;5;6;7;0;1;2;0;1;2;3;0;1;2;3;0;1;2;3;0;1;2;3;4;5;6;7;0;1;2;0;1;2;0;1;2;3;0;1;2;3;4","0;0;0;0;0;0;0;0;0;0;0;0;0;0;0;0;0;0;0;0;0;0;0;0;0;0;0;0;0;0;0;0;0;0;0;0;0;0;0;0;0;0;0;0;0;0;0;0;0;0;0;0;0;0;0;0;0;0;0;0","Imported from Hevy"
1970-01-01,imported_hevy,8_may_2025,_02:45,"8 May 2025, 02:45",66,"0;1;2;3;4;0;1;2;0;1;2;3;0;1;2;0;1;2;3;4;5;6;7;8;9;10;11;0;1;2;0;1;2;3;0;1;2;0;1;2;0;1;2;3;4;5;0;1;2;0;1;2;0;1;2;3;0;1;2;3;0;1;2;0;1;2","0;0;0;0;0;0;0;0;0;0;0;0;0;0;0;0;0;0;0;0;0;0;0;0;0;0;0;0;0;0;0;0;0;0;0;0;0;0;0;0;0;0;0;0;0;0;0;0;0;0;0;0;0;0;0;0;0;0;0;0;0;0;0;0;0;0","Imported from Hevy"
1970-01-01,imported_hevy,5_may_2025,_07:00,"5 May 2025, 07:00",61,"0;1;2;3;4;0;1;2;0;1;2;0;1;2;3;0;1;2;0;1;2;0;1;2;3;4;5;6;7;8;9;10;11;0;1;2;3;4;5;0;1;2;3;0;1;2;0;1;2;0;1;2;0;1;2;3;0;1;2;3;4","0;0;0;0;0;0;0;0;0;0;0;0;0;0;0;0;0;0;0;0;0;0;0;0;0;0;0;0;0;0;0;0;0;0;0;0;0;0;0;0;0;0;0;0;0;0;0;0;0;0;0;0;0;0;0;0;0;0;0;0;0","Imported from Hevy"
1970-01-01,imported_hevy,2_may_2025,_06:53,"2 May 2025, 06:53",59,"0;1;2;3;4;5;6;0;1;2;0;1;2;0;1;2;3;4;0;1;2;3;0;1;2;3;0;1;2;3;4;5;6;7;8;9;10;11;12;0;1;2;3;0;1;2;3;0;0;1;2;3;0;1;2;0;1;2;3","0;0;0;0;0;0;0;0;0;0;0;0;0;0;0;0;0;0;0;0;0;0;0;0;0;0;0;0;0;0;0;0;0;0;0;0;0;0;0;0;0;0;0;0;0;0;0;0;0;0;0;0;0;0;0;0;0;0;0","Imported from Hevy"
1970-01-01,imported_hevy,28_apr_2025,_07:55,"28 Apr 2025, 07:55",37,"0;1;2;3;0;1;2;0;1;2;0;1;2;3;0;1;2;0;1;2;0;1;2;3;4;5;6;7;0;1;2;3;4;5;0;1;2","0;0;0;0;0;0;0;0;0;0;0;0;0;0;0;0;0;0;0;0;0;0;0;0;0;0;0;0;0;0;0;0;0;0;0;0;0","Imported from Hevy"
1970-01-01,imported_hevy,24_apr_2025,_02:29,"24 Apr 2025, 02:29",72,"0;1;2;3;0;1;2;0;1;2;0;1;2;3;0;1;2;3;4;5;6;7;8;9;0;1;2;0;1;2;3;0;1;2;3;0;1;2;3;4;0;1;2;0;1;2;3;4;5;0;1;2;3;0;1;2;3;0;1;2;3;0;1;2;3;4;0;1;2;0;1;2","0;0;0;0;0;0;0;0;0;0;0;0;0;0;0;0;0;0;0;0;0;0;0;0;0;0;0;0;0;0;0;0;0;0;0;0;0;0;0;0;0;0;0;0;0;0;0;0;0;0;0;0;0;0;0;0;0;0;0;0;0;0;0;0;0;0;0;0;0;0;0;0","Imported from Hevy"
1970-01-01,imported_hevy,21_apr_2025,_06:54,"21 Apr 2025, 06:54",57,"0;1;2;3;0;1;2;0;1;2;0;1;2;3;0;1;2;3;4;5;6;7;8;9;0;1;2;0;1;2;0;1;2;3;4;5;0;1;2;0;1;2;0;1;2;0;1;2;3;0;1;2;3;0;1;2;3","0;0;0;0;0;0;0;0;0;0;0;0;0;0;0;0;0;0;0;0;0;0;0;0;0;0;0;0;0;0;0;0;0;0;0;0;0;0;0;0;0;0;0;0;0;0;0;0;0;0;0;0;0;0;0;0;0","Imported from Hevy"
1970-01-01,imported_hevy,17_apr_2025,_02:32,"17 Apr 2025, 02:32",58,"0;1;2;3;0;1;2;0;1;2;0;1;2;3;0;1;2;3;4;5;6;7;8;9;0;1;2;0;1;2;0;1;2;0;1;2;0;1;2;0;1;2;3;4;5;0;1;2;0;1;2;0;1;2;3;0;1;2","0;0;0;0;0;0;0;0;0;0;0;0;0;0;0;0;0;0;0;0;0;0;0;0;0;0;0;0;0;0;0;0;0;0;0;0;0;0;0;0;0;0;0;0;0;0;0;0;0;0;0;0;0;0;0;0;0;0","Imported from Hevy"
1970-01-01,imported_hevy,14_apr_2025,_06:51,"14 Apr 2025, 06:51",59,"0;1;2;3;0;1;2;0;1;2;0;1;2;3;0;1;2;3;4;5;6;7;8;9;0;1;2;0;1;2;0;1;2;0;1;2;0;1;2;0;1;2;3;4;5;0;1;2;0;1;2;0;1;2;3;0;1;2;3","0;0;0;0;0;0;0;0;0;0;0;0;0;0;0;0;0;0;0;0;0;0;0;0;0;0;0;0;0;0;0;0;0;0;0;0;0;0;0;0;0;0;0;0;0;0;0;0;0;0;0;0;0;0;0;0;0;0;0","Imported from Hevy"
1970-01-01,imported_hevy,10_apr_2025,_02:42,"10 Apr 2025, 02:42",58,"0;1;2;3;0;1;2;0;1;2;0;1;2;3;0;1;2;3;4;5;6;7;0;1;2;0;1;2;0;1;2;0;1;2;0;1;2;0;1;2;0;1;2;0;1;2;0;1;2;3;0;1;2;3;0;1;2;0","0;0;0;0;0;0;0;0;0;0;0;0;0;0;0;0;0;0;0;0;0;0;0;0;0;0;0;0;0;0;0;0;0;0;0;0;0;0;0;0;0;0;0;0;0;0;0;0;0;0;0;0;0;0;0;0;0;0","Imported from Hevy"
1970-01-01,imported_hevy,18_nov_2025,_06:02,"18 Nov 2025, 06:02",33,"0;1;2;3;4;5;0;1;2;3;4;5;6;0;1;2;0;1;2;0;1;2;3;0;1;2;0;1;2;3;4;5;0","0;0;0;0;0;0;0;0;0;0;0;0;0;0;0;0;0;0;0;0;0;0;0;0;0;0;0;0;0;0;0;0;0","Imported from Hevy"
1970-01-01,imported_hevy,14_nov_2025,_06:06,"14 Nov 2025, 06:06",72,"0;1;2;3;4;5;0;1;2;0;1;2;3;0;1;2;0;1;2;3;4;5;6;7;0;1;2;0;1;2;3;4;5;6;7;0;1;2;0;1;0;1;2;3;4;5;0;1;2;0;1;2;3;4;5;6;7;0;1;2;3;4;5;6;7;0;0;1;2;0;1;2","0;0;0;0;0;0;0;0;0;0;0;0;0;0;0;0;0;0;0;0;0;0;0;0;0;0;0;0;0;0;0;0;0;0;0;0;0;0;0;0;0;0;0;0;0;0;0;0;0;0;0;0;0;0;0;0;0;0;0;0;0;0;0;0;0;0;0;0;0;0;0;0","Imported from Hevy"
1970-01-01,imported_hevy,11_nov_2025,_06:10,"11 Nov 2025, 06:10",52,"0;1;2;3;4;0;1;2;0;1;2;3;0;1;0;1;2;3;0;1;2;0;1;2;0;1;2;0;1;2;3;0;1;2;0;1;2;3;4;5;6;7;0;1;2;3;4;5;6;7;0;1","0;0;0;0;0;0;0;0;0;0;0;0;0;0;0;0;0;0;0;0;0;0;0;0;0;0;0;0;0;0;0;0;0;0;0;0;0;0;0;0;0;0;0;0;0;0;0;0;0;0;0;0","Imported from Hevy"
1970-01-01,imported_hevy,7_nov_2025,_06:07,"7 Nov 2025, 06:07",47,"0;1;2;3;4;5;0;1;2;3;4;0;1;2;0;1;2;0;1;2;3;4;5;0;1;2;0;1;2;3;0;1;2;0;1;2;3;4;5;6;7;0;1;2;3;4;5","0;0;0;0;0;0;0;0;0;0;0;0;0;0;0;0;0;0;0;0;0;0;0;0;0;0;0;0;0;0;0;0;0;0;0;0;0;0;0;0;0;0;0;0;0;0;0","Imported from Hevy"
1970-01-01,imported_hevy,4_nov_2025,_06:02,"4 Nov 2025, 06:02",41,"0;1;2;3;0;1;2;0;1;2;3;4;5;0;1;2;0;1;2;3;4;0;1;2;0;1;2;3;0;1;2;0;1;2;3;4;5;0;1;2;3","0;0;0;0;0;0;0;0;0;0;0;0;0;0;0;0;0;0;0;0;0;0;0;0;0;0;0;0;0;0;0;0;0;0;0;0;0;0;0;0;0","Imported from Hevy"
1970-01-01,imported_hevy,31_oct_2025,_08:03,"31 Oct 2025, 08:03",44,"0;1;2;3;0;1;2;0;1;2;3;4;5;0;1;2;3;0;1;0;1;2;0;1;2;0;1;2;3;0;1;2;0;1;2;3;4;5;6;7;0;1;2;3","0;0;0;0;0;0;0;0;0;0;0;0;0;0;0;0;0;0;0;0;0;0;0;0;0;0;0;0;0;0;0;0;0;0;0;0;0;0;0;0;0;0;0;0","Imported from Hevy"
1970-01-01,imported_hevy,28_oct_2025,_06:05,"28 Oct 2025, 06:05",69,"0;1;2;3;4;5;0;1;2;3;4;0;1;2;0;1;2;3;0;1;2;0;1;2;3;4;5;6;7;0;1;2;0;1;2;3;4;5;6;7;8;0;1;2;0;1;2;0;1;2;0;1;2;0;1;2;3;4;5;6;7;0;1;2;3;0;0;1;2","0;0;0;0;0;0;0;0;0;0;0;0;0;0;0;0;0;0;0;0;0;0;0;0;0;0;0;0;0;0;0;0;0;0;0;0;0;0;0;0;0;0;0;0;0;0;0;0;0;0;0;0;0;0;0;0;0;0;0;0;0;0;0;0;0;0;0;0;0","Imported from Hevy"
1970-01-01,imported_hevy,24_oct_2025,_05:33,"24 Oct 2025, 05:33",48,"0;1;2;3;4;0;1;2;0;1;2;0;1;2;0;1;2;3;4;5;0;1;2;0;1;2;0;1;2;0;1;2;0;1;2;3;4;5;6;7;8;9;0;0;1;2;0;1","0;0;0;0;0;0;0;0;0;0;0;0;0;0;0;0;0;0;0;0;0;0;0;0;0;0;0;0;0;0;0;0;0;0;0;0;0;0;0;0;0;0;0;0;0;0;0;0","Imported from Hevy"
1970-01-01,imported_hevy,21_oct_2025,_06:07,"21 Oct 2025, 06:07",66,"0;1;2;3;4;5;6;7;0;1;2;3;0;1;2;0;1;2;3;0;1;2;3;0;1;2;3;4;5;6;7;0;1;2;3;0;1;2;0;1;2;0;1;2;0;1;2;3;0;1;2;0;1;2;0;1;2;3;4;5;6;7;0;1;2;3","0;0;0;0;0;0;0;0;0;0;0;0;0;0;0;0;0;0;0;0;0;0;0;0;0;0;0;0;0;0;0;0;0;0;0;0;0;0;0;0;0;0;0;0;0;0;0;0;0;0;0;0;0;0;0;0;0;0;0;0;0;0;0;0;0;0","Imported from Hevy"
1970-01-01,imported_hevy,17_oct_2025,_06:04,"17 Oct 2025, 06:04",58,"0;1;2;3;4;5;6;7;0;1;2;3;0;1;2;0;1;2;3;0;1;2;3;4;0;1;2;0;1;2;3;4;5;6;7;0;1;2;3;0;0;1;2;0;1;2;0;1;2;3;4;5;6;7;0;1;2;3","0;0;0;0;0;0;0;0;0;0;0;0;0;0;0;0;0;0;0;0;0;0;0;0;0;0;0;0;0;0;0;0;0;0;0;0;0;0;0;0;0;0;0;0;0;0;0;0;0;0;0;0;0;0;0;0;0;0","Imported from Hevy"
1970-01-01,imported_hevy,14_oct_2025,_06:04,"14 Oct 2025, 06:04",69,"0;1;2;3;4;5;6;7;0;1;2;3;0;1;2;0;1;2;3;0;1;2;3;4;5;0;1;2;0;1;2;3;4;5;6;7;0;1;2;0;1;2;0;1;2;0;1;2;0;1;2;3;4;5;6;7;0;1;2;3;4;5;0;1;2;3;0;1;2","0;0;0;0;0;0;0;0;0;0;0;0;0;0;0;0;0;0;0;0;0;0;0;0;0;0;0;0;0;0;0;0;0;0;0;0;0;0;0;0;0;0;0;0;0;0;0;0;0;0;0;0;0;0;0;0;0;0;0;0;0;0;0;0;0;0;0;0;0","Imported from Hevy"
1970-01-01,imported_hevy,10_oct_2025,_06:03,"10 Oct 2025, 06:03",52,"0;1;0;1;2;3;0;1;2;3;0;1;2;3;0;1;2;3;0;1;2;3;0;1;2;3;0;1;2;0;1;2;0;1;2;0;1;2;0;1;2;3;4;5;6;7;0;1;2;0;1;2","0;0;0;0;0;0;0;0;0;0;0;0;0;0;0;0;0;0;0;0;0;0;0;0;0;0;0;0;0;0;0;0;0;0;0;0;0;0;0;0;0;0;0;0;0;0;0;0;0;0;0;0","Imported from Hevy"
1970-01-01,imported_hevy,7_oct_2025,_06:05,"7 Oct 2025, 06:05",48,"0;1;2;3;0;1;2;3;0;1;2;3;0;1;2;0;1;2;3;0;1;2;3;0;1;2;0;1;2;3;0;1;2;0;1;2;3;0;1;2;3;4;5;6;7;0;1;2","0;0;0;0;0;0;0;0;0;0;0;0;0;0;0;0;0;0;0;0;0;0;0;0;0;0;0;0;0;0;0;0;0;0;0;0;0;0;0;0;0;0;0;0;0;0;0;0","Imported from Hevy"
1970-01-01,imported_hevy,3_oct_2025,_05:48,"3 Oct 2025, 05:48",48,"0;1;2;3;0;1;2;3;4;0;1;2;3;0;1;2;3;0;1;2;3;4;5;0;1;2;3;0;1;2;3;0;1;2;0;1;2;3;0;1;2;3;4;5;6;7;0;1","0;0;0;0;0;0;0;0;0;0;0;0;0;0;0;0;0;0;0;0;0;0;0;0;0;0;0;0;0;0;0;0;0;0;0;0;0;0;0;0;0;0;0;0;0;0;0;0","Imported from Hevy"
1970-01-01,imported_hevy,30_sep_2025,_06:05,"30 Sep 2025, 06:05",53,"0;1;2;3;0;1;2;0;1;2;3;0;1;2;3;0;1;2;3;0;1;2;0;1;2;0;1;2;0;1;0;1;2;3;0;1;2;0;1;2;3;4;5;0;1;2;3;0;1;0;1;2;3","0;0;0;0;0;0;0;0;0;0;0;0;0;0;0;0;0;0;0;0;0;0;0;0;0;0;0;0;0;0;0;0;0;0;0;0;0;0;0;0;0;0;0;0;0;0;0;0;0;0;0;0;0","Imported from Hevy"
1970-01-01,imported_hevy,26_sep_2025,_06:05,"26 Sep 2025, 06:05",34,"0;1;2;3;4;0;1;2;0;1;2;3;0;1;2;0;1;2;0;1;2;3;0;1;2;0;1;2;3;4;0;1;2;3","0;0;0;0;0;0;0;0;0;0;0;0;0;0;0;0;0;0;0;0;0;0;0;0;0;0;0;0;0;0;0;0;0;0","Imported from Hevy"
1970-01-01,imported_hevy,23_sep_2025,_06:03,"23 Sep 2025, 06:03",39,"0;1;2;3;4;0;1;2;0;1;2;3;0;1;2;0;1;2;0;1;2;0;1;2;0;1;2;0;1;2;3;4;5;0;1;0;1;2;3","0;0;0;0;0;0;0;0;0;0;0;0;0;0;0;0;0;0;0;0;0;0;0;0;0;0;0;0;0;0;0;0;0;0;0;0;0;0;0","Imported from Hevy"
1970-01-01,imported_hevy,21_sep_2025,_08:05,"21 Sep 2025, 08:05",31,"0;1;2;3;4;0;1;2;0;1;2;3;0;0;1;2;0;1;2;3;4;5;0;1;0;1;2;3;4;5;6","0;0;0;0;0;0;0;0;0;0;0;0;0;0;0;0;0;0;0;0;0;0;0;0;0;0;0;0;0;0;0","Imported from Hevy"
1970-01-01,imported_hevy,16_sep_2025,_05:59,"16 Sep 2025, 05:59",56,"0;1;2;3;4;0;1;2;0;1;2;3;0;1;0;1;2;3;0;1;2;3;0;1;2;3;0;1;2;0;1;2;0;1;2;0;0;1;0;1;2;0;1;2;3;0;1;2;3;4;5;6;7;0;1;2","0;0;0;0;0;0;0;0;0;0;0;0;0;0;0;0;0;0;0;0;0;0;0;0;0;0;0;0;0;0;0;0;0;0;0;0;0;0;0;0;0;0;0;0;0;0;0;0;0;0;0;0;0;0;0;0","Imported from Hevy"
1970-01-01,imported_hevy,12_sep_2025,_06:08,"12 Sep 2025, 06:08",46,"0;1;2;3;4;0;1;2;0;1;2;3;4;5;0;1;2;0;1;2;3;4;0;1;2;0;1;0;1;2;3;0;1;2;0;1;2;3;4;5;0;1;0;1;2;3","0;0;0;0;0;0;0;0;0;0;0;0;0;0;0;0;0;0;0;0;0;0;0;0;0;0;0;0;0;0;0;0;0;0;0;0;0;0;0;0;0;0;0;0;0;0","Imported from Hevy"
1970-01-01,imported_hevy,9_sep_2025,_06:07,"9 Sep 2025, 06:07",58,"0;1;2;3;4;0;1;2;0;1;2;0;1;2;3;0;1;2;3;4;0;1;2;3;0;1;2;0;1;2;0;1;2;0;1;2;0;1;2;3;4;5;0;1;2;3;0;1;2;0;1;2;3;4;5;0;1;2","0;0;0;0;0;0;0;0;0;0;0;0;0;0;0;0;0;0;0;0;0;0;0;0;0;0;0;0;0;0;0;0;0;0;0;0;0;0;0;0;0;0;0;0;0;0;0;0;0;0;0;0;0;0;0;0;0;0","Imported from Hevy"
1970-01-01,imported_hevy,5_sep_2025,_06:04,"5 Sep 2025, 06:04",43,"0;1;2;3;0;1;2;3;0;1;2;0;1;2;3;0;1;2;3;0;1;2;0;1;2;0;1;2;3;0;1;2;3;4;5;0;0;1;2;0;1;2;3","0;0;0;0;0;0;0;0;0;0;0;0;0;0;0;0;0;0;0;0;0;0;0;0;0;0;0;0;0;0;0;0;0;0;0;0;0;0;0;0;0;0;0","Imported from Hevy"
1970-01-01,imported_hevy,2_sep_2025,_06:04,"2 Sep 2025, 06:04",60,"0;1;2;3;0;1;2;3;0;1;2;0;1;0;1;2;3;4;5;0;1;2;0;1;2;0;1;2;0;1;2;3;4;5;0;1;2;3;0;0;1;2;0;1;2;0;1;2;0;1;2;3;4;5;0;1;2;0;1;2","0;0;0;0;0;0;0;0;0;0;0;0;0;0;0;0;0;0;0;0;0;0;0;0;0;0;0;0;0;0;0;0;0;0;0;0;0;0;0;0;0;0;0;0;0;0;0;0;0;0;0;0;0;0;0;0;0;0;0;0","Imported from Hevy"
1970-01-01,imported_hevy,29_aug_2025,_06:08,"29 Aug 2025, 06:08",58,"0;1;2;3;0;1;2;3;4;0;1;2;3;0;1;2;3;4;5;0;1;2;3;0;1;2;3;0;1;2;3;4;0;1;2;3;4;5;0;1;0;1;0;1;2;3;0;1;2;0;1;2;3;4;5;0;1;2","0;0;0;0;0;0;0;0;0;0;0;0;0;0;0;0;0;0;0;0;0;0;0;0;0;0;0;0;0;0;0;0;0;0;0;0;0;0;0;0;0;0;0;0;0;0;0;0;0;0;0;0;0;0;0;0;0;0","Imported from Hevy"
1970-01-01,imported_hevy,26_aug_2025,_06:06,"26 Aug 2025, 06:06",64,"0;1;2;3;0;1;2;3;4;5;6;7;0;1;2;3;0;1;2;3;0;1;2;3;4;5;0;1;2;3;0;1;2;3;4;5;6;7;0;1;0;1;2;3;0;1;2;3;0;1;2;0;1;2;3;0;1;0;1;2;3;4;5;6","0;0;0;0;0;0;0;0;0;0;0;0;0;0;0;0;0;0;0;0;0;0;0;0;0;0;0;0;0;0;0;0;0;0;0;0;0;0;0;0;0;0;0;0;0;0;0;0;0;0;0;0;0;0;0;0;0;0;0;0;0;0;0;0","Imported from Hevy"
1970-01-01,imported_hevy,22_aug_2025,_06:07,"22 Aug 2025, 06:07",61,"0;1;2;3;0;1;2;3;4;5;6;7;8;9;0;1;2;3;0;1;2;3;0;1;2;3;4;5;0;1;2;3;0;1;2;3;0;1;2;3;0;1;2;3;0;1;2;3;4;5;6;7;0;1;2;0;1;2;3;4;5","0;0;0;0;0;0;0;0;0;0;0;0;0;0;0;0;0;0;0;0;0;0;0;0;0;0;0;0;0;0;0;0;0;0;0;0;0;0;0;0;0;0;0;0;0;0;0;0;0;0;0;0;0;0;0;0;0;0;0;0;0","Imported from Hevy"
1970-01-01,imported_hevy,19_aug_2025,_06:07,"19 Aug 2025, 06:07",66,"0;1;2;3;4;0;1;2;3;4;5;0;1;2;3;0;1;2;3;4;5;6;7;0;1;2;3;0;1;2;3;4;0;1;2;3;0;1;0;1;2;3;0;1;2;3;0;1;2;0;1;2;0;1;2;3;4;5;6;7;0;1;0;1;0;1","0;0;0;0;0;0;0;0;0;0;0;0;0;0;0;0;0;0;0;0;0;0;0;0;0;0;0;0;0;0;0;0;0;0;0;0;0;0;0;0;0;0;0;0;0;0;0;0;0;0;0;0;0;0;0;0;0;0;0;0;0;0;0;0;0;0","Imported from Hevy"
1970-01-01,imported_hevy,15_aug_2025,_08:09,"15 Aug 2025, 08:09",64,"0;1;2;3;4;0;1;2;3;0;1;2;0;1;2;3;4;5;6;7;0;1;2;3;0;1;2;3;0;1;2;3;0;1;2;3;0;1;2;3;0;1;2;3;4;0;1;2;0;1;2;3;4;5;6;7;8;9;10;11;0;1;2;3","0;0;0;0;0;0;0;0;0;0;0;0;0;0;0;0;0;0;0;0;0;0;0;0;0;0;0;0;0;0;0;0;0;0;0;0;0;0;0;0;0;0;0;0;0;0;0;0;0;0;0;0;0;0;0;0;0;0;0;0;0;0;0;0","Imported from Hevy"
1970-01-01,imported_hevy,12_aug_2025,_06:05,"12 Aug 2025, 06:05",49,"0;1;2;3;0;1;2;3;4;5;6;7;0;1;2;3;0;1;2;3;4;5;6;7;0;1;2;3;0;1;2;3;0;1;2;0;1;2;3;0;1;2;3;4;5;6;7;0;1","0;0;0;0;0;0;0;0;0;0;0;0;0;0;0;0;0;0;0;0;0;0;0;0;0;0;0;0;0;0;0;0;0;0;0;0;0;0;0;0;0;0;0;0;0;0;0;0;0","Imported from Hevy"
1970-01-01,imported_hevy,8_aug_2025,_06:11,"8 Aug 2025, 06:11",60,"0;1;2;3;4;5;0;1;2;3;4;5;6;7;0;1;2;3;0;1;2;3;4;0;1;2;3;4;0;1;2;3;0;1;2;3;0;1;2;0;1;2;3;4;5;6;7;0;1;2;0;1;2;0;1;2;3;0;1;0","0;0;0;0;0;0;0;0;0;0;0;0;0;0;0;0;0;0;0;0;0;0;0;0;0;0;0;0;0;0;0;0;0;0;0;0;0;0;0;0;0;0;0;0;0;0;0;0;0;0;0;0;0;0;0;0;0;0;0;0","Imported from Hevy"
1970-01-01,imported_hevy,5_aug_2025,_06:12,"5 Aug 2025, 06:12",64,"0;1;2;3;4;0;1;2;3;4;0;1;2;0;1;2;3;4;0;1;2;3;4;5;6;7;0;1;2;3;0;1;2;3;4;0;1;2;3;4;0;1;2;3;4;0;1;2;3;0;1;2;3;4;5;6;7;0;1;2;0;1;2;3","0;0;0;0;0;0;0;0;0;0;0;0;0;0;0;0;0;0;0;0;0;0;0;0;0;0;0;0;0;0;0;0;0;0;0;0;0;0;0;0;0;0;0;0;0;0;0;0;0;0;0;0;0;0;0;0;0;0;0;0;0;0;0;0","Imported from Hevy"
1970-01-01,imported_hevy,1_aug_2025,_06:08,"1 Aug 2025, 06:08",67,"0;1;2;3;4;0;1;2;3;4;0;1;2;0;1;2;3;4;5;6;7;0;1;2;3;4;0;1;2;3;0;1;2;3;0;1;2;3;0;1;2;0;1;2;0;1;2;3;4;5;6;7;0;1;2;0;1;2;3;0;1;2;3;0;1;2;0","0;0;0;0;0;0;0;0;0;0;0;0;0;0;0;0;0;0;0;0;0;0;0;0;0;0;0;0;0;0;0;0;0;0;0;0;0;0;0;0;0;0;0;0;0;0;0;0;0;0;0;0;0;0;0;0;0;0;0;0;0;0;0;0;0;0;0","Imported from Hevy"
1970-01-01,imported_hevy,29_jul_2025,_06:12,"29 Jul 2025, 06:12",78,"0;1;2;3;4;0;1;2;3;4;0;1;2;0;1;2;3;4;5;6;7;0;1;2;3;0;1;2;3;0;1;2;3;0;1;2;3;0;1;2;3;0;1;2;0;1;2;3;0;1;2;0;1;2;3;4;5;6;7;0;1;2;0;1;2;3;0;1;2;3;0;1;2;3;0;1;2;0","0;0;0;0;0;0;0;0;0;0;0;0;0;0;0;0;0;0;0;0;0;0;0;0;0;0;0;0;0;0;0;0;0;0;0;0;0;0;0;0;0;0;0;0;0;0;0;0;0;0;0;0;0;0;0;0;0;0;0;0;0;0;0;0;0;0;0;0;0;0;0;0;0;0;0;0;0;0","Imported from Hevy"
1970-01-01,imported_hevy,25_jul_2025,_06:08,"25 Jul 2025, 06:08",66,"0;1;2;3;4;0;1;2;3;4;0;1;2;0;1;2;3;0;1;2;3;4;0;1;0;1;2;3;4;5;6;7;0;1;2;3;0;1;2;3;0;1;2;0;1;2;3;0;1;2;3;0;1;2;3;4;5;6;0;1;2;3;0;1;2;3","0;0;0;0;0;0;0;0;0;0;0;0;0;0;0;0;0;0;0;0;0;0;0;0;0;0;0;0;0;0;0;0;0;0;0;0;0;0;0;0;0;0;0;0;0;0;0;0;0;0;0;0;0;0;0;0;0;0;0;0;0;0;0;0;0;0","Imported from Hevy"
1970-01-01,imported_hevy,22_jul_2025,_06:08,"22 Jul 2025, 06:08",64,"0;1;2;3;4;0;1;2;3;4;0;1;2;3;0;1;2;3;0;1;2;0;1;2;3;0;1;2;3;0;1;2;3;0;1;2;3;0;1;0;1;2;3;4;5;6;7;0;1;2;3;0;1;2;3;0;1;2;3;0;1;2;3;0","0;0;0;0;0;0;0;0;0;0;0;0;0;0;0;0;0;0;0;0;0;0;0;0;0;0;0;0;0;0;0;0;0;0;0;0;0;0;0;0;0;0;0;0;0;0;0;0;0;0;0;0;0;0;0;0;0;0;0;0;0;0;0;0","Imported from Hevy"
1970-01-01,imported_hevy,15_jul_2025,_06:14,"15 Jul 2025, 06:14",72,"0;1;2;3;4;5;0;1;2;3;4;0;1;2;3;0;1;2;3;0;1;2;3;4;0;1;2;3;4;5;6;7;0;1;2;0;1;2;0;1;2;3;0;1;2;3;0;1;2;3;0;1;2;3;4;5;6;7;0;1;2;3;0;1;2;3;0;1;2;3;4;5","0;0;0;0;0;0;0;0;0;0;0;0;0;0;0;0;0;0;0;0;0;0;0;0;0;0;0;0;0;0;0;0;0;0;0;0;0;0;0;0;0;0;0;0;0;0;0;0;0;0;0;0;0;0;0;0;0;0;0;0;0;0;0;0;0;0;0;0;0;0;0;0","Imported from Hevy"
1970-01-01,imported_hevy,11_jul_2025,_04:28,"11 Jul 2025, 04:28",69,"0;1;2;3;4;0;1;2;3;4;0;1;2;3;0;1;2;3;0;1;2;3;4;0;1;2;3;4;0;1;2;3;4;5;6;7;0;1;2;0;1;2;0;1;2;3;0;1;0;1;2;3;4;5;0;1;2;3;4;5;6;7;0;1;2;0;1;2;0","0;0;0;0;0;0;0;0;0;0;0;0;0;0;0;0;0;0;0;0;0;0;0;0;0;0;0;0;0;0;0;0;0;0;0;0;0;0;0;0;0;0;0;0;0;0;0;0;0;0;0;0;0;0;0;0;0;0;0;0;0;0;0;0;0;0;0;0;0","Imported from Hevy"
1970-01-01,imported_hevy,8_jul_2025,_05:53,"8 Jul 2025, 05:53",72,"0;1;2;3;4;0;1;2;0;1;2;3;0;1;2;3;4;0;1;2;3;0;1;2;0;1;2;0;1;2;0;1;2;0;1;2;3;0;1;2;3;0;1;2;3;4;5;0;1;2;3;4;5;6;7;0;1;2;3;4;5;6;7;0;1;2;3;0;1;0;1;2","0;0;0;0;0;0;0;0;0;0;0;0;0;0;0;0;0;0;0;0;0;0;0;0;0;0;0;0;0;0;0;0;0;0;0;0;0;0;0;0;0;0;0;0;0;0;0;0;0;0;0;0;0;0;0;0;0;0;0;0;0;0;0;0;0;0;0;0;0;0;0;0","Imported from Hevy"
1970-01-01,imported_hevy,4_jul_2025,_06:08,"4 Jul 2025, 06:08",63,"0;1;2;3;4;0;1;2;3;0;1;2;3;4;0;1;2;0;1;2;0;1;2;0;1;2;3;0;0;1;2;3;0;1;2;3;0;1;2;3;0;1;2;3;0;1;2;3;0;1;2;3;4;5;6;7;0;1;2;3;0;1;2","0;0;0;0;0;0;0;0;0;0;0;0;0;0;0;0;0;0;0;0;0;0;0;0;0;0;0;0;0;0;0;0;0;0;0;0;0;0;0;0;0;0;0;0;0;0;0;0;0;0;0;0;0;0;0;0;0;0;0;0;0;0;0","Imported from Hevy"
1970-01-01,imported_hevy,1_jul_2025,_02:49,"1 Jul 2025, 02:49",79,"0;1;2;3;0;1;2;3;4;0;1;2;3;4;5;0;1;2;3;0;1;2;3;0;1;2;3;4;0;1;2;3;0;1;2;3;0;1;2;0;1;2;3;0;1;2;3;0;1;2;3;0;1;2;3;0;1;2;3;0;1;2;3;4;5;0;1;0;1;2;3;0;1;2;3;0;1;2;3","0;0;0;0;0;0;0;0;0;0;0;0;0;0;0;0;0;0;0;0;0;0;0;0;0;0;0;0;0;0;0;0;0;0;0;0;0;0;0;0;0;0;0;0;0;0;0;0;0;0;0;0;0;0;0;0;0;0;0;0;0;0;0;0;0;0;0;0;0;0;0;0;0;0;0;0;0;0;0","Imported from Hevy"
1970-01-01,imported_hevy,27_jun_2025,_03:10,"27 Jun 2025, 03:10",59,"0;1;2;3;0;1;2;3;4;5;6;7;0;1;2;3;4;0;1;2;3;0;1;2;3;0;1;2;0;1;2;3;0;1;2;0;1;2;3;4;5;0;0;1;2;0;1;2;3;0;1;2;3;0;1;0;1;2;3","0;0;0;0;0;0;0;0;0;0;0;0;0;0;0;0;0;0;0;0;0;0;0;0;0;0;0;0;0;0;0;0;0;0;0;0;0;0;0;0;0;0;0;0;0;0;0;0;0;0;0;0;0;0;0;0;0;0;0","Imported from Hevy"
1970-01-01,imported_hevy,24_jun_2025,_03:07,"24 Jun 2025, 03:07",70,"0;1;2;3;4;0;1;2;3;4;0;1;2;3;0;1;2;3;4;5;6;7;0;1;2;3;4;0;1;2;0;1;2;3;0;1;2;3;4;0;1;0;1;0;1;2;0;1;2;3;0;1;2;3;0;1;2;3;4;5;0;1;0;1;2;3;0;1;2;3","0;0;0;0;0;0;0;0;0;0;0;0;0;0;0;0;0;0;0;0;0;0;0;0;0;0;0;0;0;0;0;0;0;0;0;0;0;0;0;0;0;0;0;0;0;0;0;0;0;0;0;0;0;0;0;0;0;0;0;0;0;0;0;0;0;0;0;0;0;0","Imported from Hevy"
1970-01-01,imported_hevy,17_jun_2025,_02:21,"17 Jun 2025, 02:21",71,"0;1;2;3;0;1;2;3;0;1;2;0;1;2;3;0;1;2;3;4;0;1;2;3;0;1;2;3;0;1;2;3;0;1;2;3;4;0;1;2;0;1;2;3;0;1;2;3;4;5;0;1;0;1;2;3;0;1;2;0;1;2;3;0;1;2;3;0;1;2;3","0;0;0;0;0;0;0;0;0;0;0;0;0;0;0;0;0;0;0;0;0;0;0;0;0;0;0;0;0;0;0;0;0;0;0;0;0;0;0;0;0;0;0;0;0;0;0;0;0;0;0;0;0;0;0;0;0;0;0;0;0;0;0;0;0;0;0;0;0;0;0","Imported from Hevy"
1970-01-01,imported_hevy,13_jun_2025,_02:17,"13 Jun 2025, 02:17",42,"0;1;2;3;4;5;0;1;2;3;0;1;2;3;4;5;0;1;2;3;0;1;2;0;1;0;1;2;0;1;2;3;0;1;2;0;1;2;3;4;5;6","0;0;0;0;0;0;0;0;0;0;0;0;0;0;0;0;0;0;0;0;0;0;0;0;0;0;0;0;0;0;0;0;0;0;0;0;0;0;0;0;0;0","Imported from Hevy"
1970-01-01,imported_hevy,10_jun_2025,_02:34,"10 Jun 2025, 02:34",78,"0;1;2;3;4;0;1;2;3;4;0;1;2;0;1;2;0;1;2;3;0;1;2;3;0;1;2;0;1;2;0;1;2;3;4;5;0;1;2;3;4;0;1;2;3;0;1;2;3;0;1;2;3;4;5;6;0;1;0;1;2;3;0;1;2;3;0;1;2;3;0;1;2;3;0;1;2;3","0;0;0;0;0;0;0;0;0;0;0;0;0;0;0;0;0;0;0;0;0;0;0;0;0;0;0;0;0;0;0;0;0;0;0;0;0;0;0;0;0;0;0;0;0;0;0;0;0;0;0;0;0;0;0;0;0;0;0;0;0;0;0;0;0;0;0;0;0;0;0;0;0;0;0;0;0;0","Imported from Hevy"
1970-01-01,imported_hevy,6_jun_2025,_02:10,"6 Jun 2025, 02:10",83,"0;1;2;3;4;0;1;2;3;4;5;6;0;1;2;0;1;2;0;1;2;3;0;1;2;0;1;2;3;0;1;2;0;1;2;3;0;1;2;3;4;5;0;1;2;3;4;0;1;2;0;1;2;3;0;1;2;3;4;5;0;1;0;1;2;0;1;2;3;0;1;2;0;0;1;2;3;4;5;0;1;2;3","0;0;0;0;0;0;0;0;0;0;0;0;0;0;0;0;0;0;0;0;0;0;0;0;0;0;0;0;0;0;0;0;0;0;0;0;0;0;0;0;0;0;0;0;0;0;0;0;0;0;0;0;0;0;0;0;0;0;0;0;0;0;0;0;0;0;0;0;0;0;0;0;0;0;0;0;0;0;0;0;0;0;0","Imported from Hevy"
1970-01-01,imported_hevy,3_jun_2025,_05:02,"3 Jun 2025, 05:02",84,"0;1;2;3;4;0;1;2;3;4;5;6;0;1;2;0;1;2;3;0;1;2;0;1;2;0;1;2;3;0;1;2;3;4;0;1;2;3;4;5;6;7;0;1;2;3;0;1;2;3;0;1;2;0;1;2;0;1;0;1;2;3;0;1;2;0;1;2;3;0;1;2;0;1;2;3;0;1;2;0;1;2;3;4","0;0;0;0;0;0;0;0;0;0;0;0;0;0;0;0;0;0;0;0;0;0;0;0;0;0;0;0;0;0;0;0;0;0;0;0;0;0;0;0;0;0;0;0;0;0;0;0;0;0;0;0;0;0;0;0;0;0;0;0;0;0;0;0;0;0;0;0;0;0;0;0;0;0;0;0;0;0;0;0;0;0;0;0","Imported from Hevy"
1970-01-01,imported_hevy,30_may_2025,_03:33,"30 May 2025, 03:33",81,"0;1;2;3;4;0;1;2;3;4;5;6;7;0;1;2;0;1;2;3;0;1;2;0;1;2;0;1;2;3;0;1;2;3;4;0;1;2;3;4;5;0;1;2;3;0;1;2;3;0;1;2;0;1;2;0;1;0;1;2;0;1;2;0;1;2;0;1;2;0;1;2;3;0;0;1;2;3;0;1;2","0;0;0;0;0;0;0;0;0;0;0;0;0;0;0;0;0;0;0;0;0;0;0;0;0;0;0;0;0;0;0;0;0;0;0;0;0;0;0;0;0;0;0;0;0;0;0;0;0;0;0;0;0;0;0;0;0;0;0;0;0;0;0;0;0;0;0;0;0;0;0;0;0;0;0;0;0;0;0;0;0","Imported from Hevy"
1970-01-01,imported_hevy,27_may_2025,_06:55,"27 May 2025, 06:55",65,"0;1;2;3;4;0;1;2;3;4;0;1;2;0;1;2;3;0;1;2;0;1;2;0;1;2;3;4;0;1;2;0;1;2;0;1;2;3;0;1;2;0;1;2;3;0;1;2;0;1;2;3;4;5;6;0;1;2;0;1;2;0;1;2;3","0;0;0;0;0;0;0;0;0;0;0;0;0;0;0;0;0;0;0;0;0;0;0;0;0;0;0;0;0;0;0;0;0;0;0;0;0;0;0;0;0;0;0;0;0;0;0;0;0;0;0;0;0;0;0;0;0;0;0;0;0;0;0;0;0","Imported from Hevy"
1970-01-01,imported_hevy,23_may_2025,_06:54,"23 May 2025, 06:54",63,"0;1;2;3;4;0;1;2;3;0;1;2;3;0;1;2;3;0;1;2;0;1;2;0;1;2;3;4;0;1;2;0;1;2;0;1;2;0;1;2;0;1;2;0;1;2;3;4;5;0;1;2;0;1;2;0;1;2;3;4;0;1;2","0;0;0;0;0;0;0;0;0;0;0;0;0;0;0;0;0;0;0;0;0;0;0;0;0;0;0;0;0;0;0;0;0;0;0;0;0;0;0;0;0;0;0;0;0;0;0;0;0;0;0;0;0;0;0;0;0;0;0;0;0;0;0","Imported from Hevy"
1970-01-01,imported_hevy,20_may_2025,_02:36,"20 May 2025, 02:36",75,"0;1;2;3;4;0;1;2;3;0;1;2;0;1;2;3;4;5;0;1;2;0;1;2;3;0;1;2;3;0;1;2;3;4;0;1;2;0;1;2;0;1;2;3;0;1;2;0;1;2;0;1;2;0;1;2;0;1;0;1;0;1;2;0;1;2;3;4;5;0;1;2;0;1;2","0;0;0;0;0;0;0;0;0;0;0;0;0;0;0;0;0;0;0;0;0;0;0;0;0;0;0;0;0;0;0;0;0;0;0;0;0;0;0;0;0;0;0;0;0;0;0;0;0;0;0;0;0;0;0;0;0;0;0;0;0;0;0;0;0;0;0;0;0;0;0;0;0;0;0","Imported from Hevy"
1970-01-01,imported_hevy,16_may_2025,_02:51,"16 May 2025, 02:51",61,"0;1;2;3;4;0;1;2;3;4;5;0;1;2;0;1;2;3;4;5;0;1;2;0;1;2;3;0;1;2;3;0;1;2;3;0;1;2;0;1;2;0;1;2;0;1;2;0;1;2;0;1;0;1;2;0;1;2;3;4;5","0;0;0;0;0;0;0;0;0;0;0;0;0;0;0;0;0;0;0;0;0;0;0;0;0;0;0;0;0;0;0;0;0;0;0;0;0;0;0;0;0;0;0;0;0;0;0;0;0;0;0;0;0;0;0;0;0;0;0;0;0","Imported from Hevy"
1970-01-01,imported_hevy,13_may_2025,_04:36,"13 May 2025, 04:36",74,"0;1;2;3;4;0;1;2;3;0;1;2;0;1;2;3;4;5;0;1;2;0;1;2;3;0;1;2;3;0;1;2;3;0;1;2;0;1;2;0;1;2;3;0;1;2;0;1;2;0;1;0;1;2;3;0;1;0;1;0;1;2;0;1;2;3;4;5;0;1;2;0;1;2","0;0;0;0;0;0;0;0;0;0;0;0;0;0;0;0;0;0;0;0;0;0;0;0;0;0;0;0;0;0;0;0;0;0;0;0;0;0;0;0;0;0;0;0;0;0;0;0;0;0;0;0;0;0;0;0;0;0;0;0;0;0;0;0;0;0;0;0;0;0;0;0;0;0","Imported from Hevy"
1970-01-01,imported_hevy,9_may_2025,_02:40,"9 May 2025, 02:40",66,"0;1;2;3;4;0;1;2;3;0;1;2;0;1;2;0;1;2;3;0;1;2;0;1;2;0;1;2;0;1;2;0;1;2;0;1;2;0;1;0;1;2;0;1;2;0;1;2;3;4;5;0;1;2;3;4;0;1;2;3;0;1;2;0;1;2","0;0;0;0;0;0;0;0;0;0;0;0;0;0;0;0;0;0;0;0;0;0;0;0;0;0;0;0;0;0;0;0;0;0;0;0;0;0;0;0;0;0;0;0;0;0;0;0;0;0;0;0;0;0;0;0;0;0;0;0;0;0;0;0;0;0","Imported from Hevy"
1970-01-01,imported_hevy,6_may_2025,_02:42,"6 May 2025, 02:42",48,"0;1;2;3;4;0;1;2;3;0;1;2;0;1;2;3;0;1;2;3;0;1;2;0;1;2;0;1;2;0;1;2;0;1;2;0;1;2;0;1;2;0;1;2;3;0;1;2","0;0;0;0;0;0;0;0;0;0;0;0;0;0;0;0;0;0;0;0;0;0;0;0;0;0;0;0;0;0;0;0;0;0;0;0;0;0;0;0;0;0;0;0;0;0;0;0","Imported from Hevy"
1970-01-01,imported_hevy,3_may_2025,_02:53,"3 May 2025, 02:53",75,"0;1;2;3;4;0;1;2;3;4;0;1;2;3;0;1;2;3;4;5;0;1;2;3;0;1;2;3;0;1;2;3;0;1;2;3;0;1;2;3;0;1;2;0;1;2;0;1;2;0;1;2;3;0;1;2;3;4;5;0;1;2;0;1;2;3;0;1;2;0;1;2;0;1;2","0;0;0;0;0;0;0;0;0;0;0;0;0;0;0;0;0;0;0;0;0;0;0;0;0;0;0;0;0;0;0;0;0;0;0;0;0;0;0;0;0;0;0;0;0;0;0;0;0;0;0;0;0;0;0;0;0;0;0;0;0;0;0;0;0;0;0;0;0;0;0;0;0;0;0","Imported from Hevy"
1970-01-01,imported_hevy,29_apr_2025,_02:48,"29 Apr 2025, 02:48",62,"0;1;2;3;4;0;1;2;3;4;0;1;2;3;0;1;2;3;0;1;2;3;0;1;2;3;0;1;2;0;1;2;0;1;2;0;1;0;1;2;0;1;2;0;1;2;3;4;5;0;1;2;0;0;1;2;3;0;1;0;1;2","0;0;0;0;0;0;0;0;0;0;0;0;0;0;0;0;0;0;0;0;0;0;0;0;0;0;0;0;0;0;0;0;0;0;0;0;0;0;0;0;0;0;0;0;0;0;0;0;0;0;0;0;0;0;0;0;0;0;0;0;0;0","Imported from Hevy"
1970-01-01,imported_hevy,25_apr_2025,_02:12,"25 Apr 2025, 02:12",82,"0;1;2;3;4;0;1;2;3;0;1;2;3;4;5;0;1;2;3;0;1;2;0;1;2;3;0;1;2;0;1;2;3;0;1;2;3;0;1;2;0;1;2;0;1;2;3;0;1;2;3;0;1;2;0;1;2;0;1;2;0;1;2;3;4;5;0;1;0;1;2;3;0;1;2;0;1;2;0;1;2;3","0;0;0;0;0;0;0;0;0;0;0;0;0;0;0;0;0;0;0;0;0;0;0;0;0;0;0;0;0;0;0;0;0;0;0;0;0;0;0;0;0;0;0;0;0;0;0;0;0;0;0;0;0;0;0;0;0;0;0;0;0;0;0;0;0;0;0;0;0;0;0;0;0;0;0;0;0;0;0;0;0;0","Imported from Hevy"
1970-01-01,imported_hevy,22_apr_2025,_02:26,"22 Apr 2025, 02:26",80,"0;1;2;3;4;0;1;2;3;0;1;2;0;1;2;3;4;5;0;1;2;3;0;1;2;0;1;2;3;4;5;0;1;2;0;1;2;0;1;2;0;1;2;0;1;2;3;4;5;0;1;2;0;1;2;0;1;2;0;1;2;0;1;2;3;4;5;0;1;2;3;0;1;2;0;1;2;0;1;2","0;0;0;0;0;0;0;0;0;0;0;0;0;0;0;0;0;0;0;0;0;0;0;0;0;0;0;0;0;0;0;0;0;0;0;0;0;0;0;0;0;0;0;0;0;0;0;0;0;0;0;0;0;0;0;0;0;0;0;0;0;0;0;0;0;0;0;0;0;0;0;0;0;0;0;0;0;0;0;0","Imported from Hevy"
1970-01-01,imported_hevy,17_apr_2025,_04:54,"17 Apr 2025, 04:54",47,"0;1;2;3;4;0;1;2;3;0;1;2;0;1;2;0;1;2;0;1;2;0;1;2;0;1;2;0;1;0;1;2;0;1;2;0;1;2;3;4;5;0;1;2;0;1;2","0;0;0;0;0;0;0;0;0;0;0;0;0;0;0;0;0;0;0;0;0;0;0;0;0;0;0;0;0;0;0;0;0;0;0;0;0;0;0;0;0;0;0;0;0;0;0","Imported from Hevy"
1970-01-01,imported_hevy,15_apr_2025,_03:18,"15 Apr 2025, 03:18",69,"0;1;2;3;4;0;1;2;3;0;1;2;0;1;2;3;4;5;0;1;2;3;0;1;2;0;1;2;0;1;2;3;4;5;0;1;2;0;1;2;0;1;2;0;1;2;0;1;2;0;1;2;0;1;2;0;1;2;3;4;5;0;1;2;0;1;0;1;2","0;0;0;0;0;0;0;0;0;0;0;0;0;0;0;0;0;0;0;0;0;0;0;0;0;0;0;0;0;0;0;0;0;0;0;0;0;0;0;0;0;0;0;0;0;0;0;0;0;0;0;0;0;0;0;0;0;0;0;0;0;0;0;0;0;0;0;0;0","Imported from Hevy"
1970-01-01,imported_hevy,11_apr_2025,_03:00,"11 Apr 2025, 03:00",57,"0;1;2;3;4;0;1;2;3;0;1;2;0;1;2;3;0;1;2;0;1;2;0;1;2;0;1;2;0;1;2;0;1;2;0;1;0;1;2;0;1;2;3;4;5;0;1;2;0;1;2;0;1;2;0;1;2","0;0;0;0;0;0;0;0;0;0;0;0;0;0;0;0;0;0;0;0;0;0;0;0;0;0;0;0;0;0;0;0;0;0;0;0;0;0;0;0;0;0;0;0;0;0;0;0;0;0;0;0;0;0;0;0;0","Imported from Hevy"
1970-01-01,imported_hevy,17_aug_2025,_08:15,"17 Aug 2025, 08:15",23,"0;0;1;2;3;0;1;2;3;0;1;2;3;0;1;2;3;0;1;2;3;0;1","0;0;0;0;0;0;0;0;0;0;0;0;0;0;0;0;0;0;0;0;0;0;0","Imported from Hevy"
1970-01-01,imported_hevy,19_apr_2025,_14:31,"19 Apr 2025, 14:31",66,"0;1;2;3;4;0;1;2;3;4;5;6;7;0;1;2;3;0;1;2;3;0;1;2;3;0;1;2;3;0;1;2;3;4;5;6;7;0;1;2;3;0;1;2;0;1;2;3;0;1;2;3;4;5;6;7;0;1;2;3;0;1;2;3;4;5","0;0;0;0;0;0;0;0;0;0;0;0;0;0;0;0;0;0;0;0;0;0;0;0;0;0;0;0;0;0;0;0;0;0;0;0;0;0;0;0;0;0;0;0;0;0;0;0;0;0;0;0;0;0;0;0;0;0;0;0;0;0;0;0;0;0","Imported from Hevy"
1970-01-01,imported_hevy,9_jul_2024,_03:21,"9 Jul 2024, 03:21",45,"0;1;2;3;4;5;0;1;2;3;4;0;1;2;0;1;2;3;0;1;2;3;0;1;2;3;0;1;2;3;0;1;0;1;2;3;4;0;1;2;3;0;1;2;3","0;0;0;0;0;0;0;0;0;0;0;0;0;0;0;0;0;0;0;0;0;0;0;0;0;0;0;0;0;0;0;0;0;0;0;0;0;0;0;0;0;0;0;0;0","Imported from Hevy"
1970-01-01,imported_hevy,6_jul_2024,_02:52,"6 Jul 2024, 02:52",36,"0;1;2;3;4;5;6;0;1;2;0;1;2;3;0;1;2;3;0;1;2;3;4;5;0;1;2;3;0;1;2;3;0;1;2;3","0;0;0;0;0;0;0;0;0;0;0;0;0;0;0;0;0;0;0;0;0;0;0;0;0;0;0;0;0;0;0;0;0;0;0;0","Imported from Hevy"
1970-01-01,imported_hevy,5_jul_2024,_04:12,"5 Jul 2024, 04:12",28,"0;1;2;3;0;1;2;3;0;1;2;3;0;1;2;3;0;1;0;1;2;3;4;0;1;2;3;0","0;0;0;0;0;0;0;0;0;0;0;0;0;0;0;0;0;0;0;0;0;0;0;0;0;0;0;0","Imported from Hevy"
1970-01-01,imported_hevy,21_jun_2024,_09:49,"21 Jun 2024, 09:49",28,"0;1;2;3;0;1;2;3;0;1;2;3;0;1;2;3;0;1;2;0;1;2;3;0;1;2;3;4","0;0;0;0;0;0;0;0;0;0;0;0;0;0;0;0;0;0;0;0;0;0;0;0;0;0;0;0","Imported from Hevy"
1970-01-01,imported_hevy,20_jun_2024,_19:36,"20 Jun 2024, 19:36",18,"0;1;2;3;0;1;2;3;0;1;2;3;0;1;0;1;2;3","0;0;0;0;0;0;0;0;0;0;0;0;0;0;0;0;0;0","Imported from Hevy"
1970-01-01,imported_hevy,14_jun_2024,_02:18,"14 Jun 2024, 02:18",19,"0;1;2;3;4;5;0;1;2;3;0;1;2;3;4;0;1;2;3","0;0;0;0;0;0;0;0;0;0;0;0;0;0;0;0;0;0;0","Imported from Hevy"
1970-01-01,imported_hevy,3_aug_2025,_09:16,"3 Aug 2025, 09:16",33,"0;0;1;2;3;4;0;1;2;3;0;1;2;0;1;2;3;0;1;0;1;2;0;1;2;0;1;2;0;1;2;3;0","0;0;0;0;0;0;0;0;0;0;0;0;0;0;0;0;0;0;0;0;0;0;0;0;0;0;0;0;0;0;0;0;0","Imported from Hevy"
1970-01-01,imported_hevy,27_jul_2025,_11:01,"27 Jul 2025, 11:01",25,"0;1;2;0;1;2;3;0;1;2;3;0;1;2;3;4;5;0;1;2;3;0;1;2;3","0;0;0;0;0;0;0;0;0;0;0;0;0;0;0;0;0;0;0;0;0;0;0;0;0","Imported from Hevy"
1970-01-01,imported_hevy,31_dec_2024,_05:50,"31 Dec 2024, 05:50",94,"0;1;2;3;0;1;2;3;4;0;1;2;3;0;1;2;3;0;1;2;3;4;5;6;0;1;2;3;0;1;2;3;4;5;6;7;0;1;2;3;0;1;2;3;0;1;2;3;0;1;2;3;0;1;2;0;1;2;0;1;2;3;0;1;2;3;4;5;6;7;0;1;2;3;4;5;6;7;0;1;2;3;4;5;6;7;0;1;2;3;0;1;2;3","0;0;0;0;0;0;0;0;0;0;0;0;0;0;0;0;0;0;0;0;0;0;0;0;0;0;0;0;0;0;0;0;0;0;0;0;0;0;0;0;0;0;0;0;0;0;0;0;0;0;0;0;0;0;0;0;0;0;0;0;0;0;0;0;0;0;0;0;0;0;0;0;0;0;0;0;0;0;0;0;0;0;0;0;0;0;0;0;0;0;0;0;0;0","Imported from Hevy"
1970-01-01,imported_hevy,18_sep_2024,_09:21,"18 Sep 2024, 09:21",20,"0;1;2;3;4;5;6;7;0;1;2;3;0;1;2;0;1;2;3;4","0;0;0;0;0;0;0;0;0;0;0;0;0;0;0;0;0;0;0;0","Imported from Hevy"
1970-01-01,imported_hevy,13_jul_2024,_05:01,"13 Jul 2024, 05:01",15,"0;1;2;3;0;1;2;3;4;5;6;7;0;1;2","0;0;0;0;0;0;0;0;0;0;0;0;0;0;0","Imported from Hevy"
1970-01-01,imported_hevy,12_jul_2024,_02:46,"12 Jul 2024, 02:46",26,"0;1;2;3;4;5;0;1;2;3;0;1;2;3;0;1;2;3;0;1;2;3;0;1;2;3","0;0;0;0;0;0;0;0;0;0;0;0;0;0;0;0;0;0;0;0;0;0;0;0;0;0","Imported from Hevy"
1970-01-01,imported_hevy,10_jul_2024,_02:51,"10 Jul 2024, 02:51",45,"0;1;2;3;0;1;2;3;4;5;0;1;2;3;0;1;2;3;0;1;2;3;0;1;2;3;0;1;2;3;0;1;2;0;1;2;3;0;1;2;3;0;1;2;3","0;0;0;0;0;0;0;0;0;0;0;0;0;0;0;0;0;0;0;0;0;0;0;0;0;0;0;0;0;0;0;0;0;0;0;0;0;0;0;0;0;0;0;0;0","Imported from Hevy"
1970-01-01,imported_hevy,4_jul_2024,_03:16,"4 Jul 2024, 03:16",50,"0;1;2;3;0;1;2;3;0;1;2;3;0;1;2;3;4;0;1;2;3;0;1;2;3;0;1;2;3;4;5;6;0;1;2;3;4;0;1;2;3;0;1;2;3;0;1;2;3;4","0;0;0;0;0;0;0;0;0;0;0;0;0;0;0;0;0;0;0;0;0;0;0;0;0;0;0;0;0;0;0;0;0;0;0;0;0;0;0;0;0;0;0;0;0;0;0;0;0;0","Imported from Hevy"
1970-01-01,imported_hevy,2_jul_2024,_03:07,"2 Jul 2024, 03:07",52,"0;1;2;3;4;5;6;0;1;2;3;4;0;1;2;3;0;1;2;3;0;1;2;3;0;1;2;3;4;5;0;1;2;3;0;1;2;0;1;2;3;0;1;2;0;1;2;3;0;1;2;3","0;0;0;0;0;0;0;0;0;0;0;0;0;0;0;0;0;0;0;0;0;0;0;0;0;0;0;0;0;0;0;0;0;0;0;0;0;0;0;0;0;0;0;0;0;0;0;0;0;0;0;0","Imported from Hevy"
1970-01-01,imported_hevy,29_jun_2024,_02:41,"29 Jun 2024, 02:41",43,"0;1;2;3;4;0;0;1;2;3;0;1;2;3;0;1;2;3;0;1;2;3;4;0;1;2;3;0;1;2;3;0;1;2;3;0;1;2;3;0;1;2;3","0;0;0;0;0;0;0;0;0;0;0;0;0;0;0;0;0;0;0;0;0;0;0;0;0;0;0;0;0;0;0;0;0;0;0;0;0;0;0;0;0;0;0","Imported from Hevy"
1970-01-01,imported_hevy,28_jun_2024,_04:31,"28 Jun 2024, 04:31",17,"0;1;2;3;0;1;2;3;0;0;1;2;3;0;1;2;3","0;0;0;0;0;0;0;0;0;0;0;0;0;0;0;0;0","Imported from Hevy"
1970-01-01,imported_hevy,27_jun_2024,_02:59,"27 Jun 2024, 02:59",14,"0;1;2;3;4;5;0;1;2;3;0;1;2;3","0;0;0;0;0;0;0;0;0;0;0;0;0;0","Imported from Hevy"
1970-01-01,imported_hevy,26_jun_2024,_05:22,"26 Jun 2024, 05:22",47,"0;1;2;3;0;1;2;3;0;1;2;3;0;1;2;3;0;1;2;0;1;2;3;4;5;6;7;8;9;10;0;1;2;0;1;2;3;0;1;0;1;2;3;0;1;2;3","0;0;0;0;0;0;0;0;0;0;0;0;0;0;0;0;0;0;0;0;0;0;0;0;0;0;0;0;0;0;0;0;0;0;0;0;0;0;0;0;0;0;0;0;0;0;0","Imported from Hevy"
1970-01-01,imported_hevy,25_jun_2024,_03:11,"25 Jun 2024, 03:11",37,"0;1;2;3;4;5;0;1;2;3;4;0;1;2;3;0;1;2;3;4;0;1;2;3;0;1;2;3;0;1;2;3;0;1;2;3;0","0;0;0;0;0;0;0;0;0;0;0;0;0;0;0;0;0;0;0;0;0;0;0;0;0;0;0;0;0;0;0;0;0;0;0;0;0","Imported from Hevy"
1970-01-01,imported_hevy,24_jun_2024,_09:17,"24 Jun 2024, 09:17",19,"0;1;2;3;0;1;2;3;4;0;1;0;1;2;3;0;1;2;3","0;0;0;0;0;0;0;0;0;0;0;0;0;0;0;0;0;0;0","Imported from Hevy"
1970-01-01,imported_hevy,24_jun_2024,_07:06,"24 Jun 2024, 07:06",37,"0;1;2;3;4;5;0;1;2;3;4;0;1;2;3;0;1;2;0;1;2;3;0;1;2;3;0;1;2;3;0;1;2;3;0;1;2","0;0;0;0;0;0;0;0;0;0;0;0;0;0;0;0;0;0;0;0;0;0;0;0;0;0;0;0;0;0;0;0;0;0;0;0;0","Imported from Hevy"
1970-01-01,imported_hevy,22_jun_2024,_02:59,"22 Jun 2024, 02:59",51,"0;1;2;3;0;1;2;3;4;0;1;2;3;0;1;2;3;0;1;2;3;0;1;2;3;4;0;1;2;3;4;0;1;2;3;0;1;2;3;0;1;2;3;0;1;2;3;0;1;2;3","0;0;0;0;0;0;0;0;0;0;0;0;0;0;0;0;0;0;0;0;0;0;0;0;0;0;0;0;0;0;0;0;0;0;0;0;0;0;0;0;0;0;0;0;0;0;0;0;0;0;0","Imported from Hevy"
1970-01-01,imported_hevy,21_jun_2024,_07:11,"21 Jun 2024, 07:11",24,"0;1;2;3;4;0;1;2;3;4;0;1;2;3;4;0;1;2;3;0;1;2;3;4","0;0;0;0;0;0;0;0;0;0;0;0;0;0;0;0;0;0;0;0;0;0;0;0","Imported from Hevy"
1970-01-01,imported_hevy,19_jun_2024,_06:44,"19 Jun 2024, 06:44",26,"0;1;2;3;0;1;2;3;0;1;2;3;4;5;0;1;2;3;0;1;2;3;0;1;2;3","0;0;0;0;0;0;0;0;0;0;0;0;0;0;0;0;0;0;0;0;0;0;0;0;0;0","Imported from Hevy"
1970-01-01,imported_hevy,19_jun_2024,_02:59,"19 Jun 2024, 02:59",23,"0;1;2;3;0;1;2;3;4;0;1;2;3;0;1;2;3;0;1;2;3;4;5","0;0;0;0;0;0;0;0;0;0;0;0;0;0;0;0;0;0;0;0;0;0;0","Imported from Hevy"
1970-01-01,imported_hevy,18_jun_2024,_03:14,"18 Jun 2024, 03:14",51,"0;1;2;3;4;0;1;2;3;4;5;0;1;2;3;4;5;0;1;2;3;4;0;1;2;3;0;1;2;3;0;1;2;3;0;1;2;3;0;1;2;3;4;0;1;2;3;0;1;2;3","0;0;0;0;0;0;0;0;0;0;0;0;0;0;0;0;0;0;0;0;0;0;0;0;0;0;0;0;0;0;0;0;0;0;0;0;0;0;0;0;0;0;0;0;0;0;0;0;0;0;0","Imported from Hevy"
1970-01-01,imported_hevy,17_jun_2024,_07:19,"17 Jun 2024, 07:19",39,"0;1;2;3;4;0;1;2;3;0;1;2;3;0;1;2;3;0;1;2;3;0;1;2;3;0;1;2;3;4;0;1;2;3;0;1;2;3;4","0;0;0;0;0;0;0;0;0;0;0;0;0;0;0;0;0;0;0;0;0;0;0;0;0;0;0;0;0;0;0;0;0;0;0;0;0;0;0","Imported from Hevy"
1970-01-01,imported_hevy,15_jun_2024,_02:47,"15 Jun 2024, 02:47",59,"0;1;2;3;4;5;6;7;0;1;2;3;4;5;0;1;2;3;4;5;6;7;0;1;2;3;4;5;6;7;8;9;10;0;1;2;3;4;0;1;2;3;4;5;0;1;2;0;1;2;3;0;1;2;3;0;1;2;3","0;0;0;0;0;0;0;0;0;0;0;0;0;0;0;0;0;0;0;0;0;0;0;0;0;0;0;0;0;0;0;0;0;0;0;0;0;0;0;0;0;0;0;0;0;0;0;0;0;0;0;0;0;0;0;0;0;0;0","Imported from Hevy"
1970-01-01,imported_hevy,13_jun_2024,_02:59,"13 Jun 2024, 02:59",67,"0;1;2;3;0;1;2;3;0;1;2;3;0;1;2;3;4;0;1;2;3;0;1;2;3;0;1;2;3;0;1;2;3;0;1;2;3;0;1;2;3;0;1;2;3;0;1;2;3;0;1;2;3;0;1;2;3;4;0;1;2;3;0;1;2;3;4","0;0;0;0;0;0;0;0;0;0;0;0;0;0;0;0;0;0;0;0;0;0;0;0;0;0;0;0;0;0;0;0;0;0;0;0;0;0;0;0;0;0;0;0;0;0;0;0;0;0;0;0;0;0;0;0;0;0;0;0;0;0;0;0;0;0;0","Imported from Hevy"
1970-01-01,imported_hevy,12_jun_2024,_09:48,"12 Jun 2024, 09:48",12,"0;1;2;3;0;1;2;3;0;1;2;3","0;0;0;0;0;0;0;0;0;0;0;0","Imported from Hevy"
1970-01-01,imported_hevy,12_jun_2024,_03:11,"12 Jun 2024, 03:11",33,"0;1;2;3;0;1;2;3;0;1;2;3;0;1;2;3;0;1;2;3;0;1;0;1;2;3;4;5;6;0;1;2;3","0;0;0;0;0;0;0;0;0;0;0;0;0;0;0;0;0;0;0;0;0;0;0;0;0;0;0;0;0;0;0;0;0","Imported from Hevy"
1970-01-01,imported_hevy,11_jun_2024,_03:24,"11 Jun 2024, 03:24",37,"0;1;2;3;4;0;1;2;3;4;0;1;2;3;4;0;1;2;3;4;0;1;2;3;0;1;2;3;0;0;1;2;3;0;1;2;3","0;0;0;0;0;0;0;0;0;0;0;0;0;0;0;0;0;0;0;0;0;0;0;0;0;0;0;0;0;0;0;0;0;0;0;0;0","Imported from Hevy"
1970-01-01,imported_hevy,10_jun_2024,_07:04,"10 Jun 2024, 07:04",39,"0;1;2;3;4;5;6;0;1;2;3;4;5;6;7;0;1;2;3;0;1;2;3;4;0;1;2;3;0;1;2;3;0;1;2;3;0;1;2","0;0;0;0;0;0;0;0;0;0;0;0;0;0;0;0;0;0;0;0;0;0;0;0;0;0;0;0;0;0;0;0;0;0;0;0;0;0;0","Imported from Hevy"
1970-01-01,imported_hevy,8_jun_2024,_02:44,"8 Jun 2024, 02:44",36,"0;1;2;3;4;5;6;0;1;2;3;4;5;0;1;2;3;0;1;2;3;4;5;6;0;1;2;3;0;1;2;3;0;1;2;3","0;0;0;0;0;0;0;0;0;0;0;0;0;0;0;0;0;0;0;0;0;0;0;0;0;0;0;0;0;0;0;0;0;0;0;0","Imported from Hevy"
1970-01-01,imported_hevy,7_jun_2024,_02:56,"7 Jun 2024, 02:56",27,"0;1;2;3;4;0;1;2;0;1;2;3;0;1;2;3;4;0;1;2;3;4;0;1;2;3;4","0;0;0;0;0;0;0;0;0;0;0;0;0;0;0;0;0;0;0;0;0;0;0;0;0;0;0","Imported from Hevy"
1970-01-01,imported_hevy,6_jun_2024,_03:20,"6 Jun 2024, 03:20",45,"0;1;2;3;4;5;0;1;2;3;0;1;0;1;2;3;4;5;6;7;0;1;2;0;1;2;3;4;0;1;2;3;0;1;2;3;0;1;2;3;0;1;2;3;4","0;0;0;0;0;0;0;0;0;0;0;0;0;0;0;0;0;0;0;0;0;0;0;0;0;0;0;0;0;0;0;0;0;0;0;0;0;0;0;0;0;0;0;0;0","Imported from Hevy"
1970-01-01,imported_hevy,5_jun_2024,_03:01,"5 Jun 2024, 03:01",39,"0;1;2;3;4;5;6;0;1;2;3;4;0;1;2;3;4;0;1;2;3;4;5;0;0;1;2;3;0;1;2;3;0;1;2;3;0;1;2","0;0;0;0;0;0;0;0;0;0;0;0;0;0;0;0;0;0;0;0;0;0;0;0;0;0;0;0;0;0;0;0;0;0;0;0;0;0;0","Imported from Hevy"
1970-01-01,imported_hevy,4_jun_2024,_04:03,"4 Jun 2024, 04:03",41,"0;1;2;3;4;5;6;0;1;2;3;0;1;2;3;4;5;0;1;2;3;4;0;1;2;3;4;0;1;2;3;4;0;1;2;3;0;1;2;3;4","0;0;0;0;0;0;0;0;0;0;0;0;0;0;0;0;0;0;0;0;0;0;0;0;0;0;0;0;0;0;0;0;0;0;0;0;0;0;0;0;0","Imported from Hevy"
1970-01-01,imported_hevy,3_jun_2024,_07:04,"3 Jun 2024, 07:04",69,"0;1;2;3;0;1;2;3;4;0;1;2;3;4;0;1;2;0;1;2;3;4;5;0;1;2;3;4;0;1;2;3;0;1;2;3;4;0;1;2;3;0;1;2;3;4;0;1;2;3;0;1;2;3;0;1;2;3;0;0;1;2;3;0;1;2;3;4;5","0;0;0;0;0;0;0;0;0;0;0;0;0;0;0;0;0;0;0;0;0;0;0;0;0;0;0;0;0;0;0;0;0;0;0;0;0;0;0;0;0;0;0;0;0;0;0;0;0;0;0;0;0;0;0;0;0;0;0;0;0;0;0;0;0;0;0;0;0","Imported from Hevy"
1970-01-01,imported_hevy,1_jun_2024,_02:56,"1 Jun 2024, 02:56",55,"0;1;2;3;4;5;0;1;2;3;0;1;2;3;4;5;6;0;1;2;3;4;0;1;2;3;4;0;1;2;3;0;1;2;3;0;1;2;3;4;5;6;7;0;1;2;3;0;1;2;3;0;1;2;3","0;0;0;0;0;0;0;0;0;0;0;0;0;0;0;0;0;0;0;0;0;0;0;0;0;0;0;0;0;0;0;0;0;0;0;0;0;0;0;0;0;0;0;0;0;0;0;0;0;0;0;0;0;0;0","Imported from Hevy"
1970-01-01,imported_hevy,31_may_2024,_02:54,"31 May 2024, 02:54",58,"0;1;2;3;4;5;6;0;1;2;3;4;0;1;2;3;0;1;2;3;0;1;2;3;4;0;1;2;3;0;1;2;3;0;1;2;3;4;5;0;1;2;3;4;0;1;2;3;4;5;0;1;2;3;0;1;2;3","0;0;0;0;0;0;0;0;0;0;0;0;0;0;0;0;0;0;0;0;0;0;0;0;0;0;0;0;0;0;0;0;0;0;0;0;0;0;0;0;0;0;0;0;0;0;0;0;0;0;0;0;0;0;0;0;0;0","Imported from Hevy"
1970-01-01,imported_hevy,30_may_2024,_02:43,"30 May 2024, 02:43",88,"0;1;2;3;4;5;0;1;2;0;1;2;3;4;5;0;1;2;3;4;5;0;1;2;3;4;0;1;2;3;4;0;1;2;3;4;5;6;0;1;2;3;0;1;2;0;1;2;3;0;1;2;3;4;5;6;7;0;1;2;3;0;1;2;3;0;1;2;3;0;1;2;3;0;1;2;3;0;1;2;3;0;1;2;3;0;1;2","0;0;0;0;0;0;0;0;0;0;0;0;0;0;0;0;0;0;0;0;0;0;0;0;0;0;0;0;0;0;0;0;0;0;0;0;0;0;0;0;0;0;0;0;0;0;0;0;0;0;0;0;0;0;0;0;0;0;0;0;0;0;0;0;0;0;0;0;0;0;0;0;0;0;0;0;0;0;0;0;0;0;0;0;0;0;0;0","Imported from Hevy"
1970-01-01,imported_hevy,29_may_2024,_03:00,"29 May 2024, 03:00",38,"0;1;2;3;4;5;0;1;2;3;4;0;1;2;3;4;5;0;1;2;0;1;2;3;0;1;2;3;0;1;2;3;0;1;2;3;4;5","0;0;0;0;0;0;0;0;0;0;0;0;0;0;0;0;0;0;0;0;0;0;0;0;0;0;0;0;0;0;0;0;0;0;0;0;0;0","Imported from Hevy"
1970-01-01,imported_hevy,28_may_2024,_03:11,"28 May 2024, 03:11",58,"0;1;2;3;4;5;0;1;2;3;4;5;0;1;2;3;0;1;2;3;0;1;2;3;0;1;2;3;0;1;2;3;0;1;2;3;0;1;2;3;4;0;1;2;3;0;1;2;3;4;0;1;2;3;0;1;2;3","0;0;0;0;0;0;0;0;0;0;0;0;0;0;0;0;0;0;0;0;0;0;0;0;0;0;0;0;0;0;0;0;0;0;0;0;0;0;0;0;0;0;0;0;0;0;0;0;0;0;0;0;0;0;0;0;0;0","Imported from Hevy"
1970-01-01,imported_hevy,27_may_2024,_07:52,"27 May 2024, 07:52",64,"0;1;2;3;4;5;6;0;1;2;3;4;0;1;2;3;0;1;2;3;0;1;2;3;0;1;2;3;0;1;2;3;0;1;2;3;0;1;2;3;0;1;2;3;0;1;2;3;0;1;0;1;2;3;0;1;2;3;0;1;2;3;4;0","0;0;0;0;0;0;0;0;0;0;0;0;0;0;0;0;0;0;0;0;0;0;0;0;0;0;0;0;0;0;0;0;0;0;0;0;0;0;0;0;0;0;0;0;0;0;0;0;0;0;0;0;0;0;0;0;0;0;0;0;0;0;0;0","Imported from Hevy"
1970-01-01,imported_hevy,24_may_2024,_05:07,"24 May 2024, 05:07",17,"0;1;2;3;0;1;2;3;0;1;2;3;4;0;1;2;3","0;0;0;0;0;0;0;0;0;0;0;0;0;0;0;0;0","Imported from Hevy"
1970-01-01,imported_hevy,23_may_2024,_07:24,"23 May 2024, 07:24",39,"0;1;2;3;4;5;0;1;2;0;1;2;3;0;1;2;3;0;1;2;3;0;1;2;0;1;2;3;4;5;0;1;2;3;0;1;2;3;0","0;0;0;0;0;0;0;0;0;0;0;0;0;0;0;0;0;0;0;0;0;0;0;0;0;0;0;0;0;0;0;0;0;0;0;0;0;0;0","Imported from Hevy"
1970-01-01,imported_hevy,22_may_2024,_13:04,"22 May 2024, 13:04",31,"0;1;2;3;4;0;1;2;3;0;1;2;3;0;1;2;3;0;1;2;0;1;2;0;1;2;3;0;1;2;3","0;0;0;0;0;0;0;0;0;0;0;0;0;0;0;0;0;0;0;0;0;0;0;0;0;0;0;0;0;0;0","Imported from Hevy"
1970-01-01,imported_hevy,20_may_2024,_07:12,"20 May 2024, 07:12",39,"0;1;2;3;4;5;0;1;2;3;0;1;2;3;4;5;6;7;0;1;2;3;0;1;0;1;2;3;0;1;2;0;1;2;3;0;1;2;3","0;0;0;0;0;0;0;0;0;0;0;0;0;0;0;0;0;0;0;0;0;0;0;0;0;0;0;0;0;0;0;0;0;0;0;0;0;0;0","Imported from Hevy"
1970-01-01,imported_hevy,9_apr_2025,_02:24,"9 Apr 2025, 02:24",69,"0;1;2;3;4;0;1;2;3;4;5;6;0;1;2;3;0;1;2;3;0;1;2;3;0;1;2;0;1;2;3;4;5;6;7;8;9;10;0;1;2;3;0;1;2;3;0;1;2;3;4;5;6;7;8;9;0;1;2;3;0;1;2;3;0;1;2;3;4","0;0;0;0;0;0;0;0;0;0;0;0;0;0;0;0;0;0;0;0;0;0;0;0;0;0;0;0;0;0;0;0;0;0;0;0;0;0;0;0;0;0;0;0;0;0;0;0;0;0;0;0;0;0;0;0;0;0;0;0;0;0;0;0;0;0;0;0;0","Imported from Hevy"
1970-01-01,imported_hevy,2_apr_2025,_02:08,"2 Apr 2025, 02:08",59,"0;1;2;3;0;1;2;3;0;1;2;3;0;1;2;3;0;1;2;3;0;1;2;3;0;1;2;3;4;5;6;7;8;0;1;2;3;0;1;2;3;0;1;2;3;4;5;6;7;8;9;0;1;2;3;0;1;2;3","0;0;0;0;0;0;0;0;0;0;0;0;0;0;0;0;0;0;0;0;0;0;0;0;0;0;0;0;0;0;0;0;0;0;0;0;0;0;0;0;0;0;0;0;0;0;0;0;0;0;0;0;0;0;0;0;0;0;0","Imported from Hevy"
1970-01-01,imported_hevy,26_mar_2025,_01:50,"26 Mar 2025, 01:50",70,"0;1;2;3;4;0;1;2;3;4;0;1;2;3;0;1;2;3;4;5;6;7;8;9;10;0;1;2;3;0;1;2;3;0;1;2;3;0;1;2;3;4;5;6;7;8;9;10;11;0;1;2;3;0;1;2;3;4;5;0;1;2;3;4;0;1;2;3;4;5","0;0;0;0;0;0;0;0;0;0;0;0;0;0;0;0;0;0;0;0;0;0;0;0;0;0;0;0;0;0;0;0;0;0;0;0;0;0;0;0;0;0;0;0;0;0;0;0;0;0;0;0;0;0;0;0;0;0;0;0;0;0;0;0;0;0;0;0;0;0","Imported from Hevy"
1970-01-01,imported_hevy,19_mar_2025,_03:24,"19 Mar 2025, 03:24",78,"0;1;2;3;0;1;2;3;0;1;2;3;4;5;6;7;8;0;1;2;3;0;1;2;3;0;1;2;3;0;1;2;3;0;1;2;3;0;1;2;3;4;0;1;2;3;0;1;2;3;4;5;6;7;8;9;10;0;0;1;2;3;4;5;6;7;0;1;2;3;4;5;6;7;0;1;2;3","0;0;0;0;0;0;0;0;0;0;0;0;0;0;0;0;0;0;0;0;0;0;0;0;0;0;0;0;0;0;0;0;0;0;0;0;0;0;0;0;0;0;0;0;0;0;0;0;0;0;0;0;0;0;0;0;0;0;0;0;0;0;0;0;0;0;0;0;0;0;0;0;0;0;0;0;0;0","Imported from Hevy"
1970-01-01,imported_hevy,12_mar_2025,_02:30,"12 Mar 2025, 02:30",57,"0;1;2;3;0;1;2;3;0;1;2;3;0;1;2;3;0;1;2;3;4;5;6;7;8;0;1;2;3;4;5;6;7;8;9;0;0;1;2;3;0;1;2;3;4;0;1;2;3;4;5;6;7;0;1;2;3","0;0;0;0;0;0;0;0;0;0;0;0;0;0;0;0;0;0;0;0;0;0;0;0;0;0;0;0;0;0;0;0;0;0;0;0;0;0;0;0;0;0;0;0;0;0;0;0;0;0;0;0;0;0;0;0;0","Imported from Hevy"
1970-01-01,imported_hevy,5_mar_2025,_04:23,"5 Mar 2025, 04:23",56,"0;1;2;3;4;0;1;2;3;4;0;1;2;3;0;1;2;3;4;0;1;2;3;4;5;6;7;8;9;0;1;2;3;4;5;6;7;0;1;2;3;0;1;2;3;0;1;2;3;0;1;2;3;4;5;6","0;0;0;0;0;0;0;0;0;0;0;0;0;0;0;0;0;0;0;0;0;0;0;0;0;0;0;0;0;0;0;0;0;0;0;0;0;0;0;0;0;0;0;0;0;0;0;0;0;0;0;0;0;0;0;0","Imported from Hevy"
1970-01-01,imported_hevy,26_feb_2025,_07:03,"26 Feb 2025, 07:03",48,"0;1;2;3;0;1;2;0;1;2;3;0;1;2;3;0;1;2;3;4;5;6;7;8;9;0;1;2;3;4;5;6;7;8;9;0;1;2;0;1;2;3;0;1;2;3;0;1","0;0;0;0;0;0;0;0;0;0;0;0;0;0;0;0;0;0;0;0;0;0;0;0;0;0;0;0;0;0;0;0;0;0;0;0;0;0;0;0;0;0;0;0;0;0;0;0","Imported from Hevy"
1970-01-01,imported_hevy,19_feb_2025,_06:09,"19 Feb 2025, 06:09",47,"0;1;2;3;0;1;2;3;0;1;2;3;4;5;6;0;1;2;3;4;5;6;7;8;9;10;0;1;2;3;4;5;6;7;0;1;2;3;0;1;2;3;0;1;2;3;4","0;0;0;0;0;0;0;0;0;0;0;0;0;0;0;0;0;0;0;0;0;0;0;0;0;0;0;0;0;0;0;0;0;0;0;0;0;0;0;0;0;0;0;0;0;0;0","Imported from Hevy"
1970-01-01,imported_hevy,12_feb_2025,_02:12,"12 Feb 2025, 02:12",72,"0;1;2;3;4;5;6;0;1;2;3;4;0;1;2;3;4;0;1;2;3;0;1;2;3;4;5;6;7;8;9;10;11;12;13;0;1;2;3;4;5;6;7;8;9;0;1;2;0;1;2;3;0;1;2;3;0;1;2;3;0;1;2;3;4;5;6;7;0;1;2;3","0;0;0;0;0;0;0;0;0;0;0;0;0;0;0;0;0;0;0;0;0;0;0;0;0;0;0;0;0;0;0;0;0;0;0;0;0;0;0;0;0;0;0;0;0;0;0;0;0;0;0;0;0;0;0;0;0;0;0;0;0;0;0;0;0;0;0;0;0;0;0;0","Imported from Hevy"
1970-01-01,imported_hevy,5_feb_2025,_01:51,"5 Feb 2025, 01:51",51,"0;1;2;3;4;0;1;2;3;4;0;1;2;3;4;5;6;7;0;1;2;3;0;1;2;3;4;5;6;7;8;9;10;11;0;1;2;3;4;5;6;7;8;9;0;1;2;3;0;1;2","0;0;0;0;0;0;0;0;0;0;0;0;0;0;0;0;0;0;0;0;0;0;0;0;0;0;0;0;0;0;0;0;0;0;0;0;0;0;0;0;0;0;0;0;0;0;0;0;0;0;0","Imported from Hevy"
1970-01-01,imported_hevy,29_jan_2025,_01:54,"29 Jan 2025, 01:54",68,"0;1;2;3;4;0;1;2;3;4;0;1;2;3;0;1;2;3;0;1;2;3;4;5;6;7;8;9;10;11;12;0;1;2;3;4;5;6;7;8;9;10;0;1;2;3;0;1;2;3;0;1;2;3;0;1;2;3;0;1;2;3;0;1;2;0;1;2","0;0;0;0;0;0;0;0;0;0;0;0;0;0;0;0;0;0;0;0;0;0;0;0;0;0;0;0;0;0;0;0;0;0;0;0;0;0;0;0;0;0;0;0;0;0;0;0;0;0;0;0;0;0;0;0;0;0;0;0;0;0;0;0;0;0;0;0","Imported from Hevy"
1970-01-01,imported_hevy,22_jan_2025,_01:47,"22 Jan 2025, 01:47",78,"0;1;2;3;4;0;1;2;3;4;0;1;2;3;4;0;1;2;3;4;5;6;7;8;9;0;1;2;3;0;1;2;3;4;5;6;7;8;9;10;0;1;2;3;4;0;1;2;3;0;1;2;3;4;0;1;2;3;4;5;6;7;0;1;2;3;0;1;2;3;0;1;2;3;4;0;1;2","0;0;0;0;0;0;0;0;0;0;0;0;0;0;0;0;0;0;0;0;0;0;0;0;0;0;0;0;0;0;0;0;0;0;0;0;0;0;0;0;0;0;0;0;0;0;0;0;0;0;0;0;0;0;0;0;0;0;0;0;0;0;0;0;0;0;0;0;0;0;0;0;0;0;0;0;0;0","Imported from Hevy"
1970-01-01,imported_hevy,15_jan_2025,_01:59,"15 Jan 2025, 01:59",85,"0;1;2;3;4;0;1;2;3;4;5;0;1;2;3;4;0;1;2;3;4;5;6;7;8;9;10;11;0;1;2;3;4;5;0;1;2;3;4;5;6;7;8;0;1;2;3;4;0;1;2;3;0;1;2;3;4;0;1;2;3;4;5;6;7;0;1;2;3;4;5;6;7;0;1;2;3;0;1;2;3;4;5;6;7","0;0;0;0;0;0;0;0;0;0;0;0;0;0;0;0;0;0;0;0;0;0;0;0;0;0;0;0;0;0;0;0;0;0;0;0;0;0;0;0;0;0;0;0;0;0;0;0;0;0;0;0;0;0;0;0;0;0;0;0;0;0;0;0;0;0;0;0;0;0;0;0;0;0;0;0;0;0;0;0;0;0;0;0;0","Imported from Hevy"
1970-01-01,imported_hevy,8_jan_2025,_04:11,"8 Jan 2025, 04:11",78,"0;1;2;3;4;0;1;2;3;4;0;1;2;3;4;5;6;7;0;1;2;3;0;1;2;3;0;1;2;3;4;5;6;7;8;9;10;0;1;2;3;4;0;1;2;3;0;1;2;3;0;1;2;3;0;1;2;3;4;5;6;7;0;1;2;3;4;5;6;7;0;1;2;3;0;1;2;3","0;0;0;0;0;0;0;0;0;0;0;0;0;0;0;0;0;0;0;0;0;0;0;0;0;0;0;0;0;0;0;0;0;0;0;0;0;0;0;0;0;0;0;0;0;0;0;0;0;0;0;0;0;0;0;0;0;0;0;0;0;0;0;0;0;0;0;0;0;0;0;0;0;0;0;0;0;0","Imported from Hevy"
1970-01-01,imported_hevy,18_dec_2024,_02:24,"18 Dec 2024, 02:24",71,"0;1;2;3;4;0;1;2;3;0;1;2;3;4;5;6;7;0;1;2;3;4;0;1;2;3;0;1;2;3;4;5;6;7;8;9;0;1;2;3;0;1;2;3;0;1;2;3;0;1;2;0;1;2;3;4;5;6;7;0;1;2;3;4;5;6;7;0;1;2;3","0;0;0;0;0;0;0;0;0;0;0;0;0;0;0;0;0;0;0;0;0;0;0;0;0;0;0;0;0;0;0;0;0;0;0;0;0;0;0;0;0;0;0;0;0;0;0;0;0;0;0;0;0;0;0;0;0;0;0;0;0;0;0;0;0;0;0;0;0;0;0","Imported from Hevy"
1970-01-01,imported_hevy,11_dec_2024,_04:55,"11 Dec 2024, 04:55",73,"0;1;2;3;4;0;1;2;3;0;1;2;3;0;1;2;0;1;2;3;4;5;6;7;8;9;10;11;0;1;2;3;4;5;6;7;0;1;2;3;0;1;2;3;4;5;6;7;8;9;10;11;12;0;1;2;3;4;5;6;7;0;1;2;3;0;1;2;3;0;1;2;3","0;0;0;0;0;0;0;0;0;0;0;0;0;0;0;0;0;0;0;0;0;0;0;0;0;0;0;0;0;0;0;0;0;0;0;0;0;0;0;0;0;0;0;0;0;0;0;0;0;0;0;0;0;0;0;0;0;0;0;0;0;0;0;0;0;0;0;0;0;0;0;0;0","Imported from Hevy"
1970-01-01,imported_hevy,4_dec_2024,_02:04,"4 Dec 2024, 02:04",47,"0;1;2;3;4;5;0;1;2;3;0;1;2;3;0;1;2;0;1;2;3;0;1;2;3;0;1;2;3;0;1;2;3;4;5;6;7;8;9;10;11;12;13;0;1;2;3","0;0;0;0;0;0;0;0;0;0;0;0;0;0;0;0;0;0;0;0;0;0;0;0;0;0;0;0;0;0;0;0;0;0;0;0;0;0;0;0;0;0;0;0;0;0;0","Imported from Hevy"
1970-01-01,imported_hevy,27_nov_2024,_02:16,"27 Nov 2024, 02:16",68,"0;1;2;3;4;0;1;2;3;4;0;1;2;3;0;1;2;3;0;1;2;3;4;5;6;7;8;9;10;11;0;1;2;3;0;1;2;3;0;1;2;3;4;5;6;7;8;9;10;11;12;0;1;2;0;1;2;3;4;5;6;7;8;9;0;1;2;3","0;0;0;0;0;0;0;0;0;0;0;0;0;0;0;0;0;0;0;0;0;0;0;0;0;0;0;0;0;0;0;0;0;0;0;0;0;0;0;0;0;0;0;0;0;0;0;0;0;0;0;0;0;0;0;0;0;0;0;0;0;0;0;0;0;0;0;0","Imported from Hevy"
1970-01-01,imported_hevy,20_nov_2024,_04:28,"20 Nov 2024, 04:28",67,"0;1;2;3;4;0;1;2;3;4;0;1;2;3;0;1;2;3;0;1;2;3;4;5;6;7;8;9;10;11;0;1;2;3;0;1;2;3;0;1;2;3;4;5;6;7;8;9;10;11;12;13;14;0;1;2;3;0;1;2;3;4;5;6;7;8;9","0;0;0;0;0;0;0;0;0;0;0;0;0;0;0;0;0;0;0;0;0;0;0;0;0;0;0;0;0;0;0;0;0;0;0;0;0;0;0;0;0;0;0;0;0;0;0;0;0;0;0;0;0;0;0;0;0;0;0;0;0;0;0;0;0;0;0","Imported from Hevy"
1970-01-01,imported_hevy,13_nov_2024,_02:33,"13 Nov 2024, 02:33",55,"0;1;2;3;4;0;1;2;3;4;0;1;2;3;4;0;1;2;3;4;0;1;2;3;4;5;6;7;8;0;1;2;3;4;0;1;2;3;0;1;2;3;4;5;6;7;8;0;1;2;3;4;5;6;7","0;0;0;0;0;0;0;0;0;0;0;0;0;0;0;0;0;0;0;0;0;0;0;0;0;0;0;0;0;0;0;0;0;0;0;0;0;0;0;0;0;0;0;0;0;0;0;0;0;0;0;0;0;0;0","Imported from Hevy"
1970-01-01,imported_hevy,6_nov_2024,_02:36,"6 Nov 2024, 02:36",57,"0;1;2;3;0;1;2;3;4;0;1;2;0;1;2;3;4;0;1;2;3;4;5;6;7;8;9;0;1;2;3;0;1;2;3;0;1;2;3;4;5;6;7;8;9;0;1;2;3;0;1;2;3;4;5;6;7","0;0;0;0;0;0;0;0;0;0;0;0;0;0;0;0;0;0;0;0;0;0;0;0;0;0;0;0;0;0;0;0;0;0;0;0;0;0;0;0;0;0;0;0;0;0;0;0;0;0;0;0;0;0;0;0;0","Imported from Hevy"
1970-01-01,imported_hevy,30_oct_2024,_02:32,"30 Oct 2024, 02:32",54,"0;1;2;3;4;0;1;2;3;4;0;1;2;3;4;0;1;2;3;4;0;1;2;3;4;5;6;7;8;9;0;1;2;3;4;0;1;2;3;0;1;2;3;4;5;6;7;0;1;2;0;1;2;3","0;0;0;0;0;0;0;0;0;0;0;0;0;0;0;0;0;0;0;0;0;0;0;0;0;0;0;0;0;0;0;0;0;0;0;0;0;0;0;0;0;0;0;0;0;0;0;0;0;0;0;0;0;0","Imported from Hevy"
1970-01-01,imported_hevy,23_oct_2024,_02:13,"23 Oct 2024, 02:13",57,"0;1;2;3;4;0;1;2;3;0;1;2;3;0;1;2;3;0;1;2;3;0;1;2;3;4;0;1;2;3;4;5;0;1;2;3;4;5;6;7;8;0;1;2;3;0;1;2;3;4;5;6;7;0;1;2;3","0;0;0;0;0;0;0;0;0;0;0;0;0;0;0;0;0;0;0;0;0;0;0;0;0;0;0;0;0;0;0;0;0;0;0;0;0;0;0;0;0;0;0;0;0;0;0;0;0;0;0;0;0;0;0;0;0","Imported from Hevy"
1970-01-01,imported_hevy,16_oct_2024,_02:17,"16 Oct 2024, 02:17",61,"0;1;2;3;4;0;1;2;3;0;1;2;3;0;1;2;3;4;0;1;2;3;4;5;6;7;8;9;10;0;1;0;1;2;3;0;1;2;3;4;5;6;7;8;0;1;2;3;0;1;2;3;4;5;6;7;0;1;2;3;0","0;0;0;0;0;0;0;0;0;0;0;0;0;0;0;0;0;0;0;0;0;0;0;0;0;0;0;0;0;0;0;0;0;0;0;0;0;0;0;0;0;0;0;0;0;0;0;0;0;0;0;0;0;0;0;0;0;0;0;0;0","Imported from Hevy"
1970-01-01,imported_hevy,9_oct_2024,_02:56,"9 Oct 2024, 02:56",64,"0;1;2;3;4;0;1;2;3;0;1;2;3;0;1;2;3;4;0;1;2;3;4;5;6;7;8;9;10;0;1;2;3;0;1;2;3;0;1;2;3;4;5;6;7;8;9;0;1;2;3;4;5;6;7;0;1;2;3;0;1;2;3;4","0;0;0;0;0;0;0;0;0;0;0;0;0;0;0;0;0;0;0;0;0;0;0;0;0;0;0;0;0;0;0;0;0;0;0;0;0;0;0;0;0;0;0;0;0;0;0;0;0;0;0;0;0;0;0;0;0;0;0;0;0;0;0;0","Imported from Hevy"
1970-01-01,imported_hevy,2_oct_2024,_04:04,"2 Oct 2024, 04:04",73,"0;1;2;3;4;0;1;2;3;4;0;1;2;3;4;5;6;7;0;1;2;3;4;0;1;2;3;0;1;2;3;4;0;1;2;3;4;0;1;2;3;4;5;6;7;8;9;10;11;12;13;0;1;2;3;0;1;2;3;4;5;6;7;8;9;0;1;2;3;0;1;2;3","0;0;0;0;0;0;0;0;0;0;0;0;0;0;0;0;0;0;0;0;0;0;0;0;0;0;0;0;0;0;0;0;0;0;0;0;0;0;0;0;0;0;0;0;0;0;0;0;0;0;0;0;0;0;0;0;0;0;0;0;0;0;0;0;0;0;0;0;0;0;0;0;0","Imported from Hevy"
1970-01-01,imported_hevy,25_sep_2024,_03:13,"25 Sep 2024, 03:13",65,"0;1;2;3;4;0;1;2;3;0;1;2;3;4;5;6;7;8;9;10;0;1;2;3;0;1;2;3;0;1;2;3;4;5;6;7;8;0;1;2;3;0;1;2;3;0;1;2;0;1;2;3;4;5;6;7;8;9;0;1;2;3;0;1;2","0;0;0;0;0;0;0;0;0;0;0;0;0;0;0;0;0;0;0;0;0;0;0;0;0;0;0;0;0;0;0;0;0;0;0;0;0;0;0;0;0;0;0;0;0;0;0;0;0;0;0;0;0;0;0;0;0;0;0;0;0;0;0;0;0","Imported from Hevy"
1970-01-01,imported_hevy,11_sep_2024,_02:36,"11 Sep 2024, 02:36",62,"0;1;2;3;4;0;1;2;3;0;1;2;3;4;5;6;7;8;9;10;11;0;1;2;3;0;1;2;3;0;1;2;3;4;5;6;7;8;9;10;0;1;2;3;0;1;2;3;0;1;2;3;0;1;2;3;4;5;6;7;8;9","0;0;0;0;0;0;0;0;0;0;0;0;0;0;0;0;0;0;0;0;0;0;0;0;0;0;0;0;0;0;0;0;0;0;0;0;0;0;0;0;0;0;0;0;0;0;0;0;0;0;0;0;0;0;0;0;0;0;0;0;0;0","Imported from Hevy"
1970-01-01,imported_hevy,7_sep_2024,_02:56,"7 Sep 2024, 02:56",37,"0;1;2;3;4;0;1;2;0;1;2;3;4;0;1;2;0;1;2;3;4;5;6;0;1;2;0;1;2;3;4;5;0;1;2;3;4","0;0;0;0;0;0;0;0;0;0;0;0;0;0;0;0;0;0;0;0;0;0;0;0;0;0;0;0;0;0;0;0;0;0;0;0;0","Imported from Hevy"
1970-01-01,imported_hevy,4_sep_2024,_04:58,"4 Sep 2024, 04:58",53,"0;1;2;3;4;0;1;2;3;4;1;2;3;4;5;6;7;0;1;2;3;0;1;2;3;4;5;6;7;8;0;1;2;3;0;1;2;3;0;1;2;3;4;5;6;7;8;9;0;1;2;3;4","0;0;0;0;0;0;0;0;0;0;0;0;0;0;0;0;0;0;0;0;0;0;0;0;0;0;0;0;0;0;0;0;0;0;0;0;0;0;0;0;0;0;0;0;0;0;0;0;0;0;0;0;0","Imported from Hevy"
1970-01-01,imported_hevy,28_aug_2024,_02:31,"28 Aug 2024, 02:31",77,"0;1;2;3;4;5;0;1;2;3;4;0;1;2;3;4;5;6;7;0;1;2;3;4;0;1;2;3;4;0;1;2;3;4;5;6;7;8;9;10;11;12;13;14;0;1;2;3;4;5;0;1;2;3;4;0;1;2;3;4;0;1;2;3;4;5;6;7;8;9;0;1;2;3;4;0;1","0;0;0;0;0;0;0;0;0;0;0;0;0;0;0;0;0;0;0;0;0;0;0;0;0;0;0;0;0;0;0;0;0;0;0;0;0;0;0;0;0;0;0;0;0;0;0;0;0;0;0;0;0;0;0;0;0;0;0;0;0;0;0;0;0;0;0;0;0;0;0;0;0;0;0;0;0","Imported from Hevy"
1970-01-01,imported_hevy,21_aug_2024,_02:47,"21 Aug 2024, 02:47",73,"0;1;2;3;4;5;6;7;0;1;2;3;4;5;6;7;8;0;1;2;3;4;0;1;2;3;4;0;1;2;3;0;1;2;3;4;5;0;1;2;3;4;5;6;7;0;1;2;3;4;5;0;1;2;3;4;0;1;2;3;4;0;1;2;3;4;5;6;0;1;2;3;4","0;0;0;0;0;0;0;0;0;0;0;0;0;0;0;0;0;0;0;0;0;0;0;0;0;0;0;0;0;0;0;0;0;0;0;0;0;0;0;0;0;0;0;0;0;0;0;0;0;0;0;0;0;0;0;0;0;0;0;0;0;0;0;0;0;0;0;0;0;0;0;0;0","Imported from Hevy"
1970-01-01,imported_hevy,17_aug_2024,_05:38,"17 Aug 2024, 05:38",62,"0;1;2;3;4;5;6;7;8;0;1;2;3;4;5;6;7;0;1;2;3;0;1;2;3;4;0;1;2;3;4;0;1;2;3;0;1;2;3;4;0;1;2;3;4;5;6;7;0;1;2;3;4;0;1;2;3;0;1;2;3;4","0;0;0;0;0;0;0;0;0;0;0;0;0;0;0;0;0;0;0;0;0;0;0;0;0;0;0;0;0;0;0;0;0;0;0;0;0;0;0;0;0;0;0;0;0;0;0;0;0;0;0;0;0;0;0;0;0;0;0;0;0;0","Imported from Hevy"
1970-01-01,imported_hevy,14_aug_2024,_02:23,"14 Aug 2024, 02:23",61,"0;1;2;3;4;5;6;7;0;1;2;3;4;5;6;7;8;9;10;0;1;2;3;0;1;2;3;4;0;1;2;3;4;0;1;2;3;0;1;2;3;0;1;2;3;0;1;2;3;4;5;6;7;0;1;2;3;0;1;2;3","0;0;0;0;0;0;0;0;0;0;0;0;0;0;0;0;0;0;0;0;0;0;0;0;0;0;0;0;0;0;0;0;0;0;0;0;0;0;0;0;0;0;0;0;0;0;0;0;0;0;0;0;0;0;0;0;0;0;0;0;0","Imported from Hevy"
1970-01-01,imported_hevy,7_aug_2024,_04:13,"7 Aug 2024, 04:13",58,"0;1;2;3;4;5;6;0;1;2;3;4;5;6;7;8;9;0;1;2;3;0;1;2;3;4;0;1;2;3;4;5;6;7;0;1;2;3;0;1;2;3;0;1;2;3;0;1;2;3;4;5;6;7;0;1;2;3","0;0;0;0;0;0;0;0;0;0;0;0;0;0;0;0;0;0;0;0;0;0;0;0;0;0;0;0;0;0;0;0;0;0;0;0;0;0;0;0;0;0;0;0;0;0;0;0;0;0;0;0;0;0;0;0;0;0","Imported from Hevy"
1970-01-01,imported_hevy,31_jul_2024,_03:45,"31 Jul 2024, 03:45",37,"0;1;2;3;4;5;6;0;1;2;3;4;5;6;0;1;2;3;4;0;1;2;3;4;0;1;2;3;4;0;1;2;3;0;1;2;3","0;0;0;0;0;0;0;0;0;0;0;0;0;0;0;0;0;0;0;0;0;0;0;0;0;0;0;0;0;0;0;0;0;0;0;0;0","Imported from Hevy"
1970-01-01,imported_hevy,27_jul_2024,_02:41,"27 Jul 2024, 02:41",53,"0;1;2;3;4;5;6;0;1;2;3;4;5;0;1;2;3;4;5;6;7;8;0;1;2;3;0;1;2;3;0;1;2;3;4;0;1;2;3;4;5;6;0;1;2;0;1;2;3;0;1;2;3","0;0;0;0;0;0;0;0;0;0;0;0;0;0;0;0;0;0;0;0;0;0;0;0;0;0;0;0;0;0;0;0;0;0;0;0;0;0;0;0;0;0;0;0;0;0;0;0;0;0;0;0;0","Imported from Hevy"
1970-01-01,imported_hevy,24_jul_2024,_03:03,"24 Jul 2024, 03:03",38,"0;1;2;3;4;0;1;2;3;0;1;2;3;4;5;6;7;8;0;1;2;3;0;1;2;3;0;1;2;3;4;0;1;2;0;1;2;3","0;0;0;0;0;0;0;0;0;0;0;0;0;0;0;0;0;0;0;0;0;0;0;0;0;0;0;0;0;0;0;0;0;0;0;0;0;0","Imported from Hevy"
1970-01-01,imported_hevy,20_jul_2024,_02:52,"20 Jul 2024, 02:52",58,"0;1;2;3;4;5;6;0;1;2;3;4;5;6;7;0;1;2;3;4;5;6;0;1;2;3;0;1;2;3;0;1;2;3;0;1;2;3;4;5;6;7;0;1;2;3;0;1;2;3;0;1;2;3;0;1;2;3","0;0;0;0;0;0;0;0;0;0;0;0;0;0;0;0;0;0;0;0;0;0;0;0;0;0;0;0;0;0;0;0;0;0;0;0;0;0;0;0;0;0;0;0;0;0;0;0;0;0;0;0;0;0;0;0;0;0","Imported from Hevy"
1970-01-01,imported_hevy,17_jul_2024,_07:07,"17 Jul 2024, 07:07",49,"0;1;2;3;4;5;6;7;0;1;2;3;4;5;6;7;0;1;2;3;0;1;2;3;0;1;2;3;0;1;2;3;4;0;1;2;3;0;1;2;3;0;1;2;3;0;1;2;3","0;0;0;0;0;0;0;0;0;0;0;0;0;0;0;0;0;0;0;0;0;0;0;0;0;0;0;0;0;0;0;0;0;0;0;0;0;0;0;0;0;0;0;0;0;0;0;0;0","Imported from Hevy"
1970-01-01,imported_hevy,8_apr_2025,_02:47,"8 Apr 2025, 02:47",84,"0;1;2;3;4;5;0;1;2;3;0;1;2;3;0;1;2;3;0;1;2;3;0;1;2;3;0;1;2;3;4;0;1;2;3;0;1;2;3;4;0;1;2;3;4;5;6;7;0;1;2;3;0;1;2;3;0;1;2;3;0;1;2;3;0;1;2;3;4;5;6;7;0;1;2;3;0;1;2;3;0;1;2;3","0;0;0;0;0;0;0;0;0;0;0;0;0;0;0;0;0;0;0;0;0;0;0;0;0;0;0;0;0;0;0;0;0;0;0;0;0;0;0;0;0;0;0;0;0;0;0;0;0;0;0;0;0;0;0;0;0;0;0;0;0;0;0;0;0;0;0;0;0;0;0;0;0;0;0;0;0;0;0;0;0;0;0;0","Imported from Hevy"
1970-01-01,imported_hevy,4_apr_2025,_02:37,"4 Apr 2025, 02:37",68,"0;1;2;3;4;5;6;0;1;2;3;0;1;2;3;0;1;2;3;0;1;2;3;0;1;2;3;4;0;1;2;3;4;5;0;1;2;3;0;1;2;3;0;1;0;1;2;3;0;1;2;3;4;5;6;7;0;1;2;3;4;5;6;7;0;1;2;3","0;0;0;0;0;0;0;0;0;0;0;0;0;0;0;0;0;0;0;0;0;0;0;0;0;0;0;0;0;0;0;0;0;0;0;0;0;0;0;0;0;0;0;0;0;0;0;0;0;0;0;0;0;0;0;0;0;0;0;0;0;0;0;0;0;0;0;0","Imported from Hevy"
1970-01-01,imported_hevy,1_apr_2025,_02:29,"1 Apr 2025, 02:29",73,"0;1;2;3;4;5;6;0;1;2;3;0;1;2;3;0;1;2;3;4;0;1;2;3;0;1;2;3;0;1;2;3;4;0;1;2;3;4;0;1;0;1;2;3;0;1;2;3;0;1;2;3;0;1;2;3;4;5;6;7;0;1;2;3;0;1;2;3;4;0;1;2;3","0;0;0;0;0;0;0;0;0;0;0;0;0;0;0;0;0;0;0;0;0;0;0;0;0;0;0;0;0;0;0;0;0;0;0;0;0;0;0;0;0;0;0;0;0;0;0;0;0;0;0;0;0;0;0;0;0;0;0;0;0;0;0;0;0;0;0;0;0;0;0;0;0","Imported from Hevy"
1970-01-01,imported_hevy,28_mar_2025,_02:26,"28 Mar 2025, 02:26",92,"0;1;2;3;4;0;1;2;3;0;1;2;3;0;1;2;3;4;0;1;2;3;0;1;2;3;0;1;2;3;0;1;2;3;4;0;1;2;3;4;5;6;0;1;2;3;0;1;2;3;0;1;2;3;0;1;2;3;0;1;2;3;0;1;2;3;4;5;6;7;8;9;0;1;2;3;4;5;6;7;0;1;2;3;0;1;2;3;0;1;2;3","0;0;0;0;0;0;0;0;0;0;0;0;0;0;0;0;0;0;0;0;0;0;0;0;0;0;0;0;0;0;0;0;0;0;0;0;0;0;0;0;0;0;0;0;0;0;0;0;0;0;0;0;0;0;0;0;0;0;0;0;0;0;0;0;0;0;0;0;0;0;0;0;0;0;0;0;0;0;0;0;0;0;0;0;0;0;0;0;0;0;0;0","Imported from Hevy"
1970-01-01,imported_hevy,25_mar_2025,_02:39,"25 Mar 2025, 02:39",90,"0;1;2;3;4;0;1;2;3;4;0;1;2;3;0;1;2;3;0;1;2;3;0;1;2;3;0;1;2;3;0;1;2;3;4;0;1;2;3;4;5;6;7;0;1;2;3;0;1;2;3;0;1;2;3;0;1;2;3;0;1;2;3;0;1;2;3;4;5;6;7;0;1;2;3;4;5;6;7;0;1;2;0;1;2;3;0;1;2;3","0;0;0;0;0;0;0;0;0;0;0;0;0;0;0;0;0;0;0;0;0;0;0;0;0;0;0;0;0;0;0;0;0;0;0;0;0;0;0;0;0;0;0;0;0;0;0;0;0;0;0;0;0;0;0;0;0;0;0;0;0;0;0;0;0;0;0;0;0;0;0;0;0;0;0;0;0;0;0;0;0;0;0;0;0;0;0;0;0;0","Imported from Hevy"
1970-01-01,imported_hevy,21_mar_2025,_02:32,"21 Mar 2025, 02:32",68,"0;1;2;0;1;2;0;1;2;3;0;1;2;3;4;5;6;0;1;2;3;0;1;2;3;0;1;2;3;0;1;2;3;0;1;2;3;0;1;2;3;0;1;2;3;0;1;2;3;0;1;2;3;4;5;6;7;0;1;2;3;4;5;6;7;0;1;2","0;0;0;0;0;0;0;0;0;0;0;0;0;0;0;0;0;0;0;0;0;0;0;0;0;0;0;0;0;0;0;0;0;0;0;0;0;0;0;0;0;0;0;0;0;0;0;0;0;0;0;0;0;0;0;0;0;0;0;0;0;0;0;0;0;0;0;0","Imported from Hevy"
1970-01-01,imported_hevy,18_mar_2025,_02:58,"18 Mar 2025, 02:58",84,"0;1;2;3;0;1;2;3;4;0;1;2;3;0;1;2;3;0;1;2;3;0;1;2;3;4;0;1;2;3;4;5;6;7;0;1;2;3;4;5;6;7;0;1;2;3;0;1;2;3;4;0;1;2;3;0;1;2;3;0;1;2;3;4;5;6;7;0;1;2;3;4;5;6;7;0;1;2;0;1;2;3;0;1","0;0;0;0;0;0;0;0;0;0;0;0;0;0;0;0;0;0;0;0;0;0;0;0;0;0;0;0;0;0;0;0;0;0;0;0;0;0;0;0;0;0;0;0;0;0;0;0;0;0;0;0;0;0;0;0;0;0;0;0;0;0;0;0;0;0;0;0;0;0;0;0;0;0;0;0;0;0;0;0;0;0;0;0","Imported from Hevy"
1970-01-01,imported_hevy,14_mar_2025,_02:43,"14 Mar 2025, 02:43",93,"0;1;2;3;0;1;2;3;4;0;1;2;3;4;5;0;1;2;0;1;2;3;0;1;2;3;4;5;6;7;0;1;2;3;0;1;2;3;0;1;2;3;0;1;2;3;4;5;6;0;1;2;3;4;5;6;7;8;9;10;11;0;1;2;3;0;1;2;3;0;1;2;3;4;5;6;7;0;1;2;3;4;5;6;7;0;1;2;3;0;1;2;3","0;0;0;0;0;0;0;0;0;0;0;0;0;0;0;0;0;0;0;0;0;0;0;0;0;0;0;0;0;0;0;0;0;0;0;0;0;0;0;0;0;0;0;0;0;0;0;0;0;0;0;0;0;0;0;0;0;0;0;0;0;0;0;0;0;0;0;0;0;0;0;0;0;0;0;0;0;0;0;0;0;0;0;0;0;0;0;0;0;0;0;0;0","Imported from Hevy"
1970-01-01,imported_hevy,11_mar_2025,_03:25,"11 Mar 2025, 03:25",91,"0;1;2;3;0;1;2;3;4;0;1;2;3;0;1;2;3;4;0;1;2;3;4;5;6;7;0;1;2;3;0;1;2;3;4;5;6;7;0;1;2;0;1;2;3;4;5;6;7;8;9;10;11;0;1;2;3;4;0;1;2;3;0;1;2;3;4;5;6;7;0;1;2;3;4;5;6;7;0;1;2;3;0;1;2;3;0;1;2;3;4","0;0;0;0;0;0;0;0;0;0;0;0;0;0;0;0;0;0;0;0;0;0;0;0;0;0;0;0;0;0;0;0;0;0;0;0;0;0;0;0;0;0;0;0;0;0;0;0;0;0;0;0;0;0;0;0;0;0;0;0;0;0;0;0;0;0;0;0;0;0;0;0;0;0;0;0;0;0;0;0;0;0;0;0;0;0;0;0;0;0;0","Imported from Hevy"
1970-01-01,imported_hevy,7_mar_2025,_03:48,"7 Mar 2025, 03:48",86,"0;1;2;3;4;5;0;1;2;3;4;0;1;2;3;0;1;2;3;0;1;2;3;0;1;2;3;4;5;6;7;0;1;2;3;0;1;2;3;0;1;2;3;4;5;0;1;2;3;4;5;6;7;8;9;10;11;12;0;1;2;3;0;1;2;3;0;1;2;3;4;5;6;7;0;1;2;3;4;5;6;7;0;1;2;3","0;0;0;0;0;0;0;0;0;0;0;0;0;0;0;0;0;0;0;0;0;0;0;0;0;0;0;0;0;0;0;0;0;0;0;0;0;0;0;0;0;0;0;0;0;0;0;0;0;0;0;0;0;0;0;0;0;0;0;0;0;0;0;0;0;0;0;0;0;0;0;0;0;0;0;0;0;0;0;0;0;0;0;0;0;0","Imported from Hevy"
1970-01-01,imported_hevy,4_mar_2025,_04:58,"4 Mar 2025, 04:58",97,"0;1;2;3;4;0;1;2;3;0;1;2;3;0;1;2;3;0;1;2;3;0;1;2;3;4;5;6;7;0;1;2;3;0;1;2;3;0;1;2;3;4;5;6;7;0;1;2;3;4;5;6;0;1;2;3;4;5;6;7;8;9;10;11;12;0;1;2;3;0;1;2;3;0;1;2;3;4;5;6;7;0;1;2;3;4;5;6;7;0;1;2;3;0;1;2;3","0;0;0;0;0;0;0;0;0;0;0;0;0;0;0;0;0;0;0;0;0;0;0;0;0;0;0;0;0;0;0;0;0;0;0;0;0;0;0;0;0;0;0;0;0;0;0;0;0;0;0;0;0;0;0;0;0;0;0;0;0;0;0;0;0;0;0;0;0;0;0;0;0;0;0;0;0;0;0;0;0;0;0;0;0;0;0;0;0;0;0;0;0;0;0;0;0","Imported from Hevy"
1970-01-01,imported_hevy,28_feb_2025,_05:24,"28 Feb 2025, 05:24",86,"0;1;2;3;0;1;2;3;0;1;2;3;4;5;6;7;0;1;2;3;4;5;0;1;2;3;0;1;2;3;0;1;2;3;0;1;2;3;4;5;6;7;0;1;2;3;0;1;2;3;4;5;6;7;8;0;1;2;0;1;2;3;0;1;2;3;0;1;2;3;4;5;6;7;0;1;2;3;4;5;6;7;0;1;2;3","0;0;0;0;0;0;0;0;0;0;0;0;0;0;0;0;0;0;0;0;0;0;0;0;0;0;0;0;0;0;0;0;0;0;0;0;0;0;0;0;0;0;0;0;0;0;0;0;0;0;0;0;0;0;0;0;0;0;0;0;0;0;0;0;0;0;0;0;0;0;0;0;0;0;0;0;0;0;0;0;0;0;0;0;0;0","Imported from Hevy"
1970-01-01,imported_hevy,25_feb_2025,_05:44,"25 Feb 2025, 05:44",84,"0;1;2;3;4;5;0;1;2;3;4;5;0;1;2;3;0;1;2;3;0;1;2;3;0;1;2;3;0;1;2;3;4;5;6;7;0;1;2;3;0;1;2;3;4;5;6;7;0;1;2;3;4;0;1;2;0;1;2;3;0;1;2;3;4;5;6;7;0;1;2;3;4;5;6;7;0;1;2;3;0;1;2;3","0;0;0;0;0;0;0;0;0;0;0;0;0;0;0;0;0;0;0;0;0;0;0;0;0;0;0;0;0;0;0;0;0;0;0;0;0;0;0;0;0;0;0;0;0;0;0;0;0;0;0;0;0;0;0;0;0;0;0;0;0;0;0;0;0;0;0;0;0;0;0;0;0;0;0;0;0;0;0;0;0;0;0;0","Imported from Hevy"
1970-01-01,imported_hevy,21_feb_2025,_05:46,"21 Feb 2025, 05:46",74,"0;1;2;3;4;5;0;1;2;3;0;1;2;3;0;1;2;3;4;0;1;2;3;4;5;6;0;1;2;3;4;5;6;7;0;1;2;3;0;1;2;3;0;1;2;3;0;1;2;3;0;1;2;3;0;1;2;3;4;5;6;7;0;1;2;3;4;5;6;7;0;1;2;3","0;0;0;0;0;0;0;0;0;0;0;0;0;0;0;0;0;0;0;0;0;0;0;0;0;0;0;0;0;0;0;0;0;0;0;0;0;0;0;0;0;0;0;0;0;0;0;0;0;0;0;0;0;0;0;0;0;0;0;0;0;0;0;0;0;0;0;0;0;0;0;0;0;0","Imported from Hevy"
1970-01-01,imported_hevy,18_feb_2025,_06:57,"18 Feb 2025, 06:57",68,"0;1;2;3;4;5;6;0;1;2;3;4;5;6;7;0;1;2;3;0;0;1;2;3;4;5;6;7;0;1;2;3;0;1;2;3;4;5;6;7;0;1;2;3;0;1;2;3;0;1;2;3;4;5;6;7;0;1;2;3;4;5;6;7;0;1;2;3","0;0;0;0;0;0;0;0;0;0;0;0;0;0;0;0;0;0;0;0;0;0;0;0;0;0;0;0;0;0;0;0;0;0;0;0;0;0;0;0;0;0;0;0;0;0;0;0;0;0;0;0;0;0;0;0;0;0;0;0;0;0;0;0;0;0;0;0","Imported from Hevy"
1970-01-01,imported_hevy,14_feb_2025,_02:04,"14 Feb 2025, 02:04",77,"0;1;2;3;4;5;0;1;2;3;0;1;2;3;4;5;0;1;2;3;0;1;2;3;4;5;6;7;0;1;2;3;0;1;2;3;0;1;2;3;4;5;6;7;0;1;2;3;0;1;2;3;0;1;2;0;1;2;3;4;5;6;7;0;1;2;3;4;5;0;1;2;3;0;1;2;3","0;0;0;0;0;0;0;0;0;0;0;0;0;0;0;0;0;0;0;0;0;0;0;0;0;0;0;0;0;0;0;0;0;0;0;0;0;0;0;0;0;0;0;0;0;0;0;0;0;0;0;0;0;0;0;0;0;0;0;0;0;0;0;0;0;0;0;0;0;0;0;0;0;0;0;0;0","Imported from Hevy"
1970-01-01,imported_hevy,11_feb_2025,_02:13,"11 Feb 2025, 02:13",69,"0;1;2;3;4;5;0;1;2;3;4;5;6;0;1;2;3;0;1;2;3;4;0;1;2;3;0;1;2;3;4;5;6;7;0;1;2;3;0;1;2;3;4;5;6;7;0;1;2;3;4;0;1;0;1;2;3;4;5;6;7;0;1;2;3;0;1;2;3","0;0;0;0;0;0;0;0;0;0;0;0;0;0;0;0;0;0;0;0;0;0;0;0;0;0;0;0;0;0;0;0;0;0;0;0;0;0;0;0;0;0;0;0;0;0;0;0;0;0;0;0;0;0;0;0;0;0;0;0;0;0;0;0;0;0;0;0;0","Imported from Hevy"
1970-01-01,imported_hevy,7_feb_2025,_02:25,"7 Feb 2025, 02:25",73,"0;1;2;3;0;1;2;3;0;1;2;3;0;1;2;3;4;0;1;2;3;4;0;1;2;3;4;5;6;7;0;1;2;3;4;0;1;2;3;0;1;2;3;4;5;6;7;0;1;2;3;0;1;2;3;0;1;2;3;4;5;6;7;0;1;2;3;4;5;0;1;2;3","0;0;0;0;0;0;0;0;0;0;0;0;0;0;0;0;0;0;0;0;0;0;0;0;0;0;0;0;0;0;0;0;0;0;0;0;0;0;0;0;0;0;0;0;0;0;0;0;0;0;0;0;0;0;0;0;0;0;0;0;0;0;0;0;0;0;0;0;0;0;0;0;0","Imported from Hevy"
1970-01-01,imported_hevy,4_feb_2025,_02:16,"4 Feb 2025, 02:16",91,"0;1;2;3;0;1;2;3;0;1;2;3;0;1;2;3;4;0;1;2;3;4;0;1;2;3;4;5;6;7;0;1;2;3;4;0;1;2;3;0;1;2;3;4;5;6;7;0;1;2;3;0;1;2;0;1;2;3;0;1;2;3;4;5;6;7;0;1;2;3;4;5;0;1;2;3;0;1;2;3;0;1;2;0;1;2;3;0;1;2;3","0;0;0;0;0;0;0;0;0;0;0;0;0;0;0;0;0;0;0;0;0;0;0;0;0;0;0;0;0;0;0;0;0;0;0;0;0;0;0;0;0;0;0;0;0;0;0;0;0;0;0;0;0;0;0;0;0;0;0;0;0;0;0;0;0;0;0;0;0;0;0;0;0;0;0;0;0;0;0;0;0;0;0;0;0;0;0;0;0;0;0","Imported from Hevy"
1970-01-01,imported_hevy,31_jan_2025,_01:57,"31 Jan 2025, 01:57",51,"0;1;2;3;4;5;0;1;2;3;4;0;1;2;3;4;0;1;2;3;0;1;2;3;4;0;1;2;3;4;5;6;7;0;1;2;3;4;0;1;2;3;0;1;2;3;0;0;1;2;3","0;0;0;0;0;0;0;0;0;0;0;0;0;0;0;0;0;0;0;0;0;0;0;0;0;0;0;0;0;0;0;0;0;0;0;0;0;0;0;0;0;0;0;0;0;0;0;0;0;0;0","Imported from Hevy"
1970-01-01,imported_hevy,28_jan_2025,_02:10,"28 Jan 2025, 02:10",79,"0;1;2;3;4;5;6;0;1;2;3;0;1;2;3;4;0;1;2;3;0;1;2;3;4;0;1;2;3;4;5;6;7;0;1;2;3;0;1;2;3;0;1;2;3;4;5;6;0;1;2;3;0;1;2;3;0;1;2;3;0;1;2;3;4;5;6;7;0;1;2;0;1;2;3;0;1;2;3","0;0;0;0;0;0;0;0;0;0;0;0;0;0;0;0;0;0;0;0;0;0;0;0;0;0;0;0;0;0;0;0;0;0;0;0;0;0;0;0;0;0;0;0;0;0;0;0;0;0;0;0;0;0;0;0;0;0;0;0;0;0;0;0;0;0;0;0;0;0;0;0;0;0;0;0;0;0;0","Imported from Hevy"
1970-01-01,imported_hevy,24_jan_2025,_02:07,"24 Jan 2025, 02:07",92,"0;1;2;3;4;0;1;2;3;0;1;2;3;4;0;1;2;3;0;1;2;3;4;0;1;2;3;4;5;6;7;0;1;2;3;0;1;2;3;0;1;2;3;4;5;6;7;0;1;2;3;0;1;2;3;0;1;2;3;0;1;2;3;4;5;6;7;0;1;2;3;4;5;0;1;2;3;0;1;2;3;0;1;2;0;1;2;3;0;1;2;3","0;0;0;0;0;0;0;0;0;0;0;0;0;0;0;0;0;0;0;0;0;0;0;0;0;0;0;0;0;0;0;0;0;0;0;0;0;0;0;0;0;0;0;0;0;0;0;0;0;0;0;0;0;0;0;0;0;0;0;0;0;0;0;0;0;0;0;0;0;0;0;0;0;0;0;0;0;0;0;0;0;0;0;0;0;0;0;0;0;0;0;0","Imported from Hevy"
1970-01-01,imported_hevy,21_jan_2025,_02:10,"21 Jan 2025, 02:10",94,"0;1;2;3;4;0;1;2;3;0;1;2;3;4;0;1;2;3;0;1;2;3;4;0;1;2;3;4;5;6;7;8;9;0;1;2;3;4;0;1;2;3;0;1;2;3;4;5;6;7;0;1;2;3;0;1;2;3;0;1;2;3;0;1;2;3;4;5;6;7;0;1;2;3;4;5;0;1;2;3;0;1;2;3;0;1;2;0;1;2;3;0;1;2","0;0;0;0;0;0;0;0;0;0;0;0;0;0;0;0;0;0;0;0;0;0;0;0;0;0;0;0;0;0;0;0;0;0;0;0;0;0;0;0;0;0;0;0;0;0;0;0;0;0;0;0;0;0;0;0;0;0;0;0;0;0;0;0;0;0;0;0;0;0;0;0;0;0;0;0;0;0;0;0;0;0;0;0;0;0;0;0;0;0;0;0;0;0","Imported from Hevy"
1970-01-01,imported_hevy,17_jan_2025,_02:14,"17 Jan 2025, 02:14",84,"0;1;2;3;4;0;1;2;3;0;1;2;3;4;0;1;2;3;0;1;2;3;0;1;2;3;4;5;6;7;8;9;0;1;2;3;0;1;2;3;4;5;6;7;0;1;2;3;0;1;2;3;0;1;2;3;0;1;2;3;4;5;6;7;0;1;2;3;4;5;6;7;0;1;2;0;1;2;3;0;1;2;3;4","0;0;0;0;0;0;0;0;0;0;0;0;0;0;0;0;0;0;0;0;0;0;0;0;0;0;0;0;0;0;0;0;0;0;0;0;0;0;0;0;0;0;0;0;0;0;0;0;0;0;0;0;0;0;0;0;0;0;0;0;0;0;0;0;0;0;0;0;0;0;0;0;0;0;0;0;0;0;0;0;0;0;0;0","Imported from Hevy"
1970-01-01,imported_hevy,14_jan_2025,_02:24,"14 Jan 2025, 02:24",92,"0;1;2;3;0;1;2;3;0;1;2;3;4;0;1;2;3;0;1;2;3;4;0;1;2;3;4;5;6;7;8;9;0;1;2;0;1;2;3;0;1;2;3;4;5;6;7;0;1;2;3;0;1;2;3;0;1;2;3;0;1;2;3;4;5;6;7;0;1;2;3;4;5;6;7;0;1;2;3;4;5;0;1;2;3;0;1;2;0;1;2;3","0;0;0;0;0;0;0;0;0;0;0;0;0;0;0;0;0;0;0;0;0;0;0;0;0;0;0;0;0;0;0;0;0;0;0;0;0;0;0;0;0;0;0;0;0;0;0;0;0;0;0;0;0;0;0;0;0;0;0;0;0;0;0;0;0;0;0;0;0;0;0;0;0;0;0;0;0;0;0;0;0;0;0;0;0;0;0;0;0;0;0;0","Imported from Hevy"
1970-01-01,imported_hevy,10_jan_2025,_01:54,"10 Jan 2025, 01:54",82,"0;1;2;3;4;0;1;2;3;0;1;2;3;4;0;1;2;3;0;1;2;3;4;0;1;2;3;4;5;6;7;8;9;0;1;2;3;4;0;1;2;3;0;1;2;3;4;5;6;7;0;1;2;3;0;1;2;3;0;1;2;3;0;1;2;3;4;5;6;7;0;1;2;3;4;5;6;7;0;1;2;3","0;0;0;0;0;0;0;0;0;0;0;0;0;0;0;0;0;0;0;0;0;0;0;0;0;0;0;0;0;0;0;0;0;0;0;0;0;0;0;0;0;0;0;0;0;0;0;0;0;0;0;0;0;0;0;0;0;0;0;0;0;0;0;0;0;0;0;0;0;0;0;0;0;0;0;0;0;0;0;0;0;0","Imported from Hevy"
1970-01-01,imported_hevy,7_jan_2025,_04:29,"7 Jan 2025, 04:29",83,"0;1;2;3;0;1;2;3;0;1;2;3;4;0;1;2;3;0;1;2;3;0;1;2;3;4;5;6;7;8;9;0;1;2;3;4;0;1;2;3;0;1;2;3;4;5;6;7;0;1;0;1;2;3;0;1;2;3;0;1;2;3;4;5;6;7;0;1;2;3;4;5;6;7;0;1;2;3;0;1;2;3;4","0;0;0;0;0;0;0;0;0;0;0;0;0;0;0;0;0;0;0;0;0;0;0;0;0;0;0;0;0;0;0;0;0;0;0;0;0;0;0;0;0;0;0;0;0;0;0;0;0;0;0;0;0;0;0;0;0;0;0;0;0;0;0;0;0;0;0;0;0;0;0;0;0;0;0;0;0;0;0;0;0;0;0","Imported from Hevy"
1970-01-01,imported_hevy,3_jan_2025,_05:30,"3 Jan 2025, 05:30",85,"0;1;2;3;0;1;2;3;0;1;2;3;4;0;1;2;3;0;1;2;3;0;1;2;3;4;5;6;7;8;9;0;1;2;3;4;0;1;2;3;0;1;2;3;4;5;6;7;0;1;2;3;0;1;2;3;0;1;2;3;0;1;2;3;4;5;6;7;0;1;2;3;4;5;6;7;0;1;2;3;0;1;2;3;4","0;0;0;0;0;0;0;0;0;0;0;0;0;0;0;0;0;0;0;0;0;0;0;0;0;0;0;0;0;0;0;0;0;0;0;0;0;0;0;0;0;0;0;0;0;0;0;0;0;0;0;0;0;0;0;0;0;0;0;0;0;0;0;0;0;0;0;0;0;0;0;0;0;0;0;0;0;0;0;0;0;0;0;0;0","Imported from Hevy"
1970-01-01,imported_hevy,28_dec_2024,_02:47,"28 Dec 2024, 02:47",84,"0;1;2;3;0;1;2;3;0;1;2;3;4;0;1;2;3;0;1;2;3;0;1;2;3;4;5;6;7;8;9;0;1;2;3;0;1;2;3;0;1;2;3;4;5;6;7;0;1;2;3;0;1;2;3;0;1;2;3;0;1;2;3;4;5;6;7;0;1;2;3;4;5;6;7;0;1;2;3;0;1;2;3;4","0;0;0;0;0;0;0;0;0;0;0;0;0;0;0;0;0;0;0;0;0;0;0;0;0;0;0;0;0;0;0;0;0;0;0;0;0;0;0;0;0;0;0;0;0;0;0;0;0;0;0;0;0;0;0;0;0;0;0;0;0;0;0;0;0;0;0;0;0;0;0;0;0;0;0;0;0;0;0;0;0;0;0;0","Imported from Hevy"
1970-01-01,imported_hevy,20_dec_2024,_02:36,"20 Dec 2024, 02:36",68,"0;1;2;3;0;1;2;3;0;1;2;3;4;0;1;2;3;0;1;2;3;0;1;2;3;0;1;2;3;4;5;6;7;8;9;10;0;1;2;3;0;1;2;3;4;5;6;7;0;1;2;3;0;1;2;3;0;1;2;3;4;5;0;1;2;3;4;5","0;0;0;0;0;0;0;0;0;0;0;0;0;0;0;0;0;0;0;0;0;0;0;0;0;0;0;0;0;0;0;0;0;0;0;0;0;0;0;0;0;0;0;0;0;0;0;0;0;0;0;0;0;0;0;0;0;0;0;0;0;0;0;0;0;0;0;0","Imported from Hevy"
1970-01-01,imported_hevy,13_dec_2024,_03:12,"13 Dec 2024, 03:12",79,"0;1;2;3;0;1;2;3;0;1;2;3;4;0;1;2;3;0;1;2;3;0;1;2;3;0;1;2;3;4;5;6;7;8;9;0;1;2;3;0;1;2;3;4;5;6;7;0;1;2;3;0;1;2;3;0;1;2;3;4;5;6;7;0;1;2;3;4;5;6;7;0;1;2;3;0;1;2;3","0;0;0;0;0;0;0;0;0;0;0;0;0;0;0;0;0;0;0;0;0;0;0;0;0;0;0;0;0;0;0;0;0;0;0;0;0;0;0;0;0;0;0;0;0;0;0;0;0;0;0;0;0;0;0;0;0;0;0;0;0;0;0;0;0;0;0;0;0;0;0;0;0;0;0;0;0;0;0","Imported from Hevy"
1970-01-01,imported_hevy,10_dec_2024,_02:48,"10 Dec 2024, 02:48",88,"0;1;2;3;0;1;2;3;0;1;2;3;4;0;1;2;3;0;1;2;3;0;1;2;3;0;1;2;3;4;5;6;7;8;9;0;1;2;3;0;1;2;3;4;5;6;7;0;1;2;3;0;1;2;3;0;1;2;3;0;1;2;3;4;5;6;7;0;1;2;3;4;5;6;7;0;1;0;1;2;3;0;1;2;0;1;2;3","0;0;0;0;0;0;0;0;0;0;0;0;0;0;0;0;0;0;0;0;0;0;0;0;0;0;0;0;0;0;0;0;0;0;0;0;0;0;0;0;0;0;0;0;0;0;0;0;0;0;0;0;0;0;0;0;0;0;0;0;0;0;0;0;0;0;0;0;0;0;0;0;0;0;0;0;0;0;0;0;0;0;0;0;0;0;0;0","Imported from Hevy"
1970-01-01,imported_hevy,6_dec_2024,_02:21,"6 Dec 2024, 02:21",92,"0;1;2;3;4;5;6;0;1;2;3;4;5;6;0;1;2;3;4;0;1;2;3;4;0;1;2;3;4;5;6;7;8;9;0;1;2;3;4;5;6;0;1;2;3;4;5;6;0;1;2;3;0;1;2;3;0;1;2;3;4;0;1;2;3;4;5;6;7;0;1;2;3;4;5;0;1;2;3;0;1;2;3;4;0;1;2;3;0;1;2;3","0;0;0;0;0;0;0;0;0;0;0;0;0;0;0;0;0;0;0;0;0;0;0;0;0;0;0;0;0;0;0;0;0;0;0;0;0;0;0;0;0;0;0;0;0;0;0;0;0;0;0;0;0;0;0;0;0;0;0;0;0;0;0;0;0;0;0;0;0;0;0;0;0;0;0;0;0;0;0;0;0;0;0;0;0;0;0;0;0;0;0;0","Imported from Hevy"
1970-01-01,imported_hevy,3_dec_2024,_02:11,"3 Dec 2024, 02:11",94,"0;1;2;3;4;0;1;2;3;4;5;0;1;2;3;4;0;1;2;3;4;0;1;2;3;4;5;6;7;8;9;0;1;2;3;4;0;1;2;3;4;5;6;7;0;1;2;3;4;0;1;2;3;0;1;2;3;0;1;2;3;4;0;1;2;3;4;5;6;7;0;1;2;3;4;5;6;7;0;1;2;3;0;1;2;3;0;1;2;3;0;1;2;3","0;0;0;0;0;0;0;0;0;0;0;0;0;0;0;0;0;0;0;0;0;0;0;0;0;0;0;0;0;0;0;0;0;0;0;0;0;0;0;0;0;0;0;0;0;0;0;0;0;0;0;0;0;0;0;0;0;0;0;0;0;0;0;0;0;0;0;0;0;0;0;0;0;0;0;0;0;0;0;0;0;0;0;0;0;0;0;0;0;0;0;0;0;0","Imported from Hevy"
1970-01-01,imported_hevy,29_nov_2024,_02:21,"29 Nov 2024, 02:21",70,"0;1;2;3;0;1;2;3;4;5;0;1;2;3;4;0;1;2;3;4;0;1;2;3;4;5;6;7;8;9;0;1;2;3;4;0;1;2;3;4;5;6;7;0;1;2;3;0;1;2;3;0;1;0;1;2;3;4;0;1;2;3;0;1;2;3;0;1;2;3","0;0;0;0;0;0;0;0;0;0;0;0;0;0;0;0;0;0;0;0;0;0;0;0;0;0;0;0;0;0;0;0;0;0;0;0;0;0;0;0;0;0;0;0;0;0;0;0;0;0;0;0;0;0;0;0;0;0;0;0;0;0;0;0;0;0;0;0;0;0","Imported from Hevy"
1970-01-01,imported_hevy,26_nov_2024,_02:20,"26 Nov 2024, 02:20",52,"0;1;2;3;0;1;2;3;4;0;1;2;3;0;1;2;3;4;0;1;2;3;4;5;6;7;8;9;0;1;2;3;0;1;2;3;4;5;6;7;0;1;2;3;0;1;2;3;0;1;2;3","0;0;0;0;0;0;0;0;0;0;0;0;0;0;0;0;0;0;0;0;0;0;0;0;0;0;0;0;0;0;0;0;0;0;0;0;0;0;0;0;0;0;0;0;0;0;0;0;0;0;0;0","Imported from Hevy"
1970-01-01,imported_hevy,22_nov_2024,_02:17,"22 Nov 2024, 02:17",68,"0;1;2;3;4;0;1;2;3;4;0;1;2;3;0;1;2;3;4;0;1;2;3;4;5;6;7;8;9;0;1;2;3;0;1;2;3;4;5;6;7;0;1;2;0;1;2;3;0;1;2;3;4;0;1;2;3;4;5;0;1;2;3;4;5;0;1;2","0;0;0;0;0;0;0;0;0;0;0;0;0;0;0;0;0;0;0;0;0;0;0;0;0;0;0;0;0;0;0;0;0;0;0;0;0;0;0;0;0;0;0;0;0;0;0;0;0;0;0;0;0;0;0;0;0;0;0;0;0;0;0;0;0;0;0;0","Imported from Hevy"
1970-01-01,imported_hevy,19_nov_2024,_02:38,"19 Nov 2024, 02:38",89,"0;1;2;3;0;1;2;3;4;0;1;2;3;0;1;2;3;0;1;2;3;4;5;6;7;8;9;0;1;2;3;4;0;1;2;3;4;5;6;7;0;1;2;3;4;0;1;2;3;0;1;2;3;0;1;2;3;4;0;1;2;3;4;5;6;7;0;1;2;3;4;5;6;7;0;1;2;3;0;1;2;0;1;2;3;0;1;2;3","0;0;0;0;0;0;0;0;0;0;0;0;0;0;0;0;0;0;0;0;0;0;0;0;0;0;0;0;0;0;0;0;0;0;0;0;0;0;0;0;0;0;0;0;0;0;0;0;0;0;0;0;0;0;0;0;0;0;0;0;0;0;0;0;0;0;0;0;0;0;0;0;0;0;0;0;0;0;0;0;0;0;0;0;0;0;0;0;0","Imported from Hevy"
1970-01-01,imported_hevy,15_nov_2024,_02:31,"15 Nov 2024, 02:31",78,"0;1;2;3;4;5;0;1;2;3;4;5;0;1;2;3;0;1;2;3;0;1;2;3;4;5;6;7;8;9;0;1;2;3;4;0;1;2;3;4;5;6;7;0;1;2;3;4;0;1;2;3;0;1;2;3;0;1;2;3;4;5;6;7;0;1;2;3;4;5;0;1;2;3;0;1;2;3","0;0;0;0;0;0;0;0;0;0;0;0;0;0;0;0;0;0;0;0;0;0;0;0;0;0;0;0;0;0;0;0;0;0;0;0;0;0;0;0;0;0;0;0;0;0;0;0;0;0;0;0;0;0;0;0;0;0;0;0;0;0;0;0;0;0;0;0;0;0;0;0;0;0;0;0;0;0","Imported from Hevy"
1970-01-01,imported_hevy,12_nov_2024,_02:39,"12 Nov 2024, 02:39",60,"0;1;2;3;4;0;1;2;3;4;5;6;7;0;1;2;3;0;1;2;3;0;1;2;3;4;5;6;7;8;9;0;1;2;3;0;1;2;3;4;5;6;7;0;1;2;3;0;1;2;3;0;1;2;3;0;1;2;3;4","0;0;0;0;0;0;0;0;0;0;0;0;0;0;0;0;0;0;0;0;0;0;0;0;0;0;0;0;0;0;0;0;0;0;0;0;0;0;0;0;0;0;0;0;0;0;0;0;0;0;0;0;0;0;0;0;0;0;0;0","Imported from Hevy"
1970-01-01,imported_hevy,8_nov_2024,_02:30,"8 Nov 2024, 02:30",96,"0;1;2;3;4;0;1;2;3;4;5;0;1;2;3;4;0;1;2;3;4;0;1;2;3;4;5;6;7;8;9;0;1;2;3;4;0;1;2;3;4;5;6;7;8;0;1;2;3;4;0;1;2;3;0;1;2;3;0;1;2;3;0;1;2;3;4;5;6;7;0;1;2;3;4;5;6;7;0;1;2;3;0;1;2;3;4;0;0;1;2;3;0;1;2;3","0;0;0;0;0;0;0;0;0;0;0;0;0;0;0;0;0;0;0;0;0;0;0;0;0;0;0;0;0;0;0;0;0;0;0;0;0;0;0;0;0;0;0;0;0;0;0;0;0;0;0;0;0;0;0;0;0;0;0;0;0;0;0;0;0;0;0;0;0;0;0;0;0;0;0;0;0;0;0;0;0;0;0;0;0;0;0;0;0;0;0;0;0;0;0;0","Imported from Hevy"
1970-01-01,imported_hevy,5_nov_2024,_02:31,"5 Nov 2024, 02:31",71,"0;1;2;3;4;0;1;2;3;4;5;0;1;2;3;0;1;2;3;0;1;2;3;4;5;6;7;8;9;0;1;2;3;0;1;2;3;4;5;6;0;1;2;3;4;0;1;2;3;0;1;2;3;4;0;1;2;3;4;0;1;2;3;4;5;6;7;0;1;2;3","0;0;0;0;0;0;0;0;0;0;0;0;0;0;0;0;0;0;0;0;0;0;0;0;0;0;0;0;0;0;0;0;0;0;0;0;0;0;0;0;0;0;0;0;0;0;0;0;0;0;0;0;0;0;0;0;0;0;0;0;0;0;0;0;0;0;0;0;0;0;0","Imported from Hevy"
1970-01-01,imported_hevy,29_oct_2024,_04:38,"29 Oct 2024, 04:38",95,"0;1;2;3;4;0;1;2;3;4;5;6;0;1;2;3;4;0;1;2;3;4;0;1;2;3;4;5;6;7;8;9;0;1;2;3;4;0;1;2;3;4;5;6;7;8;9;0;1;2;3;4;0;1;2;3;0;1;2;3;4;0;1;2;3;4;0;1;2;3;4;5;6;7;8;9;0;1;2;3;4;5;6;7;0;1;2;0;1;2;3;0;1;2;3","0;0;0;0;0;0;0;0;0;0;0;0;0;0;0;0;0;0;0;0;0;0;0;0;0;0;0;0;0;0;0;0;0;0;0;0;0;0;0;0;0;0;0;0;0;0;0;0;0;0;0;0;0;0;0;0;0;0;0;0;0;0;0;0;0;0;0;0;0;0;0;0;0;0;0;0;0;0;0;0;0;0;0;0;0;0;0;0;0;0;0;0;0;0;0","Imported from Hevy"
1970-01-01,imported_hevy,22_oct_2024,_02:48,"22 Oct 2024, 02:48",52,"0;1;2;3;4;5;0;1;2;3;0;1;2;3;4;5;6;7;8;9;0;1;2;3;0;1;2;3;0;1;2;3;4;5;6;7;0;1;2;3;0;1;2;3;0;1;2;3;0;1;2;3","0;0;0;0;0;0;0;0;0;0;0;0;0;0;0;0;0;0;0;0;0;0;0;0;0;0;0;0;0;0;0;0;0;0;0;0;0;0;0;0;0;0;0;0;0;0;0;0;0;0;0;0","Imported from Hevy"
1970-01-01,imported_hevy,18_oct_2024,_04:46,"18 Oct 2024, 04:46",71,"0;1;2;3;4;5;0;1;2;3;0;1;2;3;4;5;6;7;8;9;0;1;2;3;0;1;2;3;0;1;2;3;4;5;6;0;1;2;3;0;1;2;3;0;1;2;3;0;1;2;3;4;5;6;7;0;1;2;3;4;5;6;7;0;1;2;3;0;1;2;3","0;0;0;0;0;0;0;0;0;0;0;0;0;0;0;0;0;0;0;0;0;0;0;0;0;0;0;0;0;0;0;0;0;0;0;0;0;0;0;0;0;0;0;0;0;0;0;0;0;0;0;0;0;0;0;0;0;0;0;0;0;0;0;0;0;0;0;0;0;0;0","Imported from Hevy"
1970-01-01,imported_hevy,15_oct_2024,_03:11,"15 Oct 2024, 03:11",47,"0;1;2;3;4;5;6;0;1;2;3;0;1;2;3;4;5;6;7;8;9;0;1;2;3;0;1;2;3;0;1;2;3;4;5;6;7;0;1;2;3;0;1;2;3;0;1","0;0;0;0;0;0;0;0;0;0;0;0;0;0;0;0;0;0;0;0;0;0;0;0;0;0;0;0;0;0;0;0;0;0;0;0;0;0;0;0;0;0;0;0;0;0;0","Imported from Hevy"
1970-01-01,imported_hevy,11_oct_2024,_02:52,"11 Oct 2024, 02:52",69,"0;1;2;3;4;0;1;2;3;0;1;2;3;4;5;6;7;8;9;0;1;2;3;4;0;1;2;3;4;0;1;2;3;4;5;6;7;0;1;2;3;0;1;2;3;0;1;2;3;0;1;2;3;0;1;2;3;4;5;6;7;0;1;2;3;4;5;6;7","0;0;0;0;0;0;0;0;0;0;0;0;0;0;0;0;0;0;0;0;0;0;0;0;0;0;0;0;0;0;0;0;0;0;0;0;0;0;0;0;0;0;0;0;0;0;0;0;0;0;0;0;0;0;0;0;0;0;0;0;0;0;0;0;0;0;0;0;0","Imported from Hevy"
1970-01-01,imported_hevy,8_oct_2024,_02:59,"8 Oct 2024, 02:59",96,"0;1;2;3;4;0;1;2;3;4;0;1;2;3;4;5;6;7;8;9;0;1;2;3;4;0;1;2;3;4;0;1;2;3;4;5;6;7;0;1;2;3;4;0;1;2;3;0;1;2;3;0;1;2;3;0;1;2;3;4;0;1;2;3;4;5;6;7;8;9;0;1;2;3;4;5;6;7;0;1;2;3;4;0;1;2;3;4;0;1;2;3;0;1;2;3","0;0;0;0;0;0;0;0;0;0;0;0;0;0;0;0;0;0;0;0;0;0;0;0;0;0;0;0;0;0;0;0;0;0;0;0;0;0;0;0;0;0;0;0;0;0;0;0;0;0;0;0;0;0;0;0;0;0;0;0;0;0;0;0;0;0;0;0;0;0;0;0;0;0;0;0;0;0;0;0;0;0;0;0;0;0;0;0;0;0;0;0;0;0;0;0","Imported from Hevy"
1970-01-01,imported_hevy,4_oct_2024,_03:01,"4 Oct 2024, 03:01",100,"0;1;2;3;4;5;6;7;0;1;2;3;4;0;1;2;3;4;5;6;7;8;9;10;0;1;2;3;4;0;1;2;3;4;0;1;2;3;4;5;6;7;0;1;2;3;4;0;1;2;3;0;1;2;3;0;1;2;3;0;1;2;3;4;0;1;2;3;4;5;6;7;0;1;2;3;4;5;6;7;8;9;0;1;2;3;4;0;1;2;3;4;0;1;2;3;0;1;2;3","0;0;0;0;0;0;0;0;0;0;0;0;0;0;0;0;0;0;0;0;0;0;0;0;0;0;0;0;0;0;0;0;0;0;0;0;0;0;0;0;0;0;0;0;0;0;0;0;0;0;0;0;0;0;0;0;0;0;0;0;0;0;0;0;0;0;0;0;0;0;0;0;0;0;0;0;0;0;0;0;0;0;0;0;0;0;0;0;0;0;0;0;0;0;0;0;0;0;0;0","Imported from Hevy"
1970-01-01,imported_hevy,1_oct_2024,_03:08,"1 Oct 2024, 03:08",82,"0;1;2;3;4;0;1;2;3;0;1;2;3;4;5;6;7;8;0;1;2;3;0;1;2;3;0;1;2;3;0;1;2;3;4;0;1;2;3;0;1;2;0;1;2;3;0;1;2;3;0;1;2;3;4;5;6;7;0;1;2;3;4;5;6;7;8;9;0;1;2;3;4;0;1;2;3;4;0;1;2;3","0;0;0;0;0;0;0;0;0;0;0;0;0;0;0;0;0;0;0;0;0;0;0;0;0;0;0;0;0;0;0;0;0;0;0;0;0;0;0;0;0;0;0;0;0;0;0;0;0;0;0;0;0;0;0;0;0;0;0;0;0;0;0;0;0;0;0;0;0;0;0;0;0;0;0;0;0;0;0;0;0;0","Imported from Hevy"
1970-01-01,imported_hevy,27_sep_2024,_03:15,"27 Sep 2024, 03:15",83,"0;1;2;3;4;0;1;2;3;4;5;6;7;8;0;1;2;3;0;1;2;3;0;1;2;3;0;1;2;3;0;1;2;3;0;1;2;3;0;1;2;0;1;2;3;0;1;2;3;0;1;2;3;4;5;6;7;0;1;2;3;4;5;6;7;0;1;2;3;0;1;2;3;0;0;0;1;2;3;0;1;2;3","0;0;0;0;0;0;0;0;0;0;0;0;0;0;0;0;0;0;0;0;0;0;0;0;0;0;0;0;0;0;0;0;0;0;0;0;0;0;0;0;0;0;0;0;0;0;0;0;0;0;0;0;0;0;0;0;0;0;0;0;0;0;0;0;0;0;0;0;0;0;0;0;0;0;0;0;0;0;0;0;0;0;0","Imported from Hevy"
1970-01-01,imported_hevy,24_sep_2024,_04:22,"24 Sep 2024, 04:22",66,"0;1;2;3;4;0;1;2;3;4;5;6;7;8;0;1;2;3;0;1;2;3;0;1;2;3;0;1;2;3;0;1;2;3;0;1;2;3;0;1;2;3;0;1;2;3;0;1;2;3;0;1;2;3;4;5;6;7;0;1;2;3;4;5;6;7","0;0;0;0;0;0;0;0;0;0;0;0;0;0;0;0;0;0;0;0;0;0;0;0;0;0;0;0;0;0;0;0;0;0;0;0;0;0;0;0;0;0;0;0;0;0;0;0;0;0;0;0;0;0;0;0;0;0;0;0;0;0;0;0;0;0","Imported from Hevy"
1970-01-01,imported_hevy,13_sep_2024,_05:02,"13 Sep 2024, 05:02",77,"0;1;2;3;4;5;0;1;2;3;4;0;1;2;3;0;1;2;3;4;5;6;7;8;9;10;11;0;1;2;3;0;1;2;3;0;1;2;3;4;0;1;2;3;0;1;2;3;4;0;1;2;3;4;5;0;1;2;3;4;0;1;2;3;0;1;2;3;0;1;2;3;0;1;2;3;4","0;0;0;0;0;0;0;0;0;0;0;0;0;0;0;0;0;0;0;0;0;0;0;0;0;0;0;0;0;0;0;0;0;0;0;0;0;0;0;0;0;0;0;0;0;0;0;0;0;0;0;0;0;0;0;0;0;0;0;0;0;0;0;0;0;0;0;0;0;0;0;0;0;0;0;0;0","Imported from Hevy"
1970-01-01,imported_hevy,10_sep_2024,_03:02,"10 Sep 2024, 03:02",75,"0;1;2;3;4;0;1;2;3;0;1;2;3;0;1;2;3;4;5;6;7;0;1;2;3;0;1;2;3;0;1;2;3;0;1;2;3;0;1;2;3;0;1;2;3;4;0;1;2;3;0;1;2;3;0;1;2;3;0;1;2;3;0;1;2;3;0;1;2;3;0;0;1;2;3","0;0;0;0;0;0;0;0;0;0;0;0;0;0;0;0;0;0;0;0;0;0;0;0;0;0;0;0;0;0;0;0;0;0;0;0;0;0;0;0;0;0;0;0;0;0;0;0;0;0;0;0;0;0;0;0;0;0;0;0;0;0;0;0;0;0;0;0;0;0;0;0;0;0;0","Imported from Hevy"
1970-01-01,imported_hevy,6_sep_2024,_03:15,"6 Sep 2024, 03:15",67,"0;1;2;3;4;5;6;7;8;0;1;2;3;4;0;1;2;3;4;0;1;2;3;4;5;6;7;8;9;0;1;2;3;4;0;1;2;3;4;5;6;0;1;2;3;4;0;1;2;3;4;0;1;2;3;4;5;0;1;2;3;4;0;1;2;3;0","0;0;0;0;0;0;0;0;0;0;0;0;0;0;0;0;0;0;0;0;0;0;0;0;0;0;0;0;0;0;0;0;0;0;0;0;0;0;0;0;0;0;0;0;0;0;0;0;0;0;0;0;0;0;0;0;0;0;0;0;0;0;0;0;0;0;0","Imported from Hevy"
1970-01-01,imported_hevy,3_sep_2024,_03:18,"3 Sep 2024, 03:18",90,"0;1;2;3;4;5;6;7;0;1;2;3;0;1;2;3;4;5;6;7;8;9;0;1;2;3;4;0;1;2;3;4;5;0;1;2;3;4;0;1;2;3;0;1;2;3;4;0;1;2;3;4;0;1;2;3;4;5;0;1;2;3;0;1;2;3;0;1;2;3;4;0;1;2;3;0;1;2;3;0;1;2;3;0;0;1;2;3;4;5","0;0;0;0;0;0;0;0;0;0;0;0;0;0;0;0;0;0;0;0;0;0;0;0;0;0;0;0;0;0;0;0;0;0;0;0;0;0;0;0;0;0;0;0;0;0;0;0;0;0;0;0;0;0;0;0;0;0;0;0;0;0;0;0;0;0;0;0;0;0;0;0;0;0;0;0;0;0;0;0;0;0;0;0;0;0;0;0;0;0","Imported from Hevy"
1970-01-01,imported_hevy,30_aug_2024,_04:00,"30 Aug 2024, 04:00",96,"0;1;2;3;4;5;6;7;0;1;2;3;4;0;1;2;3;4;5;6;7;8;9;0;1;2;3;4;0;1;2;3;4;0;1;2;3;4;0;1;2;3;4;0;1;2;3;4;0;1;2;3;4;5;0;1;2;3;4;0;1;2;3;0;1;2;3;4;0;1;2;3;4;0;1;2;3;4;0;1;2;3;4;0;1;2;3;0;1;2;3;4;0;1;2;0","0;0;0;0;0;0;0;0;0;0;0;0;0;0;0;0;0;0;0;0;0;0;0;0;0;0;0;0;0;0;0;0;0;0;0;0;0;0;0;0;0;0;0;0;0;0;0;0;0;0;0;0;0;0;0;0;0;0;0;0;0;0;0;0;0;0;0;0;0;0;0;0;0;0;0;0;0;0;0;0;0;0;0;0;0;0;0;0;0;0;0;0;0;0;0;0","Imported from Hevy"
1970-01-01,imported_hevy,27_aug_2024,_02:36,"27 Aug 2024, 02:36",91,"0;1;2;3;4;5;6;7;8;0;1;2;3;4;5;6;7;8;9;0;1;2;3;4;5;6;7;0;1;2;3;4;0;1;2;3;4;0;1;2;3;4;0;1;2;3;4;0;1;2;3;4;1;2;3;4;5;0;1;2;3;4;0;1;2;3;4;0;1;2;3;4;0;1;2;3;0;1;2;3;4;0;1;2;3;4;0;1;2;3;4","0;0;0;0;0;0;0;0;0;0;0;0;0;0;0;0;0;0;0;0;0;0;0;0;0;0;0;0;0;0;0;0;0;0;0;0;0;0;0;0;0;0;0;0;0;0;0;0;0;0;0;0;0;0;0;0;0;0;0;0;0;0;0;0;0;0;0;0;0;0;0;0;0;0;0;0;0;0;0;0;0;0;0;0;0;0;0;0;0;0;0","Imported from Hevy"
1970-01-01,imported_hevy,23_aug_2024,_02:44,"23 Aug 2024, 02:44",92,"0;1;2;3;4;5;6;7;0;1;2;3;4;5;6;7;8;9;0;1;2;3;4;5;6;0;1;2;3;4;0;1;2;3;0;1;2;3;4;0;1;2;3;4;5;6;0;1;2;3;4;5;0;1;2;3;4;0;1;2;3;4;0;1;2;3;4;0;1;2;3;4;5;6;7;0;1;2;3;4;0;1;2;3;4;5;0;1;2;3;4;5","0;0;0;0;0;0;0;0;0;0;0;0;0;0;0;0;0;0;0;0;0;0;0;0;0;0;0;0;0;0;0;0;0;0;0;0;0;0;0;0;0;0;0;0;0;0;0;0;0;0;0;0;0;0;0;0;0;0;0;0;0;0;0;0;0;0;0;0;0;0;0;0;0;0;0;0;0;0;0;0;0;0;0;0;0;0;0;0;0;0;0;0","Imported from Hevy"
1970-01-01,imported_hevy,20_aug_2024,_03:12,"20 Aug 2024, 03:12",92,"0;1;2;3;4;5;6;7;0;1;2;3;4;5;6;7;8;9;0;1;2;3;4;5;0;1;2;3;0;1;2;3;4;0;1;2;3;4;0;1;2;3;4;0;1;2;3;4;5;6;0;1;2;3;4;0;1;2;3;4;0;1;2;3;4;0;1;2;3;0;1;2;3;4;5;6;7;0;1;2;3;4;0;1;2;3;4;0;1;2;3;4","0;0;0;0;0;0;0;0;0;0;0;0;0;0;0;0;0;0;0;0;0;0;0;0;0;0;0;0;0;0;0;0;0;0;0;0;0;0;0;0;0;0;0;0;0;0;0;0;0;0;0;0;0;0;0;0;0;0;0;0;0;0;0;0;0;0;0;0;0;0;0;0;0;0;0;0;0;0;0;0;0;0;0;0;0;0;0;0;0;0;0;0","Imported from Hevy"
1970-01-01,imported_hevy,16_aug_2024,_06:55,"16 Aug 2024, 06:55",60,"0;1;2;3;4;0;1;2;3;4;5;6;7;0;1;2;3;0;1;2;3;0;1;2;3;0;1;2;3;0;1;2;3;0;1;2;3;0;1;2;3;4;0;1;2;3;0;1;2;3;4;0;0;1;2;3;0;1;2;3","0;0;0;0;0;0;0;0;0;0;0;0;0;0;0;0;0;0;0;0;0;0;0;0;0;0;0;0;0;0;0;0;0;0;0;0;0;0;0;0;0;0;0;0;0;0;0;0;0;0;0;0;0;0;0;0;0;0;0;0","Imported from Hevy"
1970-01-01,imported_hevy,13_aug_2024,_02:34,"13 Aug 2024, 02:34",66,"0;1;2;3;4;5;0;1;2;3;4;5;6;7;8;9;10;11;0;1;2;3;0;1;2;3;0;1;2;3;0;1;2;3;0;1;2;3;4;0;1;2;3;0;1;2;3;0;1;2;3;0;1;2;3;0;1;2;3;0;1;2;0;1;2;3","0;0;0;0;0;0;0;0;0;0;0;0;0;0;0;0;0;0;0;0;0;0;0;0;0;0;0;0;0;0;0;0;0;0;0;0;0;0;0;0;0;0;0;0;0;0;0;0;0;0;0;0;0;0;0;0;0;0;0;0;0;0;0;0;0;0","Imported from Hevy"
1970-01-01,imported_hevy,9_aug_2024,_02:45,"9 Aug 2024, 02:45",64,"0;1;2;3;4;5;0;1;2;3;4;5;6;7;0;1;2;3;0;1;2;3;0;1;2;3;0;1;2;3;0;1;2;3;4;0;1;2;3;0;1;2;3;0;1;2;3;4;0;1;2;3;0;1;2;3;0;1;2;3;0;1;2;3","0;0;0;0;0;0;0;0;0;0;0;0;0;0;0;0;0;0;0;0;0;0;0;0;0;0;0;0;0;0;0;0;0;0;0;0;0;0;0;0;0;0;0;0;0;0;0;0;0;0;0;0;0;0;0;0;0;0;0;0;0;0;0;0","Imported from Hevy"
1970-01-01,imported_hevy,6_aug_2024,_02:57,"6 Aug 2024, 02:57",66,"0;1;2;3;4;5;0;1;2;3;4;5;6;7;8;9;0;1;2;3;0;1;2;3;0;1;2;3;0;1;2;3;0;1;2;3;4;0;1;2;0;1;2;3;0;1;2;3;4;0;1;2;3;0;1;2;3;0;1;2;3;4;5;0;1;2","0;0;0;0;0;0;0;0;0;0;0;0;0;0;0;0;0;0;0;0;0;0;0;0;0;0;0;0;0;0;0;0;0;0;0;0;0;0;0;0;0;0;0;0;0;0;0;0;0;0;0;0;0;0;0;0;0;0;0;0;0;0;0;0;0;0","Imported from Hevy"
1970-01-01,imported_hevy,2_aug_2024,_03:18,"2 Aug 2024, 03:18",59,"0;1;2;3;0;1;2;3;4;5;6;7;0;1;2;3;0;1;2;3;0;1;2;3;0;1;2;3;0;1;2;3;4;0;1;2;3;0;1;2;3;0;1;2;3;0;1;2;3;4;0;1;2;3;0;1;2;3;0","0;0;0;0;0;0;0;0;0;0;0;0;0;0;0;0;0;0;0;0;0;0;0;0;0;0;0;0;0;0;0;0;0;0;0;0;0;0;0;0;0;0;0;0;0;0;0;0;0;0;0;0;0;0;0;0;0;0;0","Imported from Hevy"
1970-01-01,imported_hevy,30_jul_2024,_03:02,"30 Jul 2024, 03:02",51,"0;1;2;3;0;1;2;3;4;5;6;7;0;1;2;3;0;1;2;3;4;0;1;2;3;0;1;2;3;4;0;1;2;3;0;1;2;3;0;1;2;3;0;1;2;3;0;1;2;3;4","0;0;0;0;0;0;0;0;0;0;0;0;0;0;0;0;0;0;0;0;0;0;0;0;0;0;0;0;0;0;0;0;0;0;0;0;0;0;0;0;0;0;0;0;0;0;0;0;0;0;0","Imported from Hevy"
1970-01-01,imported_hevy,26_jul_2024,_03:14,"26 Jul 2024, 03:14",37,"0;1;2;3;0;1;2;3;0;1;2;3;0;1;2;3;4;0;1;2;3;4;0;1;2;0;1;2;3;0;1;2;3;0;1;2;3","0;0;0;0;0;0;0;0;0;0;0;0;0;0;0;0;0;0;0;0;0;0;0;0;0;0;0;0;0;0;0;0;0;0;0;0;0","Imported from Hevy"
1970-01-01,imported_hevy,23_jul_2024,_03:21,"23 Jul 2024, 03:21",35,"0;1;2;3;0;1;2;3;4;0;1;2;3;4;0;1;2;3;0;1;2;3;0;1;2;3;4;0;1;2;3;0;1;2;3","0;0;0;0;0;0;0;0;0;0;0;0;0;0;0;0;0;0;0;0;0;0;0;0;0;0;0;0;0;0;0;0;0;0;0","Imported from Hevy"
1970-01-01,imported_hevy,19_jul_2024,_03:11,"19 Jul 2024, 03:11",23,"0;1;2;3;0;1;2;3;4;0;1;2;3;4;0;1;2;3;4;0;1;2;3","0;0;0;0;0;0;0;0;0;0;0;0;0;0;0;0;0;0;0;0;0;0;0","Imported from Hevy"
1970-01-01,imported_hevy,7_apr_2025,_06:55,"7 Apr 2025, 06:55",63,"0;1;2;3;4;0;1;2;3;4;0;1;2;3;0;1;2;3;0;1;2;3;4;5;6;7;8;9;0;1;2;3;0;1;2;3;4;0;1;2;3;0;1;2;3;0;1;2;3;0;1;2;0;1;2;0;1;2;0;1;0;1;2","0;0;0;0;0;0;0;0;0;0;0;0;0;0;0;0;0;0;0;0;0;0;0;0;0;0;0;0;0;0;0;0;0;0;0;0;0;0;0;0;0;0;0;0;0;0;0;0;0;0;0;0;0;0;0;0;0;0;0;0;0;0;0","Imported from Hevy"
1970-01-01,imported_hevy,3_apr_2025,_01:57,"3 Apr 2025, 01:57",96,"0;1;2;3;0;1;2;3;0;1;2;3;0;1;2;3;0;1;2;3;4;5;6;7;8;9;10;11;0;1;2;3;0;1;2;3;4;5;0;1;2;3;0;1;2;3;4;5;0;1;2;3;0;1;2;3;4;5;0;1;2;3;0;1;2;3;4;0;1;2;3;0;1;2;3;0;1;2;3;0;1;2;3;4;0;1;2;3;0;1;2;3;0;1;2;3","0;0;0;0;0;0;0;0;0;0;0;0;0;0;0;0;0;0;0;0;0;0;0;0;0;0;0;0;0;0;0;0;0;0;0;0;0;0;0;0;0;0;0;0;0;0;0;0;0;0;0;0;0;0;0;0;0;0;0;0;0;0;0;0;0;0;0;0;0;0;0;0;0;0;0;0;0;0;0;0;0;0;0;0;0;0;0;0;0;0;0;0;0;0;0;0","Imported from Hevy"
1970-01-01,imported_hevy,31_mar_2025,_07:58,"31 Mar 2025, 07:58",56,"0;1;2;3;0;1;2;3;0;1;2;3;0;1;2;3;0;1;2;3;4;5;6;7;0;1;2;3;4;0;1;2;3;0;1;2;3;0;1;2;3;0;1;2;3;0;1;2;3;0;1;2;3;0;1;2","0;0;0;0;0;0;0;0;0;0;0;0;0;0;0;0;0;0;0;0;0;0;0;0;0;0;0;0;0;0;0;0;0;0;0;0;0;0;0;0;0;0;0;0;0;0;0;0;0;0;0;0;0;0;0;0","Imported from Hevy"
1970-01-01,imported_hevy,27_mar_2025,_02:04,"27 Mar 2025, 02:04",103,"0;1;2;3;0;1;2;3;0;1;2;3;4;0;1;2;3;4;5;6;7;8;9;0;1;2;3;4;5;6;0;1;2;3;0;1;2;3;4;0;1;2;3;4;0;1;2;3;0;1;2;3;0;1;2;3;0;1;2;0;1;2;3;0;1;2;3;0;1;2;3;4;5;0;1;2;3;0;1;2;0;1;2;3;0;1;2;3;4;5;6;0;1;2;3;4;5;6;7;8;9;10;11","0;0;0;0;0;0;0;0;0;0;0;0;0;0;0;0;0;0;0;0;0;0;0;0;0;0;0;0;0;0;0;0;0;0;0;0;0;0;0;0;0;0;0;0;0;0;0;0;0;0;0;0;0;0;0;0;0;0;0;0;0;0;0;0;0;0;0;0;0;0;0;0;0;0;0;0;0;0;0;0;0;0;0;0;0;0;0;0;0;0;0;0;0;0;0;0;0;0;0;0;0;0;0","Imported from Hevy"
1970-01-01,imported_hevy,24_mar_2025,_08:08,"24 Mar 2025, 08:08",76,"0;1;2;3;4;0;1;2;3;0;1;2;3;0;1;2;3;4;5;6;7;8;9;0;1;2;3;4;0;1;2;3;0;1;2;3;4;5;6;7;0;1;2;3;0;1;2;3;0;1;2;3;0;1;2;3;4;0;1;2;3;0;1;2;3;4;0;1;2;3;4;5;0;1;2;3","0;0;0;0;0;0;0;0;0;0;0;0;0;0;0;0;0;0;0;0;0;0;0;0;0;0;0;0;0;0;0;0;0;0;0;0;0;0;0;0;0;0;0;0;0;0;0;0;0;0;0;0;0;0;0;0;0;0;0;0;0;0;0;0;0;0;0;0;0;0;0;0;0;0;0;0","Imported from Hevy"
1970-01-01,imported_hevy,20_mar_2025,_04:35,"20 Mar 2025, 04:35",94,"0;1;2;3;4;5;6;0;1;2;3;0;1;2;3;0;1;2;3;4;5;0;1;2;3;0;1;2;3;4;0;1;2;3;4;5;6;7;0;1;2;3;0;1;2;3;0;1;2;3;0;1;2;3;0;1;2;3;4;5;6;7;8;9;0;1;2;3;0;1;2;3;0;1;2;3;0;1;2;3;0;1;2;3;0;1;0;1;2;3;4;0;1;2","0;0;0;0;0;0;0;0;0;0;0;0;0;0;0;0;0;0;0;0;0;0;0;0;0;0;0;0;0;0;0;0;0;0;0;0;0;0;0;0;0;0;0;0;0;0;0;0;0;0;0;0;0;0;0;0;0;0;0;0;0;0;0;0;0;0;0;0;0;0;0;0;0;0;0;0;0;0;0;0;0;0;0;0;0;0;0;0;0;0;0;0;0;0","Imported from Hevy"
1970-01-01,imported_hevy,17_mar_2025,_11:09,"17 Mar 2025, 11:09",64,"0;1;2;3;0;1;2;3;0;1;2;3;4;0;1;2;3;0;1;2;3;0;1;2;3;0;1;2;3;4;5;6;7;0;1;2;3;4;5;6;7;8;9;0;1;2;3;4;0;1;2;3;0;1;2;3;4;0;1;2;3;4;5;0","0;0;0;0;0;0;0;0;0;0;0;0;0;0;0;0;0;0;0;0;0;0;0;0;0;0;0;0;0;0;0;0;0;0;0;0;0;0;0;0;0;0;0;0;0;0;0;0;0;0;0;0;0;0;0;0;0;0;0;0;0;0;0;0","Imported from Hevy"
1970-01-01,imported_hevy,13_mar_2025,_03:05,"13 Mar 2025, 03:05",78,"0;1;2;3;4;5;6;7;0;1;2;3;0;1;2;3;4;0;1;2;3;0;1;2;3;0;1;2;3;0;1;2;3;0;1;2;3;4;5;6;7;0;1;2;3;4;5;6;7;8;9;10;11;0;1;2;3;4;0;1;2;3;0;1;2;3;4;0;1;2;3;0;1;2;3;0;1;2","0;0;0;0;0;0;0;0;0;0;0;0;0;0;0;0;0;0;0;0;0;0;0;0;0;0;0;0;0;0;0;0;0;0;0;0;0;0;0;0;0;0;0;0;0;0;0;0;0;0;0;0;0;0;0;0;0;0;0;0;0;0;0;0;0;0;0;0;0;0;0;0;0;0;0;0;0;0","Imported from Hevy"
1970-01-01,imported_hevy,10_mar_2025,_08:43,"10 Mar 2025, 08:43",60,"0;1;2;3;0;1;2;3;0;1;2;3;0;1;2;3;0;1;2;0;1;2;3;0;1;2;3;0;1;2;3;4;5;6;7;8;9;0;1;2;3;4;5;6;7;8;9;10;11;0;1;2;0;1;2;0;1;2;3;4","0;0;0;0;0;0;0;0;0;0;0;0;0;0;0;0;0;0;0;0;0;0;0;0;0;0;0;0;0;0;0;0;0;0;0;0;0;0;0;0;0;0;0;0;0;0;0;0;0;0;0;0;0;0;0;0;0;0;0;0","Imported from Hevy"
1970-01-01,imported_hevy,6_mar_2025,_04:01,"6 Mar 2025, 04:01",72,"0;1;2;3;4;5;6;7;0;1;2;3;0;1;2;3;0;1;2;0;1;2;3;0;1;2;3;0;1;2;3;0;1;2;3;0;1;2;3;4;5;6;7;0;1;2;3;4;5;6;7;8;9;10;11;12;0;1;2;3;0;1;2;3;0;1;2;3;0;1;2;3","0;0;0;0;0;0;0;0;0;0;0;0;0;0;0;0;0;0;0;0;0;0;0;0;0;0;0;0;0;0;0;0;0;0;0;0;0;0;0;0;0;0;0;0;0;0;0;0;0;0;0;0;0;0;0;0;0;0;0;0;0;0;0;0;0;0;0;0;0;0;0;0","Imported from Hevy"
1970-01-01,imported_hevy,3_mar_2025,_06:54,"3 Mar 2025, 06:54",64,"0;1;2;3;0;1;2;3;0;1;2;3;0;1;2;3;4;5;6;7;0;1;2;3;4;5;6;7;8;9;10;11;0;1;2;3;0;1;2;3;0;1;2;0;1;2;3;4;0;1;2;3;0;1;2;3;0;1;2;3;4;0;1;2","0;0;0;0;0;0;0;0;0;0;0;0;0;0;0;0;0;0;0;0;0;0;0;0;0;0;0;0;0;0;0;0;0;0;0;0;0;0;0;0;0;0;0;0;0;0;0;0;0;0;0;0;0;0;0;0;0;0;0;0;0;0;0;0","Imported from Hevy"
1970-01-01,imported_hevy,27_feb_2025,_05:45,"27 Feb 2025, 05:45",73,"0;1;2;3;4;0;1;2;3;4;0;1;2;0;1;2;3;4;0;1;2;3;0;1;2;3;4;0;1;2;3;4;0;1;2;3;0;1;2;3;4;5;6;0;1;2;3;0;1;2;3;0;1;2;3;4;5;0;1;2;0;1;2;3;4;0;1;2;3;0;1;2;3","0;0;0;0;0;0;0;0;0;0;0;0;0;0;0;0;0;0;0;0;0;0;0;0;0;0;0;0;0;0;0;0;0;0;0;0;0;0;0;0;0;0;0;0;0;0;0;0;0;0;0;0;0;0;0;0;0;0;0;0;0;0;0;0;0;0;0;0;0;0;0;0;0","Imported from Hevy"
1970-01-01,imported_hevy,24_feb_2025,_06:56,"24 Feb 2025, 06:56",72,"0;1;2;3;4;5;0;1;2;3;4;0;1;2;3;0;1;2;3;0;1;2;3;0;1;2;3;0;1;2;3;0;1;2;3;4;5;6;7;8;0;1;2;3;0;1;2;3;4;0;1;2;3;4;5;0;1;2;3;4;0;1;2;0;1;2;3;0;1;2;3;4","0;0;0;0;0;0;0;0;0;0;0;0;0;0;0;0;0;0;0;0;0;0;0;0;0;0;0;0;0;0;0;0;0;0;0;0;0;0;0;0;0;0;0;0;0;0;0;0;0;0;0;0;0;0;0;0;0;0;0;0;0;0;0;0;0;0;0;0;0;0;0;0","Imported from Hevy"
1970-01-01,imported_hevy,20_feb_2025,_05:29,"20 Feb 2025, 05:29",75,"0;1;2;3;0;1;2;3;4;0;1;2;0;1;2;3;4;5;6;7;0;1;2;3;4;0;1;2;3;0;1;2;3;0;1;2;3;0;1;2;3;0;1;2;3;0;1;2;3;4;5;6;7;8;9;0;1;2;3;4;5;6;7;0;1;2;3;0;1;2;3;0;1;2;3","0;0;0;0;0;0;0;0;0;0;0;0;0;0;0;0;0;0;0;0;0;0;0;0;0;0;0;0;0;0;0;0;0;0;0;0;0;0;0;0;0;0;0;0;0;0;0;0;0;0;0;0;0;0;0;0;0;0;0;0;0;0;0;0;0;0;0;0;0;0;0;0;0;0;0","Imported from Hevy"
1970-01-01,imported_hevy,17_feb_2025,_06:54,"17 Feb 2025, 06:54",62,"0;1;2;3;4;5;0;1;2;3;0;1;2;0;1;2;3;0;1;2;3;0;1;2;3;0;1;2;3;0;1;2;3;0;1;2;0;1;2;3;4;0;1;2;3;0;1;2;3;0;1;2;3;0;1;2;3;4;0;1;2;3","0;0;0;0;0;0;0;0;0;0;0;0;0;0;0;0;0;0;0;0;0;0;0;0;0;0;0;0;0;0;0;0;0;0;0;0;0;0;0;0;0;0;0;0;0;0;0;0;0;0;0;0;0;0;0;0;0;0;0;0;0;0","Imported from Hevy"
1970-01-01,imported_hevy,13_feb_2025,_02:09,"13 Feb 2025, 02:09",81,"0;0;1;2;3;4;5;0;1;2;3;4;0;1;2;3;0;1;2;3;4;5;0;1;2;3;4;5;0;1;2;0;1;2;3;0;1;2;3;0;1;2;3;0;1;2;3;4;0;1;2;3;4;0;1;2;3;0;1;2;3;0;1;2;3;4;5;6;7;0;1;2;3;0;1;2;3;0;1;2;3","0;0;0;0;0;0;0;0;0;0;0;0;0;0;0;0;0;0;0;0;0;0;0;0;0;0;0;0;0;0;0;0;0;0;0;0;0;0;0;0;0;0;0;0;0;0;0;0;0;0;0;0;0;0;0;0;0;0;0;0;0;0;0;0;0;0;0;0;0;0;0;0;0;0;0;0;0;0;0;0;0","Imported from Hevy"
1970-01-01,imported_hevy,10_feb_2025,_06:53,"10 Feb 2025, 06:53",75,"0;1;2;3;4;0;1;2;3;4;0;1;2;3;4;0;1;2;3;4;0;1;2;3;4;0;1;2;3;0;1;2;3;0;1;2;3;4;0;1;2;3;4;0;1;2;3;0;1;2;3;0;1;2;3;0;1;2;3;4;5;6;7;0;1;2;3;0;1;2;3;0;1;2;3","0;0;0;0;0;0;0;0;0;0;0;0;0;0;0;0;0;0;0;0;0;0;0;0;0;0;0;0;0;0;0;0;0;0;0;0;0;0;0;0;0;0;0;0;0;0;0;0;0;0;0;0;0;0;0;0;0;0;0;0;0;0;0;0;0;0;0;0;0;0;0;0;0;0;0","Imported from Hevy"
1970-01-01,imported_hevy,6_feb_2025,_02:09,"6 Feb 2025, 02:09",72,"0;1;2;3;4;0;1;2;3;4;5;0;1;2;3;4;0;1;2;3;4;0;1;2;3;0;1;2;3;4;0;1;2;3;0;1;2;3;0;1;2;3;0;1;2;3;4;5;6;7;8;0;1;2;3;0;1;2;3;0;0;1;2;3;0;1;2;3;0;1;2;3","0;0;0;0;0;0;0;0;0;0;0;0;0;0;0;0;0;0;0;0;0;0;0;0;0;0;0;0;0;0;0;0;0;0;0;0;0;0;0;0;0;0;0;0;0;0;0;0;0;0;0;0;0;0;0;0;0;0;0;0;0;0;0;0;0;0;0;0;0;0;0;0","Imported from Hevy"
1970-01-01,imported_hevy,3_feb_2025,_06:55,"3 Feb 2025, 06:55",60,"0;1;0;1;2;3;4;0;1;2;3;4;0;1;2;3;0;1;2;3;4;0;1;2;3;0;1;2;3;0;1;2;3;0;1;2;3;4;0;1;2;3;0;1;2;3;0;1;2;3;0;0;1;2;3;4;0;1;2;3","0;0;0;0;0;0;0;0;0;0;0;0;0;0;0;0;0;0;0;0;0;0;0;0;0;0;0;0;0;0;0;0;0;0;0;0;0;0;0;0;0;0;0;0;0;0;0;0;0;0;0;0;0;0;0;0;0;0;0;0","Imported from Hevy"
1970-01-01,imported_hevy,30_jan_2025,_02:01,"30 Jan 2025, 02:01",88,"0;1;2;3;4;0;1;2;3;4;0;1;2;3;4;0;1;2;3;4;0;1;2;3;4;5;6;0;1;2;3;4;0;1;2;3;4;0;1;2;3;0;1;2;3;0;1;2;3;0;1;2;3;4;0;1;2;3;4;0;1;2;3;0;1;2;3;0;1;2;3;4;5;6;7;0;1;2;3;0;1;2;3;4;0;1;2;3","0;0;0;0;0;0;0;0;0;0;0;0;0;0;0;0;0;0;0;0;0;0;0;0;0;0;0;0;0;0;0;0;0;0;0;0;0;0;0;0;0;0;0;0;0;0;0;0;0;0;0;0;0;0;0;0;0;0;0;0;0;0;0;0;0;0;0;0;0;0;0;0;0;0;0;0;0;0;0;0;0;0;0;0;0;0;0;0","Imported from Hevy"
1970-01-01,imported_hevy,27_jan_2025,_07:06,"27 Jan 2025, 07:06",76,"0;1;2;3;4;0;1;2;3;0;1;2;3;4;0;1;2;3;0;1;2;3;0;1;2;3;0;1;0;1;2;3;0;1;2;3;0;1;2;3;4;0;1;2;0;1;2;3;0;1;2;3;0;1;2;3;4;5;6;0;1;2;3;0;1;2;3;4;0;1;2;3;0;1;2;3","0;0;0;0;0;0;0;0;0;0;0;0;0;0;0;0;0;0;0;0;0;0;0;0;0;0;0;0;0;0;0;0;0;0;0;0;0;0;0;0;0;0;0;0;0;0;0;0;0;0;0;0;0;0;0;0;0;0;0;0;0;0;0;0;0;0;0;0;0;0;0;0;0;0;0;0","Imported from Hevy"
1970-01-01,imported_hevy,23_jan_2025,_02:17,"23 Jan 2025, 02:17",79,"0;1;2;3;4;5;0;1;2;3;4;0;1;2;3;0;1;2;3;4;0;1;2;3;0;1;2;3;4;0;1;2;3;4;0;1;0;1;2;3;0;1;2;3;4;0;1;2;3;4;0;1;2;3;0;1;2;3;0;1;2;3;0;1;2;3;0;1;2;3;0;1;2;3;4;0;1;2;3","0;0;0;0;0;0;0;0;0;0;0;0;0;0;0;0;0;0;0;0;0;0;0;0;0;0;0;0;0;0;0;0;0;0;0;0;0;0;0;0;0;0;0;0;0;0;0;0;0;0;0;0;0;0;0;0;0;0;0;0;0;0;0;0;0;0;0;0;0;0;0;0;0;0;0;0;0;0;0","Imported from Hevy"
1970-01-01,imported_hevy,20_jan_2025,_07:02,"20 Jan 2025, 07:02",71,"0;1;2;3;4;0;1;2;3;0;1;2;3;4;0;1;2;3;0;1;2;3;4;0;1;2;3;0;1;2;3;4;0;1;2;3;0;1;2;3;4;0;1;2;3;0;1;2;3;0;1;2;3;0;1;2;3;0;1;2;3;0;1;2;3;4;0;1;2;3;4","0;0;0;0;0;0;0;0;0;0;0;0;0;0;0;0;0;0;0;0;0;0;0;0;0;0;0;0;0;0;0;0;0;0;0;0;0;0;0;0;0;0;0;0;0;0;0;0;0;0;0;0;0;0;0;0;0;0;0;0;0;0;0;0;0;0;0;0;0;0;0","Imported from Hevy"
1970-01-01,imported_hevy,16_jan_2025,_02:08,"16 Jan 2025, 02:08",88,"0;1;2;3;4;5;6;0;1;2;3;0;1;2;3;0;1;2;3;4;5;6;0;1;2;3;4;0;1;2;3;4;0;1;2;3;0;1;2;3;0;1;2;3;0;1;2;3;0;1;2;3;0;1;2;3;0;1;2;3;0;1;2;3;0;1;2;3;0;1;2;3;4;5;6;7;0;1;2;0;1;2;3;4;0;1;2;3","0;0;0;0;0;0;0;0;0;0;0;0;0;0;0;0;0;0;0;0;0;0;0;0;0;0;0;0;0;0;0;0;0;0;0;0;0;0;0;0;0;0;0;0;0;0;0;0;0;0;0;0;0;0;0;0;0;0;0;0;0;0;0;0;0;0;0;0;0;0;0;0;0;0;0;0;0;0;0;0;0;0;0;0;0;0;0;0","Imported from Hevy"
1970-01-01,imported_hevy,13_jan_2025,_06:55,"13 Jan 2025, 06:55",60,"0;1;2;3;4;0;1;2;3;4;0;1;2;3;4;0;1;2;3;0;1;2;3;0;1;2;3;0;1;2;3;0;1;2;3;0;1;2;3;0;1;2;3;0;1;2;3;0;1;2;0;1;2;3;4;0;1;2;3;4","0;0;0;0;0;0;0;0;0;0;0;0;0;0;0;0;0;0;0;0;0;0;0;0;0;0;0;0;0;0;0;0;0;0;0;0;0;0;0;0;0;0;0;0;0;0;0;0;0;0;0;0;0;0;0;0;0;0;0;0","Imported from Hevy"
1970-01-01,imported_hevy,9_jan_2025,_04:24,"9 Jan 2025, 04:24",77,"0;1;2;3;4;5;6;0;1;2;3;0;1;2;3;4;0;1;2;3;4;0;1;2;3;4;0;1;2;3;0;1;2;3;0;1;2;3;4;0;1;2;3;4;5;6;7;8;0;1;0;1;2;3;4;0;1;2;3;0;1;2;3;0;1;2;0;1;2;3;4;0;1;2;0;1;2","0;0;0;0;0;0;0;0;0;0;0;0;0;0;0;0;0;0;0;0;0;0;0;0;0;0;0;0;0;0;0;0;0;0;0;0;0;0;0;0;0;0;0;0;0;0;0;0;0;0;0;0;0;0;0;0;0;0;0;0;0;0;0;0;0;0;0;0;0;0;0;0;0;0;0;0;0","Imported from Hevy"
1970-01-01,imported_hevy,6_jan_2025,_06:55,"6 Jan 2025, 06:55",72,"0;1;2;3;4;0;1;2;3;4;0;1;2;3;4;0;1;2;3;0;1;2;3;4;5;6;7;8;9;10;0;0;1;2;3;0;1;2;3;0;1;2;3;4;5;6;7;0;1;2;3;4;0;1;2;3;0;1;2;3;0;1;2;3;0;1;2;3;0;1;2;3","0;0;0;0;0;0;0;0;0;0;0;0;0;0;0;0;0;0;0;0;0;0;0;0;0;0;0;0;0;0;0;0;0;0;0;0;0;0;0;0;0;0;0;0;0;0;0;0;0;0;0;0;0;0;0;0;0;0;0;0;0;0;0;0;0;0;0;0;0;0;0;0","Imported from Hevy"
1970-01-01,imported_hevy,2_jan_2025,_06:55,"2 Jan 2025, 06:55",69,"0;1;2;3;0;1;2;3;0;1;2;3;4;0;1;2;3;0;1;2;3;4;5;6;7;8;9;10;11;12;0;1;2;3;0;1;2;3;0;1;2;3;0;1;2;3;4;5;6;7;0;1;2;3;0;1;2;3;0;1;2;0;1;2;3;0;1;2;3","0;0;0;0;0;0;0;0;0;0;0;0;0;0;0;0;0;0;0;0;0;0;0;0;0;0;0;0;0;0;0;0;0;0;0;0;0;0;0;0;0;0;0;0;0;0;0;0;0;0;0;0;0;0;0;0;0;0;0;0;0;0;0;0;0;0;0;0;0","Imported from Hevy"
1970-01-01,imported_hevy,30_dec_2024,_06:55,"30 Dec 2024, 06:55",69,"0;1;2;3;4;0;1;2;3;0;1;2;3;4;0;1;2;3;0;1;2;3;4;5;6;7;8;9;10;11;0;1;2;3;0;1;2;3;0;1;2;3;0;1;2;3;4;5;6;7;0;1;2;3;0;1;2;3;0;1;2;3;0;0;1;0;1;2;3","0;0;0;0;0;0;0;0;0;0;0;0;0;0;0;0;0;0;0;0;0;0;0;0;0;0;0;0;0;0;0;0;0;0;0;0;0;0;0;0;0;0;0;0;0;0;0;0;0;0;0;0;0;0;0;0;0;0;0;0;0;0;0;0;0;0;0;0;0","Imported from Hevy"
1970-01-01,imported_hevy,26_dec_2024,_06:59,"26 Dec 2024, 06:59",62,"0;1;2;3;4;0;1;2;3;0;1;2;3;4;0;1;2;3;0;1;2;3;4;5;6;7;8;9;10;11;0;1;2;3;0;1;2;3;0;1;2;3;0;1;2;3;4;5;6;7;0;0;1;2;3;0;1;2;3;0;1;2","0;0;0;0;0;0;0;0;0;0;0;0;0;0;0;0;0;0;0;0;0;0;0;0;0;0;0;0;0;0;0;0;0;0;0;0;0;0;0;0;0;0;0;0;0;0;0;0;0;0;0;0;0;0;0;0;0;0;0;0;0;0","Imported from Hevy"
1970-01-01,imported_hevy,23_dec_2024,_06:56,"23 Dec 2024, 06:56",63,"0;0;1;2;3;0;1;2;3;4;0;1;2;3;0;1;2;3;4;5;6;7;8;9;10;11;12;0;1;2;3;0;1;2;3;0;1;2;0;1;2;3;4;5;6;7;0;1;2;3;0;1;2;3;4;0;1;2;3;0;1;2;3","0;0;0;0;0;0;0;0;0;0;0;0;0;0;0;0;0;0;0;0;0;0;0;0;0;0;0;0;0;0;0;0;0;0;0;0;0;0;0;0;0;0;0;0;0;0;0;0;0;0;0;0;0;0;0;0;0;0;0;0;0;0;0","Imported from Hevy"
1970-01-01,imported_hevy,19_dec_2024,_02:31,"19 Dec 2024, 02:31",87,"0;1;2;3;4;0;1;2;3;0;1;2;3;0;1;2;3;4;0;1;2;3;0;1;2;3;4;5;6;7;8;9;10;11;0;1;2;3;0;1;2;3;0;1;2;3;0;1;2;3;0;1;2;3;4;5;6;7;0;1;2;3;0;1;2;3;4;5;0;1;2;3;0;1;2;3;0;1;2;0;1;2;3;0;1;2;3","0;0;0;0;0;0;0;0;0;0;0;0;0;0;0;0;0;0;0;0;0;0;0;0;0;0;0;0;0;0;0;0;0;0;0;0;0;0;0;0;0;0;0;0;0;0;0;0;0;0;0;0;0;0;0;0;0;0;0;0;0;0;0;0;0;0;0;0;0;0;0;0;0;0;0;0;0;0;0;0;0;0;0;0;0;0;0","Imported from Hevy"
1970-01-01,imported_hevy,16_dec_2024,_06:54,"16 Dec 2024, 06:54",49,"0;1;2;0;1;2;3;4;0;1;2;3;0;1;2;3;4;5;6;7;8;9;10;11;0;1;2;3;0;1;2;0;1;2;3;0;1;2;3;0;1;2;3;4;5;6;7;0;1","0;0;0;0;0;0;0;0;0;0;0;0;0;0;0;0;0;0;0;0;0;0;0;0;0;0;0;0;0;0;0;0;0;0;0;0;0;0;0;0;0;0;0;0;0;0;0;0;0","Imported from Hevy"
1970-01-01,imported_hevy,12_dec_2024,_02:19,"12 Dec 2024, 02:19",83,"0;1;2;3;4;5;0;1;2;3;0;1;2;3;4;5;6;0;1;2;3;4;5;0;1;2;3;4;5;6;7;0;1;2;3;0;1;2;3;0;1;2;3;0;1;2;3;4;5;6;7;0;1;0;1;2;3;4;5;6;7;0;1;2;3;4;0;1;2;3;0;1;2;3;0;0;1;2;3;0;1;2;3","0;0;0;0;0;0;0;0;0;0;0;0;0;0;0;0;0;0;0;0;0;0;0;0;0;0;0;0;0;0;0;0;0;0;0;0;0;0;0;0;0;0;0;0;0;0;0;0;0;0;0;0;0;0;0;0;0;0;0;0;0;0;0;0;0;0;0;0;0;0;0;0;0;0;0;0;0;0;0;0;0;0;0","Imported from Hevy"
1970-01-01,imported_hevy,9_dec_2024,_06:57,"9 Dec 2024, 06:57",91,"0;1;2;3;4;0;1;2;3;0;1;2;3;4;0;1;2;3;0;1;2;3;4;5;0;1;2;3;4;0;1;2;3;4;0;1;2;3;4;5;6;7;8;9;0;1;2;3;4;5;6;7;8;9;10;11;12;13;14;15;16;17;18;19;20;21;22;23;0;1;2;3;0;1;2;3;4;5;0;1;2;3;4;0;1;2;3;0;1;0;1","0;0;0;0;0;0;0;0;0;0;0;0;0;0;0;0;0;0;0;0;0;0;0;0;0;0;0;0;0;0;0;0;0;0;0;0;0;0;0;0;0;0;0;0;0;0;0;0;0;0;0;0;0;0;0;0;0;0;0;0;0;0;0;0;0;0;0;0;0;0;0;0;0;0;0;0;0;0;0;0;0;0;0;0;0;0;0;0;0;0;0","Imported from Hevy"
1970-01-01,imported_hevy,5_dec_2024,_06:13,"5 Dec 2024, 06:13",115,"0;1;2;3;4;5;6;0;1;2;3;0;1;2;3;0;1;2;3;4;0;1;2;3;0;1;2;3;4;5;6;7;0;1;2;3;0;1;2;3;0;1;2;3;0;1;2;3;4;0;1;2;3;4;5;6;7;8;9;10;11;12;13;14;15;16;17;18;19;20;21;22;23;0;1;2;3;0;1;2;3;4;5;6;7;0;1;2;3;4;0;1;2;3;4;0;1;2;3;4;0;1;2;3;4;5;6;7;8;9;0;1;2;3;4","0;0;0;0;0;0;0;0;0;0;0;0;0;0;0;0;0;0;0;0;0;0;0;0;0;0;0;0;0;0;0;0;0;0;0;0;0;0;0;0;0;0;0;0;0;0;0;0;0;0;0;0;0;0;0;0;0;0;0;0;0;0;0;0;0;0;0;0;0;0;0;0;0;0;0;0;0;0;0;0;0;0;0;0;0;0;0;0;0;0;0;0;0;0;0;0;0;0;0;0;0;0;0;0;0;0;0;0;0;0;0;0;0;0;0","Imported from Hevy"
1970-01-01,imported_hevy,2_dec_2024,_07:48,"2 Dec 2024, 07:48",68,"0;1;2;3;0;1;2;3;4;0;1;2;3;0;1;2;3;0;1;2;3;0;1;2;3;4;5;6;0;1;2;3;0;1;2;3;0;1;2;3;4;5;6;7;8;9;0;1;2;3;0;1;2;3;0;1;2;3;0;1;2;3;4;0;0;1;2;3","0;0;0;0;0;0;0;0;0;0;0;0;0;0;0;0;0;0;0;0;0;0;0;0;0;0;0;0;0;0;0;0;0;0;0;0;0;0;0;0;0;0;0;0;0;0;0;0;0;0;0;0;0;0;0;0;0;0;0;0;0;0;0;0;0;0;0;0","Imported from Hevy"
1970-01-01,imported_hevy,28_nov_2024,_05:15,"28 Nov 2024, 05:15",86,"0;1;2;3;4;0;1;2;3;0;1;2;3;0;1;2;3;4;0;1;2;3;0;1;2;3;4;0;1;2;3;4;0;1;2;3;4;0;1;2;3;0;1;2;3;4;0;1;2;3;4;5;6;7;0;1;2;3;0;1;2;3;4;5;0;1;2;3;4;0;1;2;3;0;1;2;3;0;1;2;3;0;1;2;3;4","0;0;0;0;0;0;0;0;0;0;0;0;0;0;0;0;0;0;0;0;0;0;0;0;0;0;0;0;0;0;0;0;0;0;0;0;0;0;0;0;0;0;0;0;0;0;0;0;0;0;0;0;0;0;0;0;0;0;0;0;0;0;0;0;0;0;0;0;0;0;0;0;0;0;0;0;0;0;0;0;0;0;0;0;0;0","Imported from Hevy"
1970-01-01,imported_hevy,25_nov_2024,_06:53,"25 Nov 2024, 06:53",51,"0;1;2;3;4;0;1;2;3;0;1;2;3;0;1;2;3;0;1;2;3;0;1;2;3;4;5;6;7;0;1;2;3;4;0;1;2;3;4;0;1;2;3;0;1;2;3;0;1;2;3","0;0;0;0;0;0;0;0;0;0;0;0;0;0;0;0;0;0;0;0;0;0;0;0;0;0;0;0;0;0;0;0;0;0;0;0;0;0;0;0;0;0;0;0;0;0;0;0;0;0;0","Imported from Hevy"
1970-01-01,imported_hevy,21_nov_2024,_05:24,"21 Nov 2024, 05:24",68,"0;1;2;3;0;1;2;3;0;1;2;3;4;0;1;2;0;1;2;3;4;0;1;2;3;0;1;2;3;4;0;1;2;3;0;1;2;3;0;1;2;3;4;5;6;7;0;1;2;3;0;1;2;3;0;1;2;3;4;0;1;2;3;0;1;2;3;4","0;0;0;0;0;0;0;0;0;0;0;0;0;0;0;0;0;0;0;0;0;0;0;0;0;0;0;0;0;0;0;0;0;0;0;0;0;0;0;0;0;0;0;0;0;0;0;0;0;0;0;0;0;0;0;0;0;0;0;0;0;0;0;0;0;0;0;0","Imported from Hevy"
1970-01-01,imported_hevy,18_nov_2024,_06:55,"18 Nov 2024, 06:55",75,"0;1;2;3;4;5;6;0;1;2;3;0;1;2;3;0;1;2;3;0;1;2;3;0;1;2;3;4;0;0;1;2;3;4;5;6;7;8;9;0;1;2;3;4;0;1;2;0;1;2;3;4;0;1;2;0;1;2;3;4;0;1;2;3;4;0;1;0;1;2;3;0;1;2;3","0;0;0;0;0;0;0;0;0;0;0;0;0;0;0;0;0;0;0;0;0;0;0;0;0;0;0;0;0;0;0;0;0;0;0;0;0;0;0;0;0;0;0;0;0;0;0;0;0;0;0;0;0;0;0;0;0;0;0;0;0;0;0;0;0;0;0;0;0;0;0;0;0;0;0","Imported from Hevy"
1970-01-01,imported_hevy,14_nov_2024,_02:46,"14 Nov 2024, 02:46",67,"0;1;2;3;4;0;1;2;3;4;0;1;2;3;0;1;2;3;4;0;1;2;3;4;0;1;2;3;0;1;2;3;0;1;2;3;0;1;2;3;4;5;6;7;8;9;0;1;2;3;0;1;0;1;2;3;0;1;0;1;2;3;4;0;1;2;3","0;0;0;0;0;0;0;0;0;0;0;0;0;0;0;0;0;0;0;0;0;0;0;0;0;0;0;0;0;0;0;0;0;0;0;0;0;0;0;0;0;0;0;0;0;0;0;0;0;0;0;0;0;0;0;0;0;0;0;0;0;0;0;0;0;0;0","Imported from Hevy"
1970-01-01,imported_hevy,11_nov_2024,_07:46,"11 Nov 2024, 07:46",62,"0;1;2;3;4;0;1;2;3;0;1;2;3;0;1;2;3;0;1;2;3;0;1;2;3;4;5;6;7;8;9;0;1;2;3;0;1;2;3;0;1;2;3;0;1;2;3;0;1;2;0;1;2;3;4;5;6;0;1;2;3;4","0;0;0;0;0;0;0;0;0;0;0;0;0;0;0;0;0;0;0;0;0;0;0;0;0;0;0;0;0;0;0;0;0;0;0;0;0;0;0;0;0;0;0;0;0;0;0;0;0;0;0;0;0;0;0;0;0;0;0;0;0;0","Imported from Hevy"
1970-01-01,imported_hevy,7_nov_2024,_02:52,"7 Nov 2024, 02:52",58,"0;1;2;3;4;0;1;2;3;4;0;1;2;3;4;0;1;2;3;0;1;2;3;4;5;6;7;0;1;2;3;0;1;2;3;0;1;2;3;4;5;6;7;8;9;0;1;2;3;0;0;1;2;3;0;1;2;3","0;0;0;0;0;0;0;0;0;0;0;0;0;0;0;0;0;0;0;0;0;0;0;0;0;0;0;0;0;0;0;0;0;0;0;0;0;0;0;0;0;0;0;0;0;0;0;0;0;0;0;0;0;0;0;0;0;0","Imported from Hevy"
1970-01-01,imported_hevy,4_nov_2024,_07:46,"4 Nov 2024, 07:46",39,"0;1;2;3;4;0;1;2;3;0;1;2;3;0;1;2;3;0;1;2;3;0;1;2;3;4;5;6;7;8;9;0;1;2;3;4;0;1;2","0;0;0;0;0;0;0;0;0;0;0;0;0;0;0;0;0;0;0;0;0;0;0;0;0;0;0;0;0;0;0;0;0;0;0;0;0;0;0","Imported from Hevy"
1970-01-01,imported_hevy,28_oct_2024,_06:54,"28 Oct 2024, 06:54",42,"0;1;2;3;4;0;1;2;3;0;1;2;3;0;1;2;3;0;1;2;3;0;1;2;3;4;5;6;7;0;1;2;3;4;0;1;2;3;4;5;0;1","0;0;0;0;0;0;0;0;0;0;0;0;0;0;0;0;0;0;0;0;0;0;0;0;0;0;0;0;0;0;0;0;0;0;0;0;0;0;0;0;0;0","Imported from Hevy"
1970-01-01,imported_hevy,24_oct_2024,_02:47,"24 Oct 2024, 02:47",74,"0;1;2;3;4;5;0;1;2;3;4;0;1;2;3;0;1;2;3;0;1;2;3;4;5;6;7;8;9;0;1;2;3;0;1;2;3;4;0;1;2;3;4;5;6;7;8;9;0;1;2;3;0;1;2;3;0;1;2;3;4;0;1;2;3;0;1;2;3;4;0;1;2;3","0;0;0;0;0;0;0;0;0;0;0;0;0;0;0;0;0;0;0;0;0;0;0;0;0;0;0;0;0;0;0;0;0;0;0;0;0;0;0;0;0;0;0;0;0;0;0;0;0;0;0;0;0;0;0;0;0;0;0;0;0;0;0;0;0;0;0;0;0;0;0;0;0;0","Imported from Hevy"
1970-01-01,imported_hevy,21_oct_2024,_06:56,"21 Oct 2024, 06:56",48,"0;1;2;3;4;0;1;2;3;4;0;1;2;3;0;1;2;3;0;1;2;3;4;0;1;2;3;4;5;6;7;8;9;0;1;2;3;0;1;2;0;1;2;3;0;1;2;3","0;0;0;0;0;0;0;0;0;0;0;0;0;0;0;0;0;0;0;0;0;0;0;0;0;0;0;0;0;0;0;0;0;0;0;0;0;0;0;0;0;0;0;0;0;0;0;0","Imported from Hevy"
1970-01-01,imported_hevy,17_oct_2024,_02:18,"17 Oct 2024, 02:18",85,"0;1;2;3;4;0;1;2;3;4;0;1;2;3;0;1;2;3;0;1;2;3;4;5;6;7;8;9;0;1;2;3;0;1;2;3;4;0;1;2;3;4;5;6;7;8;9;0;1;2;3;0;1;2;3;4;0;1;2;3;0;1;2;3;0;1;2;3;0;1;2;3;0;1;2;3;4;0;1;2;3;0;1;2;3","0;0;0;0;0;0;0;0;0;0;0;0;0;0;0;0;0;0;0;0;0;0;0;0;0;0;0;0;0;0;0;0;0;0;0;0;0;0;0;0;0;0;0;0;0;0;0;0;0;0;0;0;0;0;0;0;0;0;0;0;0;0;0;0;0;0;0;0;0;0;0;0;0;0;0;0;0;0;0;0;0;0;0;0;0","Imported from Hevy"
1970-01-01,imported_hevy,14_oct_2024,_06:54,"14 Oct 2024, 06:54",73,"0;1;2;3;4;0;1;2;3;0;1;2;3;0;1;2;3;4;5;6;7;0;1;2;3;0;1;2;3;0;1;2;3;4;5;0;1;2;3;0;1;2;3;0;1;2;3;4;0;1;2;3;0;1;2;3;0;1;2;3;4;0;1;2;3;4;5;6;7;0;1;2;3","0;0;0;0;0;0;0;0;0;0;0;0;0;0;0;0;0;0;0;0;0;0;0;0;0;0;0;0;0;0;0;0;0;0;0;0;0;0;0;0;0;0;0;0;0;0;0;0;0;0;0;0;0;0;0;0;0;0;0;0;0;0;0;0;0;0;0;0;0;0;0;0;0","Imported from Hevy"
1970-01-01,imported_hevy,10_oct_2024,_03:16,"10 Oct 2024, 03:16",79,"0;1;2;3;4;0;1;2;3;4;0;1;2;3;0;1;2;0;1;2;3;4;5;6;7;8;9;0;1;2;3;0;1;2;3;0;1;2;3;4;5;6;7;8;9;0;1;2;3;0;1;2;3;4;0;1;2;3;4;0;1;2;3;0;1;2;3;0;1;2;3;0;1;2;0;0;1;2;3","0;0;0;0;0;0;0;0;0;0;0;0;0;0;0;0;0;0;0;0;0;0;0;0;0;0;0;0;0;0;0;0;0;0;0;0;0;0;0;0;0;0;0;0;0;0;0;0;0;0;0;0;0;0;0;0;0;0;0;0;0;0;0;0;0;0;0;0;0;0;0;0;0;0;0;0;0;0;0","Imported from Hevy"
1970-01-01,imported_hevy,7_oct_2024,_06:56,"7 Oct 2024, 06:56",56,"0;1;2;3;4;0;1;2;3;0;1;0;1;2;3;0;1;2;3;4;5;6;7;8;9;0;1;2;3;0;1;2;3;0;1;2;3;4;5;6;7;8;9;0;1;2;3;0;1;2;0;1;2;3;4;5","0;0;0;0;0;0;0;0;0;0;0;0;0;0;0;0;0;0;0;0;0;0;0;0;0;0;0;0;0;0;0;0;0;0;0;0;0;0;0;0;0;0;0;0;0;0;0;0;0;0;0;0;0;0;0;0","Imported from Hevy"
1970-01-01,imported_hevy,3_oct_2024,_03:15,"3 Oct 2024, 03:15",98,"0;1;2;3;4;0;1;2;3;0;1;2;3;4;5;6;7;0;1;2;3;0;1;2;3;4;5;6;7;8;9;0;1;2;3;0;1;2;3;4;5;0;1;2;3;4;5;6;7;8;9;0;1;2;3;0;1;2;3;0;1;2;3;4;0;1;2;3;0;1;2;3;4;0;1;2;3;4;0;1;2;3;4;0;1;2;0;1;2;3;0;1;2;3;0;1;2;3","0;0;0;0;0;0;0;0;0;0;0;0;0;0;0;0;0;0;0;0;0;0;0;0;0;0;0;0;0;0;0;0;0;0;0;0;0;0;0;0;0;0;0;0;0;0;0;0;0;0;0;0;0;0;0;0;0;0;0;0;0;0;0;0;0;0;0;0;0;0;0;0;0;0;0;0;0;0;0;0;0;0;0;0;0;0;0;0;0;0;0;0;0;0;0;0;0;0","Imported from Hevy"
1970-01-01,imported_hevy,30_sep_2024,_06:57,"30 Sep 2024, 06:57",65,"0;1;2;3;4;0;1;2;3;0;1;2;3;4;5;6;7;0;1;2;3;0;1;2;3;4;5;6;7;8;9;0;1;2;3;0;1;2;3;4;0;1;2;3;4;5;6;7;8;9;0;1;0;1;2;3;0;1;2;3;4;0;1;2;3","0;0;0;0;0;0;0;0;0;0;0;0;0;0;0;0;0;0;0;0;0;0;0;0;0;0;0;0;0;0;0;0;0;0;0;0;0;0;0;0;0;0;0;0;0;0;0;0;0;0;0;0;0;0;0;0;0;0;0;0;0;0;0;0;0","Imported from Hevy"
1970-01-01,imported_hevy,26_sep_2024,_03:21,"26 Sep 2024, 03:21",93,"0;1;2;3;0;1;2;3;4;0;1;2;3;4;0;1;2;3;0;1;2;3;4;5;0;1;2;3;0;1;2;3;4;0;1;2;3;4;5;6;7;0;1;2;3;0;1;2;3;0;1;2;3;0;1;2;3;0;1;2;3;4;0;1;2;3;4;0;1;2;3;0;1;2;3;0;1;2;3;4;5;6;7;8;9;0;1;2;3;0;1;2;3","0;0;0;0;0;0;0;0;0;0;0;0;0;0;0;0;0;0;0;0;0;0;0;0;0;0;0;0;0;0;0;0;0;0;0;0;0;0;0;0;0;0;0;0;0;0;0;0;0;0;0;0;0;0;0;0;0;0;0;0;0;0;0;0;0;0;0;0;0;0;0;0;0;0;0;0;0;0;0;0;0;0;0;0;0;0;0;0;0;0;0;0;0","Imported from Hevy"
1970-01-01,imported_hevy,23_sep_2024,_06:57,"23 Sep 2024, 06:57",65,"0;1;2;0;1;2;3;4;0;1;2;3;0;1;2;3;0;1;2;3;4;5;6;7;8;0;1;2;3;0;1;2;3;0;1;2;3;4;5;6;7;0;1;2;3;0;1;2;0;1;2;3;0;1;2;3;4;0;1;2;3;4;5;6;7","0;0;0;0;0;0;0;0;0;0;0;0;0;0;0;0;0;0;0;0;0;0;0;0;0;0;0;0;0;0;0;0;0;0;0;0;0;0;0;0;0;0;0;0;0;0;0;0;0;0;0;0;0;0;0;0;0;0;0;0;0;0;0;0;0","Imported from Hevy"
1970-01-01,imported_hevy,16_sep_2024,_06:56,"16 Sep 2024, 06:56",55,"0;1;2;3;4;5;0;1;2;3;4;0;1;2;3;0;1;2;3;0;1;2;3;4;0;1;2;3;0;1;2;3;0;1;2;3;4;5;6;7;8;9;0;1;2;0;1;2;3;4;0;1;2;3;4","0;0;0;0;0;0;0;0;0;0;0;0;0;0;0;0;0;0;0;0;0;0;0;0;0;0;0;0;0;0;0;0;0;0;0;0;0;0;0;0;0;0;0;0;0;0;0;0;0;0;0;0;0;0;0","Imported from Hevy"
1970-01-01,imported_hevy,5_apr_2025,_02:41,"5 Apr 2025, 02:41",62,"0;1;2;3;0;1;2;3;0;1;2;3;4;0;1;2;3;0;1;2;3;0;1;2;3;4;5;6;7;8;9;0;1;2;3;0;1;2;3;0;1;2;3;0;1;2;3;0;1;2;3;4;5;6;7;0;1;2;0;1;2;3","0;0;0;0;0;0;0;0;0;0;0;0;0;0;0;0;0;0;0;0;0;0;0;0;0;0;0;0;0;0;0;0;0;0;0;0;0;0;0;0;0;0;0;0;0;0;0;0;0;0;0;0;0;0;0;0;0;0;0;0;0;0","Imported from Hevy"
1970-01-01,imported_hevy,29_mar_2025,_02:03,"29 Mar 2025, 02:03",70,"0;1;2;3;0;1;2;3;4;0;1;2;3;0;1;2;3;4;5;0;1;2;3;4;5;6;7;8;9;10;11;0;1;2;3;4;0;1;2;3;0;1;2;3;0;1;2;3;4;5;6;7;8;0;1;2;3;4;0;1;2;3;0;1;2;0;1;2;3;4","0;0;0;0;0;0;0;0;0;0;0;0;0;0;0;0;0;0;0;0;0;0;0;0;0;0;0;0;0;0;0;0;0;0;0;0;0;0;0;0;0;0;0;0;0;0;0;0;0;0;0;0;0;0;0;0;0;0;0;0;0;0;0;0;0;0;0;0;0;0","Imported from Hevy"
1970-01-01,imported_hevy,22_mar_2025,_02:34,"22 Mar 2025, 02:34",57,"0;1;2;3;0;1;2;3;4;0;1;2;3;4;5;6;0;1;2;3;0;1;2;3;0;1;2;3;0;1;2;3;0;1;2;3;4;0;1;2;3;4;5;6;0;1;2;3;0;1;2;3;4;0;1;2;3","0;0;0;0;0;0;0;0;0;0;0;0;0;0;0;0;0;0;0;0;0;0;0;0;0;0;0;0;0;0;0;0;0;0;0;0;0;0;0;0;0;0;0;0;0;0;0;0;0;0;0;0;0;0;0;0;0","Imported from Hevy"
1970-01-01,imported_hevy,15_mar_2025,_02:52,"15 Mar 2025, 02:52",65,"0;1;2;3;4;0;1;2;3;4;5;0;1;2;3;0;1;0;1;2;3;4;0;1;2;0;1;2;3;4;5;6;7;8;9;10;11;12;0;1;2;3;0;1;2;3;0;0;1;2;3;0;1;2;3;4;0;1;2;3;0;1;2;3;4","0;0;0;0;0;0;0;0;0;0;0;0;0;0;0;0;0;0;0;0;0;0;0;0;0;0;0;0;0;0;0;0;0;0;0;0;0;0;0;0;0;0;0;0;0;0;0;0;0;0;0;0;0;0;0;0;0;0;0;0;0;0;0;0;0","Imported from Hevy"
1970-01-01,imported_hevy,8_mar_2025,_04:25,"8 Mar 2025, 04:25",58,"0;1;2;3;0;1;2;3;4;5;0;1;2;3;0;1;2;0;1;2;3;4;0;1;2;3;0;1;2;3;4;5;6;7;0;1;2;3;0;1;2;3;0;1;2;3;0;1;2;3;4;5;6;7;0;1;2;3","0;0;0;0;0;0;0;0;0;0;0;0;0;0;0;0;0;0;0;0;0;0;0;0;0;0;0;0;0;0;0;0;0;0;0;0;0;0;0;0;0;0;0;0;0;0;0;0;0;0;0;0;0;0;0;0;0;0","Imported from Hevy"
1970-01-01,imported_hevy,1_mar_2025,_04:59,"1 Mar 2025, 04:59",58,"0;1;2;3;0;1;2;3;4;5;0;1;2;3;4;0;1;2;3;4;5;6;7;8;0;1;2;3;0;1;2;3;4;5;6;7;0;1;2;3;0;1;2;3;0;1;2;3;4;5;0;1;2;3;0;1;2;3","0;0;0;0;0;0;0;0;0;0;0;0;0;0;0;0;0;0;0;0;0;0;0;0;0;0;0;0;0;0;0;0;0;0;0;0;0;0;0;0;0;0;0;0;0;0;0;0;0;0;0;0;0;0;0;0;0;0","Imported from Hevy"
1970-01-01,imported_hevy,22_feb_2025,_04:32,"22 Feb 2025, 04:32",61,"0;1;2;3;0;1;2;3;4;0;1;2;3;0;1;2;3;4;5;6;7;8;9;0;1;2;3;0;1;2;3;4;5;6;7;8;9;10;11;0;1;2;0;1;2;3;0;1;2;3;4;5;0;1;2;3;4;0;1;2;3","0;0;0;0;0;0;0;0;0;0;0;0;0;0;0;0;0;0;0;0;0;0;0;0;0;0;0;0;0;0;0;0;0;0;0;0;0;0;0;0;0;0;0;0;0;0;0;0;0;0;0;0;0;0;0;0;0;0;0;0;0","Imported from Hevy"
1970-01-01,imported_hevy,15_feb_2025,_02:00,"15 Feb 2025, 02:00",52,"0;1;2;3;0;1;2;3;4;0;1;2;3;0;1;2;3;4;5;6;7;8;0;1;2;3;0;1;2;3;0;1;2;3;4;5;6;7;0;1;2;3;0;1;2;3;0;1;2;3;4;5","0;0;0;0;0;0;0;0;0;0;0;0;0;0;0;0;0;0;0;0;0;0;0;0;0;0;0;0;0;0;0;0;0;0;0;0;0;0;0;0;0;0;0;0;0;0;0;0;0;0;0;0","Imported from Hevy"
1970-01-01,imported_hevy,8_feb_2025,_01:52,"8 Feb 2025, 01:52",66,"0;1;2;3;4;0;1;2;3;4;0;1;2;3;0;1;2;3;4;5;6;7;8;0;1;2;0;1;2;3;0;1;2;3;4;5;6;7;8;9;10;11;0;1;2;3;0;1;2;3;0;1;2;3;0;1;2;3;4;0;1;2;3;0;1;0","0;0;0;0;0;0;0;0;0;0;0;0;0;0;0;0;0;0;0;0;0;0;0;0;0;0;0;0;0;0;0;0;0;0;0;0;0;0;0;0;0;0;0;0;0;0;0;0;0;0;0;0;0;0;0;0;0;0;0;0;0;0;0;0;0;0","Imported from Hevy"
1970-01-01,imported_hevy,1_feb_2025,_01:52,"1 Feb 2025, 01:52",72,"0;1;2;3;4;0;1;2;3;4;5;0;1;2;3;0;1;2;3;4;5;6;7;8;9;10;11;0;1;2;3;0;1;2;3;0;1;2;3;4;5;6;7;8;9;10;11;0;1;2;3;0;1;2;3;0;1;2;3;0;1;2;3;4;0;1;2;3;0;1;2;3","0;0;0;0;0;0;0;0;0;0;0;0;0;0;0;0;0;0;0;0;0;0;0;0;0;0;0;0;0;0;0;0;0;0;0;0;0;0;0;0;0;0;0;0;0;0;0;0;0;0;0;0;0;0;0;0;0;0;0;0;0;0;0;0;0;0;0;0;0;0;0;0","Imported from Hevy"
1970-01-01,imported_hevy,25_jan_2025,_01:56,"25 Jan 2025, 01:56",65,"0;1;2;3;4;0;1;2;3;4;0;1;2;3;0;1;2;3;4;5;6;7;8;9;10;11;0;1;2;3;0;1;2;3;0;1;2;3;4;0;1;2;0;1;2;3;0;1;2;3;0;1;2;3;0;1;2;3;0;1;2;3;0;1;2","0;0;0;0;0;0;0;0;0;0;0;0;0;0;0;0;0;0;0;0;0;0;0;0;0;0;0;0;0;0;0;0;0;0;0;0;0;0;0;0;0;0;0;0;0;0;0;0;0;0;0;0;0;0;0;0;0;0;0;0;0;0;0;0;0","Imported from Hevy"
1970-01-01,imported_hevy,18_jan_2025,_02:09,"18 Jan 2025, 02:09",68,"0;1;2;3;4;0;1;2;3;4;0;1;2;3;0;1;2;3;4;5;6;7;8;9;10;11;0;1;2;3;4;0;1;2;3;4;5;6;7;8;9;10;11;0;1;2;3;0;1;2;0;1;0;1;2;3;0;1;2;3;0;1;2;3;0;1;2;3","0;0;0;0;0;0;0;0;0;0;0;0;0;0;0;0;0;0;0;0;0;0;0;0;0;0;0;0;0;0;0;0;0;0;0;0;0;0;0;0;0;0;0;0;0;0;0;0;0;0;0;0;0;0;0;0;0;0;0;0;0;0;0;0;0;0;0;0","Imported from Hevy"
1970-01-01,imported_hevy,11_jan_2025,_03:01,"11 Jan 2025, 03:01",55,"0;1;2;3;0;1;2;3;4;5;6;7;8;0;1;2;3;4;0;1;2;3;4;0;1;2;3;4;5;6;7;0;1;2;3;4;0;1;2;3;0;1;0;0;1;2;3;0;1;2;3;0;1;2;3","0;0;0;0;0;0;0;0;0;0;0;0;0;0;0;0;0;0;0;0;0;0;0;0;0;0;0;0;0;0;0;0;0;0;0;0;0;0;0;0;0;0;0;0;0;0;0;0;0;0;0;0;0;0;0","Imported from Hevy"
1970-01-01,imported_hevy,4_jan_2025,_05:28,"4 Jan 2025, 05:28",66,"0;1;2;3;4;0;1;2;3;4;0;1;2;3;0;1;2;3;4;5;6;7;8;9;10;11;0;1;2;3;0;1;2;3;0;0;1;2;3;4;5;0;1;2;3;0;1;2;3;4;5;6;7;0;1;2;3;0;1;2;3;0;1;2;3;0","0;0;0;0;0;0;0;0;0;0;0;0;0;0;0;0;0;0;0;0;0;0;0;0;0;0;0;0;0;0;0;0;0;0;0;0;0;0;0;0;0;0;0;0;0;0;0;0;0;0;0;0;0;0;0;0;0;0;0;0;0;0;0;0;0;0","Imported from Hevy"
1970-01-01,imported_hevy,28_dec_2024,_02:47,"28 Dec 2024, 02:47",67,"0;1;2;3;4;0;1;2;3;4;0;1;2;3;0;1;2;3;4;0;1;2;3;0;1;2;3;0;1;2;3;0;1;2;3;4;5;6;7;0;1;2;3;0;1;2;3;4;5;6;7;0;1;2;3;0;1;2;3;0;1;2;3;0;1;2;3","0;0;0;0;0;0;0;0;0;0;0;0;0;0;0;0;0;0;0;0;0;0;0;0;0;0;0;0;0;0;0;0;0;0;0;0;0;0;0;0;0;0;0;0;0;0;0;0;0;0;0;0;0;0;0;0;0;0;0;0;0;0;0;0;0;0;0","Imported from Hevy"
1970-01-01,imported_hevy,21_dec_2024,_04:53,"21 Dec 2024, 04:53",72,"0;1;2;3;4;0;1;2;3;4;0;1;2;3;4;5;6;7;8;9;10;11;12;13;0;1;2;3;0;1;2;3;0;1;2;3;0;1;2;3;4;5;6;7;0;1;2;3;0;1;2;3;4;5;6;7;8;9;10;0;1;2;3;0;1;2;3;0;1;2;3;4","0;0;0;0;0;0;0;0;0;0;0;0;0;0;0;0;0;0;0;0;0;0;0;0;0;0;0;0;0;0;0;0;0;0;0;0;0;0;0;0;0;0;0;0;0;0;0;0;0;0;0;0;0;0;0;0;0;0;0;0;0;0;0;0;0;0;0;0;0;0;0;0","Imported from Hevy"
1970-01-01,imported_hevy,14_dec_2024,_02:28,"14 Dec 2024, 02:28",63,"0;1;2;3;4;5;0;1;2;3;4;0;1;2;3;4;5;6;7;8;9;10;0;1;2;3;0;1;2;3;0;1;2;3;0;1;2;3;4;5;6;7;0;1;2;3;0;1;2;3;4;5;6;7;8;9;10;11;12;0;1;2;3","0;0;0;0;0;0;0;0;0;0;0;0;0;0;0;0;0;0;0;0;0;0;0;0;0;0;0;0;0;0;0;0;0;0;0;0;0;0;0;0;0;0;0;0;0;0;0;0;0;0;0;0;0;0;0;0;0;0;0;0;0;0;0","Imported from Hevy"
1970-01-01,imported_hevy,7_dec_2024,_01:59,"7 Dec 2024, 01:59",64,"0;1;2;3;4;5;0;1;2;3;4;0;1;2;3;4;5;6;7;8;9;10;0;1;2;3;0;1;2;3;0;1;2;3;0;1;2;3;4;5;6;7;0;1;2;3;0;1;2;3;4;5;6;7;8;9;10;11;12;13;0;1;2;3","0;0;0;0;0;0;0;0;0;0;0;0;0;0;0;0;0;0;0;0;0;0;0;0;0;0;0;0;0;0;0;0;0;0;0;0;0;0;0;0;0;0;0;0;0;0;0;0;0;0;0;0;0;0;0;0;0;0;0;0;0;0;0;0","Imported from Hevy"
1970-01-01,imported_hevy,30_nov_2024,_02:21,"30 Nov 2024, 02:21",81,"0;1;2;3;4;0;1;2;3;4;0;1;2;3;4;5;6;7;8;9;10;11;12;13;0;1;2;3;0;1;2;3;0;1;2;3;0;1;2;3;4;5;6;7;8;9;0;1;2;3;4;5;0;1;2;3;4;0;1;2;3;0;1;2;3;4;5;6;7;0;1;2;3;0;1;2;3;0;1;2;3","0;0;0;0;0;0;0;0;0;0;0;0;0;0;0;0;0;0;0;0;0;0;0;0;0;0;0;0;0;0;0;0;0;0;0;0;0;0;0;0;0;0;0;0;0;0;0;0;0;0;0;0;0;0;0;0;0;0;0;0;0;0;0;0;0;0;0;0;0;0;0;0;0;0;0;0;0;0;0;0;0","Imported from Hevy"
1970-01-01,imported_hevy,23_nov_2024,_02:16,"23 Nov 2024, 02:16",57,"0;1;2;3;4;0;1;2;3;4;0;1;2;3;0;1;2;3;0;1;2;3;0;1;2;3;4;5;6;7;8;9;0;1;2;3;0;1;2;3;0;1;2;3;0;1;2;3;0;1;2;3;0;1;2;3;4","0;0;0;0;0;0;0;0;0;0;0;0;0;0;0;0;0;0;0;0;0;0;0;0;0;0;0;0;0;0;0;0;0;0;0;0;0;0;0;0;0;0;0;0;0;0;0;0;0;0;0;0;0;0;0;0;0","Imported from Hevy"
1970-01-01,imported_hevy,16_nov_2024,_05:00,"16 Nov 2024, 05:00",73,"0;1;2;3;4;0;1;2;3;4;0;1;2;3;4;5;6;7;8;9;0;1;2;3;4;0;1;2;3;0;1;2;0;1;2;3;4;5;0;1;2;3;0;1;2;3;4;0;1;2;3;0;1;2;3;4;0;1;2;3;0;1;2;3;4;5;0;1;2;3;4;5;6","0;0;0;0;0;0;0;0;0;0;0;0;0;0;0;0;0;0;0;0;0;0;0;0;0;0;0;0;0;0;0;0;0;0;0;0;0;0;0;0;0;0;0;0;0;0;0;0;0;0;0;0;0;0;0;0;0;0;0;0;0;0;0;0;0;0;0;0;0;0;0;0;0","Imported from Hevy"
1970-01-01,imported_hevy,9_nov_2024,_02:46,"9 Nov 2024, 02:46",58,"0;1;2;3;4;0;1;2;3;4;0;1;2;3;4;5;6;7;8;9;10;0;1;2;3;0;1;2;3;0;1;2;3;0;1;2;3;4;5;6;7;8;9;0;1;2;3;0;1;2;3;0;1;2;3;0;1;2","0;0;0;0;0;0;0;0;0;0;0;0;0;0;0;0;0;0;0;0;0;0;0;0;0;0;0;0;0;0;0;0;0;0;0;0;0;0;0;0;0;0;0;0;0;0;0;0;0;0;0;0;0;0;0;0;0;0","Imported from Hevy"
1970-01-01,imported_hevy,19_oct_2024,_02:34,"19 Oct 2024, 02:34",52,"0;1;2;3;4;0;1;2;3;4;0;1;2;3;4;5;6;0;1;2;3;0;1;2;3;0;1;2;3;0;1;2;3;4;5;6;7;8;9;10;0;1;2;3;0;0;1;2;3;0;1;2","0;0;0;0;0;0;0;0;0;0;0;0;0;0;0;0;0;0;0;0;0;0;0;0;0;0;0;0;0;0;0;0;0;0;0;0;0;0;0;0;0;0;0;0;0;0;0;0;0;0;0;0","Imported from Hevy"
1970-01-01,imported_hevy,5_oct_2024,_03:01,"5 Oct 2024, 03:01",45,"0;1;2;3;4;0;1;2;3;4;0;1;2;3;4;5;6;0;1;2;3;0;1;2;3;0;1;2;3;0;1;2;3;4;5;6;7;8;9;10;11;0;1;2;3","0;0;0;0;0;0;0;0;0;0;0;0;0;0;0;0;0;0;0;0;0;0;0;0;0;0;0;0;0;0;0;0;0;0;0;0;0;0;0;0;0;0;0;0;0","Imported from Hevy"
1970-01-01,imported_hevy,28_sep_2024,_03:25,"28 Sep 2024, 03:25",53,"0;1;2;3;0;1;2;3;4;0;1;2;3;4;5;6;0;1;2;3;0;1;2;3;4;5;6;7;8;9;10;0;1;2;3;0;1;2;3;0;1;2;3;0;1;2;3;4;0;1;2;3;0","0;0;0;0;0;0;0;0;0;0;0;0;0;0;0;0;0;0;0;0;0;0;0;0;0;0;0;0;0;0;0;0;0;0;0;0;0;0;0;0;0;0;0;0;0;0;0;0;0;0;0;0;0","Imported from Hevy"
1970-01-01,imported_hevy,21_sep_2024,_09:10,"21 Sep 2024, 09:10",25,"0;1;2;0;1;2;3;0;1;0;1;2;0;1;2;3;4;5;0;1;2;0;1;2;0","0;0;0;0;0;0;0;0;0;0;0;0;0;0;0;0;0;0;0;0;0;0;0;0;0","Imported from Hevy"
1970-01-01,imported_hevy,14_sep_2024,_05:08,"14 Sep 2024, 05:08",59,"0;1;2;3;4;0;1;2;3;4;0;1;2;3;4;5;6;7;8;0;1;2;3;4;0;1;2;3;4;5;6;7;8;9;10;11;0;1;2;3;4;0;1;2;3;4;0;1;2;3;0;1;2;3;4;0;1;2;3","0;0;0;0;0;0;0;0;0;0;0;0;0;0;0;0;0;0;0;0;0;0;0;0;0;0;0;0;0;0;0;0;0;0;0;0;0;0;0;0;0;0;0;0;0;0;0;0;0;0;0;0;0;0;0;0;0;0;0","Imported from Hevy"
1970-01-01,imported_hevy,31_aug_2024,_02:57,"31 Aug 2024, 02:57",66,"0;1;2;3;4;0;1;2;3;4;5;6;7;8;0;1;2;3;4;0;1;2;3;4;0;1;2;3;4;0;1;2;3;4;5;6;7;8;9;10;11;12;0;1;2;3;4;0;1;2;3;4;0;1;2;3;4;0;1;2;3;4;0;1;2;3","0;0;0;0;0;0;0;0;0;0;0;0;0;0;0;0;0;0;0;0;0;0;0;0;0;0;0;0;0;0;0;0;0;0;0;0;0;0;0;0;0;0;0;0;0;0;0;0;0;0;0;0;0;0;0;0;0;0;0;0;0;0;0;0;0;0","Imported from Hevy"
1970-01-01,imported_hevy,24_aug_2024,_02:31,"24 Aug 2024, 02:31",76,"0;1;2;3;4;0;1;2;3;4;0;1;2;3;4;5;6;7;8;9;10;11;12;13;14;15;16;0;1;2;3;4;0;1;2;3;4;0;1;2;3;4;0;1;2;3;4;0;1;2;3;4;0;1;2;3;4;0;1;2;3;4;0;1;2;3;4;5;6;7;8;0;1;2;3;4","0;0;0;0;0;0;0;0;0;0;0;0;0;0;0;0;0;0;0;0;0;0;0;0;0;0;0;0;0;0;0;0;0;0;0;0;0;0;0;0;0;0;0;0;0;0;0;0;0;0;0;0;0;0;0;0;0;0;0;0;0;0;0;0;0;0;0;0;0;0;0;0;0;0;0;0","Imported from Hevy"
1970-01-01,imported_hevy,10_aug_2024,_02:19,"10 Aug 2024, 02:19",49,"0;1;2;3;0;1;2;3;4;0;1;2;3;4;5;6;7;0;1;2;3;0;1;2;3;0;1;2;3;0;1;2;3;4;0;1;2;3;4;5;0;1;2;3;0;1;2;3;4","0;0;0;0;0;0;0;0;0;0;0;0;0;0;0;0;0;0;0;0;0;0;0;0;0;0;0;0;0;0;0;0;0;0;0;0;0;0;0;0;0;0;0;0;0;0;0;0;0","Imported from Hevy"
1970-01-01,imported_hevy,3_aug_2024,_03:52,"3 Aug 2024, 03:52",46,"0;1;2;3;0;1;2;3;4;0;1;2;3;4;5;6;0;1;2;3;4;5;0;1;2;3;0;1;2;3;0;1;2;3;4;0;1;2;3;4;5;6;0;1;2;3","0;0;0;0;0;0;0;0;0;0;0;0;0;0;0;0;0;0;0;0;0;0;0;0;0;0;0;0;0;0;0;0;0;0;0;0;0;0;0;0;0;0;0;0;0;0","Imported from Hevy"
1970-01-01,imported_hevy,17_sep_2024,_02:44,"17 Sep 2024, 02:44",76,"0;1;2;3;4;5;6;7;8;9;0;1;2;3;4;0;1;2;3;0;1;2;3;4;5;0;1;2;3;0;1;2;3;0;1;2;3;4;0;1;2;3;0;1;2;3;4;0;1;2;3;4;5;6;7;8;9;0;1;2;3;0;1;2;3;0;1;0;1;2;3;4;0;1;2;3","0;0;0;0;0;0;0;0;0;0;0;0;0;0;0;0;0;0;0;0;0;0;0;0;0;0;0;0;0;0;0;0;0;0;0;0;0;0;0;0;0;0;0;0;0;0;0;0;0;0;0;0;0;0;0;0;0;0;0;0;0;0;0;0;0;0;0;0;0;0;0;0;0;0;0;0","Imported from Hevy"
1970-01-01,imported_hevy,12_sep_2024,_05:09,"12 Sep 2024, 05:09",91,"0;1;2;3;4;0;1;2;3;4;0;1;2;3;0;1;2;3;0;1;2;3;0;1;2;3;0;1;2;3;0;1;2;3;4;5;6;7;0;1;2;3;0;1;2;3;0;1;2;3;0;1;2;3;0;1;2;3;0;1;2;3;0;1;2;3;4;0;1;2;3;4;5;6;0;0;1;2;3;0;1;2;3;4;5;6;7;8;9;10;11","0;0;0;0;0;0;0;0;0;0;0;0;0;0;0;0;0;0;0;0;0;0;0;0;0;0;0;0;0;0;0;0;0;0;0;0;0;0;0;0;0;0;0;0;0;0;0;0;0;0;0;0;0;0;0;0;0;0;0;0;0;0;0;0;0;0;0;0;0;0;0;0;0;0;0;0;0;0;0;0;0;0;0;0;0;0;0;0;0;0;0","Imported from Hevy"
1970-01-01,imported_hevy,9_sep_2024,_06:58,"9 Sep 2024, 06:58",65,"0;1;2;3;4;0;1;2;3;4;0;1;2;3;0;1;2;3;0;1;2;3;0;1;2;3;0;1;2;3;0;1;2;3;4;5;6;7;0;1;2;3;0;1;2;3;0;1;2;3;0;1;2;3;4;5;0;0;1;2;3;0;1;2;3","0;0;0;0;0;0;0;0;0;0;0;0;0;0;0;0;0;0;0;0;0;0;0;0;0;0;0;0;0;0;0;0;0;0;0;0;0;0;0;0;0;0;0;0;0;0;0;0;0;0;0;0;0;0;0;0;0;0;0;0;0;0;0;0;0","Imported from Hevy"
1970-01-01,imported_hevy,5_sep_2024,_04:36,"5 Sep 2024, 04:36",94,"0;1;2;3;4;5;6;7;0;1;2;3;0;1;2;3;0;1;2;3;0;1;2;3;0;1;2;3;4;5;6;7;0;1;2;3;4;0;1;2;3;4;5;6;0;1;2;3;4;5;6;7;0;1;2;3;4;5;6;7;0;1;2;3;4;5;6;7;8;9;0;1;2;3;4;0;1;2;3;4;0;1;2;3;0;1;2;3;4;0;0;1;2;3","0;0;0;0;0;0;0;0;0;0;0;0;0;0;0;0;0;0;0;0;0;0;0;0;0;0;0;0;0;0;0;0;0;0;0;0;0;0;0;0;0;0;0;0;0;0;0;0;0;0;0;0;0;0;0;0;0;0;0;0;0;0;0;0;0;0;0;0;0;0;0;0;0;0;0;0;0;0;0;0;0;0;0;0;0;0;0;0;0;0;0;0;0;0","Imported from Hevy"
1970-01-01,imported_hevy,2_sep_2024,_06:54,"2 Sep 2024, 06:54",66,"0;1;2;3;4;0;1;2;3;0;1;2;3;0;1;2;3;0;1;2;3;4;5;6;7;8;0;1;2;3;1;2;3;4;0;1;2;3;0;1;2;3;4;5;6;7;9;0;1;2;3;4;0;1;2;0;1;2;0;1;2;3;0;1;2;3","0;0;0;0;0;0;0;0;0;0;0;0;0;0;0;0;0;0;0;0;0;0;0;0;0;0;0;0;0;0;0;0;0;0;0;0;0;0;0;0;0;0;0;0;0;0;0;0;0;0;0;0;0;0;0;0;0;0;0;0;0;0;0;0;0;0","Imported from Hevy"
1970-01-01,imported_hevy,29_aug_2024,_02:55,"29 Aug 2024, 02:55",117,"0;1;2;3;4;0;1;2;3;4;5;6;7;0;1;2;3;4;5;6;0;1;2;3;4;0;1;2;3;4;5;0;1;2;3;4;5;6;0;1;2;3;4;5;6;7;8;9;10;11;12;13;0;1;2;3;4;5;6;7;1;2;3;4;5;6;0;1;2;3;4;5;6;7;8;9;10;11;0;1;2;3;4;5;6;0;1;2;3;4;0;1;2;3;4;0;1;2;3;4;0;1;2;3;4;0;1;2;3;4;0;1;2;3;4;0;1","0;0;0;0;0;0;0;0;0;0;0;0;0;0;0;0;0;0;0;0;0;0;0;0;0;0;0;0;0;0;0;0;0;0;0;0;0;0;0;0;0;0;0;0;0;0;0;0;0;0;0;0;0;0;0;0;0;0;0;0;0;0;0;0;0;0;0;0;0;0;0;0;0;0;0;0;0;0;0;0;0;0;0;0;0;0;0;0;0;0;0;0;0;0;0;0;0;0;0;0;0;0;0;0;0;0;0;0;0;0;0;0;0;0;0;0;0","Imported from Hevy"
1970-01-01,imported_hevy,26_aug_2024,_06:54,"26 Aug 2024, 06:54",78,"0;1;2;3;4;0;1;2;3;4;5;6;7;8;9;10;11;0;1;2;3;4;5;6;7;8;9;10;11;0;1;2;3;4;5;6;0;1;2;3;4;5;6;0;1;2;3;4;0;1;2;3;4;0;1;2;3;4;5;6;0;1;2;3;4;5;6;0;1;2;3;4;5;0;1;2;3;4","0;0;0;0;0;0;0;0;0;0;0;0;0;0;0;0;0;0;0;0;0;0;0;0;0;0;0;0;0;0;0;0;0;0;0;0;0;0;0;0;0;0;0;0;0;0;0;0;0;0;0;0;0;0;0;0;0;0;0;0;0;0;0;0;0;0;0;0;0;0;0;0;0;0;0;0;0;0","Imported from Hevy"
1970-01-01,imported_hevy,22_aug_2024,_03:38,"22 Aug 2024, 03:38",93,"0;1;2;3;4;0;1;2;3;4;5;6;7;8;9;0;1;2;3;4;5;6;7;8;9;10;11;0;1;2;3;4;0;1;2;3;4;5;0;1;2;3;4;0;1;2;3;4;0;1;2;3;0;1;2;3;4;0;1;2;3;4;0;1;2;3;4;5;0;1;2;3;4;5;0;1;2;3;4;5;6;0;1;2;3;4;5;6;0;1;2;3;4","0;0;0;0;0;0;0;0;0;0;0;0;0;0;0;0;0;0;0;0;0;0;0;0;0;0;0;0;0;0;0;0;0;0;0;0;0;0;0;0;0;0;0;0;0;0;0;0;0;0;0;0;0;0;0;0;0;0;0;0;0;0;0;0;0;0;0;0;0;0;0;0;0;0;0;0;0;0;0;0;0;0;0;0;0;0;0;0;0;0;0;0;0","Imported from Hevy"
1970-01-01,imported_hevy,19_aug_2024,_06:55,"19 Aug 2024, 06:55",71,"0;1;2;3;4;0;1;2;3;4;5;6;7;8;9;0;1;2;3;4;5;6;7;0;1;2;3;4;0;1;2;3;4;0;1;2;3;4;0;1;2;3;4;0;1;2;3;4;0;1;2;3;4;5;0;1;2;3;4;5;0;1;2;3;4;0;1;2;3;4;5","0;0;0;0;0;0;0;0;0;0;0;0;0;0;0;0;0;0;0;0;0;0;0;0;0;0;0;0;0;0;0;0;0;0;0;0;0;0;0;0;0;0;0;0;0;0;0;0;0;0;0;0;0;0;0;0;0;0;0;0;0;0;0;0;0;0;0;0;0;0;0","Imported from Hevy"
1970-01-01,imported_hevy,12_aug_2024,_06:55,"12 Aug 2024, 06:55",49,"0;1;2;3;0;1;2;3;0;1;2;3;4;0;1;2;3;4;5;6;7;0;1;2;3;0;1;2;3;0;1;2;0;1;2;3;0;1;2;3;0;1;2;3;4;0;1;2;3","0;0;0;0;0;0;0;0;0;0;0;0;0;0;0;0;0;0;0;0;0;0;0;0;0;0;0;0;0;0;0;0;0;0;0;0;0;0;0;0;0;0;0;0;0;0;0;0;0","Imported from Hevy"
1970-01-01,imported_hevy,8_aug_2024,_02:53,"8 Aug 2024, 02:53",80,"0;1;2;3;4;0;1;2;3;0;1;2;3;4;0;1;2;3;4;5;6;7;0;1;2;3;0;1;2;3;0;1;2;3;0;1;2;3;4;0;1;2;3;0;1;2;3;4;0;1;2;3;4;0;1;2;3;0;1;2;3;4;0;1;2;3;4;0;1;2;3;4;0;1;2;3;0;1;2;3","0;0;0;0;0;0;0;0;0;0;0;0;0;0;0;0;0;0;0;0;0;0;0;0;0;0;0;0;0;0;0;0;0;0;0;0;0;0;0;0;0;0;0;0;0;0;0;0;0;0;0;0;0;0;0;0;0;0;0;0;0;0;0;0;0;0;0;0;0;0;0;0;0;0;0;0;0;0;0;0","Imported from Hevy"
1970-01-01,imported_hevy,5_aug_2024,_06:58,"5 Aug 2024, 06:58",50,"0;1;2;3;0;1;2;3;0;1;2;3;0;1;2;3;4;5;6;7;0;1;2;3;0;0;1;2;0;1;2;3;4;5;0;1;2;3;0;1;2;3;0;1;2;3;0;1;2;3","0;0;0;0;0;0;0;0;0;0;0;0;0;0;0;0;0;0;0;0;0;0;0;0;0;0;0;0;0;0;0;0;0;0;0;0;0;0;0;0;0;0;0;0;0;0;0;0;0;0","Imported from Hevy"
1970-01-01,imported_hevy,1_aug_2024,_03:34,"1 Aug 2024, 03:34",65,"0;1;2;3;0;1;2;3;0;1;2;3;0;1;2;3;4;0;1;2;3;0;1;2;3;0;1;2;3;0;1;2;3;0;1;2;3;0;1;2;3;0;1;2;3;0;0;1;2;3;0;1;2;3;4;0;1;2;3;4;5;0;1;2;3","0;0;0;0;0;0;0;0;0;0;0;0;0;0;0;0;0;0;0;0;0;0;0;0;0;0;0;0;0;0;0;0;0;0;0;0;0;0;0;0;0;0;0;0;0;0;0;0;0;0;0;0;0;0;0;0;0;0;0;0;0;0;0;0;0","Imported from Hevy"
1970-01-01,imported_hevy,29_jul_2024,_07:02,"29 Jul 2024, 07:02",47,"0;1;2;3;0;1;2;3;0;1;2;3;0;1;2;3;4;0;1;2;3;0;1;2;3;0;1;2;3;0;1;2;3;0;1;2;3;0;1;2;3;0;1;2;3;0;1","0;0;0;0;0;0;0;0;0;0;0;0;0;0;0;0;0;0;0;0;0;0;0;0;0;0;0;0;0;0;0;0;0;0;0;0;0;0;0;0;0;0;0;0;0;0;0","Imported from Hevy"
1970-01-01,imported_hevy,25_jul_2024,_03:06,"25 Jul 2024, 03:06",69,"0;1;2;3;4;5;6;7;8;9;10;11;12;0;1;2;3;0;1;2;3;0;1;2;3;0;1;2;3;4;5;0;1;2;3;0;1;2;3;0;1;2;3;0;1;2;3;0;1;2;3;0;1;2;3;0;1;2;3;4;0;1;2;3;0;1;2;3;4","0;0;0;0;0;0;0;0;0;0;0;0;0;0;0;0;0;0;0;0;0;0;0;0;0;0;0;0;0;0;0;0;0;0;0;0;0;0;0;0;0;0;0;0;0;0;0;0;0;0;0;0;0;0;0;0;0;0;0;0;0;0;0;0;0;0;0;0;0","Imported from Hevy"
1970-01-01,imported_hevy,22_jul_2024,_06:58,"22 Jul 2024, 06:58",63,"0;1;2;3;0;1;2;3;0;1;2;3;4;0;1;2;3;0;1;2;3;0;1;2;3;0;1;2;3;4;0;1;2;0;1;2;3;4;5;0;1;2;3;0;1;2;3;0;1;2;3;0;1;2;3;0;1;2;3;0;1;2;3","0;0;0;0;0;0;0;0;0;0;0;0;0;0;0;0;0;0;0;0;0;0;0;0;0;0;0;0;0;0;0;0;0;0;0;0;0;0;0;0;0;0;0;0;0;0;0;0;0;0;0;0;0;0;0;0;0;0;0;0;0;0;0","Imported from Hevy"
1970-01-01,imported_hevy,18_jul_2024,_03:06,"18 Jul 2024, 03:06",56,"0;1;2;3;4;5;0;1;2;3;0;1;2;3;4;5;6;7;8;9;10;0;1;2;3;0;1;2;3;4;5;0;1;2;3;0;1;2;3;0;1;2;3;0;1;2;3;4;0;1;2;3;0;1;2;3","0;0;0;0;0;0;0;0;0;0;0;0;0;0;0;0;0;0;0;0;0;0;0;0;0;0;0;0;0;0;0;0;0;0;0;0;0;0;0;0;0;0;0;0;0;0;0;0;0;0;0;0;0;0;0;0","Imported from Hevy"
1970-01-01,imported_hevy,15_jul_2024,_07:17,"15 Jul 2024, 07:17",65,"0;1;2;3;0;1;2;3;0;1;2;3;0;1;2;3;0;1;2;3;0;1;2;3;0;1;2;3;0;1;2;3;0;1;2;3;4;0;1;2;3;0;1;2;3;0;1;2;3;0;1;2;3;0;1;2;3;0;1;2;3;0;1;2;3","0;0;0;0;0;0;0;0;0;0;0;0;0;0;0;0;0;0;0;0;0;0;0;0;0;0;0;0;0;0;0;0;0;0;0;0;0;0;0;0;0;0;0;0;0;0;0;0;0;0;0;0;0;0;0;0;0;0;0;0;0;0;0;0;0","Imported from Hevy"
1970-01-01,imported_hevy,11_jul_2024,_03:33,"11 Jul 2024, 03:33",54,"0;1;2;3;4;0;1;2;3;0;1;2;3;4;5;6;7;8;0;1;2;0;1;2;3;0;1;2;3;0;1;2;0;1;2;3;0;1;2;3;0;1;2;3;0;1;2;0;0;1;2;0;1;2","0;0;0;0;0;0;0;0;0;0;0;0;0;0;0;0;0;0;0;0;0;0;0;0;0;0;0;0;0;0;0;0;0;0;0;0;0;0;0;0;0;0;0;0;0;0;0;0;0;0;0;0;0;0","Imported from Hevy"
1970-01-01,imported_hevy,8_jul_2024,_06:59,"8 Jul 2024, 06:59",65,"0;1;2;3;4;0;1;2;3;0;1;2;3;0;1;2;3;0;1;2;3;4;0;1;2;0;1;2;3;0;1;2;3;0;1;2;3;0;1;2;3;0;1;2;3;0;1;2;3;0;1;2;3;0;1;2;3;0;1;2;3;0;1;2;3","0;0;0;0;0;0;0;0;0;0;0;0;0;0;0;0;0;0;0;0;0;0;0;0;0;0;0;0;0;0;0;0;0;0;0;0;0;0;0;0;0;0;0;0;0;0;0;0;0;0;0;0;0;0;0;0;0;0;0;0;0;0;0;0;0","Imported from Hevy"
1970-01-01,imported_hevy,3_jul_2024,_03:01,"3 Jul 2024, 03:01",46,"0;1;2;3;0;1;2;3;4;5;0;1;2;0;1;2;3;4;0;1;2;3;0;1;2;3;4;5;0;1;2;3;4;5;0;1;2;3;0;1;2;3;0;1;2;3","0;0;0;0;0;0;0;0;0;0;0;0;0;0;0;0;0;0;0;0;0;0;0;0;0;0;0;0;0;0;0;0;0;0;0;0;0;0;0;0;0;0;0;0;0;0","Imported from Hevy"
1970-01-01,imported_hevy,1_jul_2024,_07:02,"1 Jul 2024, 07:02",37,"0;1;2;3;4;0;1;2;3;0;1;2;3;0;1;2;3;0;1;2;3;0;1;2;3;0;1;2;3;0;1;2;3;0;1;2;3","0;0;0;0;0;0;0;0;0;0;0;0;0;0;0;0;0;0;0;0;0;0;0;0;0;0;0;0;0;0;0;0;0;0;0;0;0","Imported from Hevy"
1970-01-01,imported_hevy,25_may_2024,_09:04,"25 May 2024, 09:04",44,"0;1;2;3;4;5;0;1;2;3;4;5;0;1;2;3;4;0;1;2;3;0;1;2;3;4;5;0;1;2;3;0;1;2;0;1;2;0;1;2;3;0;1;2","0;0;0;0;0;0;0;0;0;0;0;0;0;0;0;0;0;0;0;0;0;0;0;0;0;0;0;0;0;0;0;0;0;0;0;0;0;0;0;0;0;0;0;0","Imported from Hevy"
1970-01-01,imported_hevy,28_may_2024,_11:48,"28 May 2024, 11:48",37,"0;1;2;0;1;2;3;0;1;2;0;1;2;0;1;2;3;0;1;2;3;0;1;2;0;1;2;3;0;1;2;3;0;1;2;3;0","0;0;0;0;0;0;0;0;0;0;0;0;0;0;0;0;0;0;0;0;0;0;0;0;0;0;0;0;0;0;0;0;0;0;0;0;0","Imported from Hevy"